distance_from_injection_km,DEM_ENU_height_km
-2.000000000000000111e-01,4.513400048579631063e-01
-1.945266763774441965e-01,4.518758728776072209e-01
-1.890533527548883819e-01,4.524117408972513354e-01
-1.835800291323325673e-01,4.529530860453628294e-01
-1.781067055097767526e-01,4.541626877523583516e-01
-1.726333818872209380e-01,4.554077337302733230e-01
-1.671600582646651234e-01,4.566527797081882944e-01
-1.616867346421093088e-01,4.578978256861030438e-01
-1.562134110195534942e-01,4.591428716640177932e-01
-1.507400873969976796e-01,4.603380101054326823e-01
-1.452667637744418649e-01,4.615833574307298681e-01
-1.397934401518860503e-01,4.628287047560270540e-01
-1.343201165293302357e-01,4.640740520813242398e-01
-1.288467929067744211e-01,4.653193994066214256e-01
-1.233734692842186204e-01,4.665647467319186115e-01
-1.179001456616628057e-01,4.682055954403790410e-01
-1.124268220391069911e-01,4.699826403564911770e-01
-1.069534984165511765e-01,4.717596852726028134e-01
-1.014801747939953619e-01,4.735367301887149494e-01
-9.600685117143954728e-02,4.753137751048266413e-01
-9.053352754888373266e-02,4.771320783122485198e-01
-8.506020392632791804e-02,4.785540401423963863e-01
-7.958688030377210343e-02,4.799760019725443083e-01
-7.411355668121630269e-02,4.813979638026921748e-01
-6.864023305866048807e-02,4.828199256328400413e-01
-6.316690943610467346e-02,4.842418874629879633e-01
-5.769358581354885884e-02,4.853471846386124833e-01
-5.222026219099304423e-02,4.858824267222565108e-01
-4.674693856843722961e-02,4.864176688059006493e-01
-4.127361494588141499e-02,4.869529108895446767e-01
-3.580029132332560038e-02,4.874881529731887597e-01
-3.032696770076978576e-02,4.880233950568328427e-01
-2.485364407821397115e-02,4.886604025058868261e-01
-1.938032045565815653e-02,4.893731188311609137e-01
-1.390699683310234192e-02,4.900858351564350013e-01
-8.433673210546527299e-03,4.907985514817090889e-01
-2.960349587990712683e-03,4.915112678069830099e-01
2.512974034565101933e-03,4.922540181139742343e-01
7.986297657120916549e-03,4.931439160272457212e-01
1.345962127967673116e-02,4.940338139405170970e-01
1.893294490223254578e-02,4.949237118537885283e-01
2.440626852478836040e-02,4.958136097670599041e-01
2.987959214734417501e-02,4.967035076803313354e-01
3.535291576989998963e-02,4.976736074704397050e-01
4.082623939245580424e-02,4.987407946391785862e-01
4.629956301501161886e-02,4.998079818079175785e-01
5.177288663756740572e-02,5.008751689766566262e-01
5.724621026012322034e-02,5.019423561453956184e-01
6.271953388267903495e-02,5.030095433141344996e-01
6.819285750523484957e-02,5.039450299572751923e-01
7.366618112779066418e-02,5.048347679614393346e-01
7.913950475034647880e-02,5.057245059656033659e-01
8.461282837290229342e-02,5.066142439697676192e-01
9.008615199545810803e-02,5.075039819739316505e-01
9.555947561801392265e-02,5.083937151237013508e-01
1.010327992405697373e-01,5.092834252392560712e-01
1.065061228631255519e-01,5.101731353548106807e-01
1.119794464856813665e-01,5.110628454703654011e-01
1.174527701082371811e-01,5.119525555859198995e-01
1.229260937307929957e-01,5.128422657014745090e-01
1.283994173533488103e-01,5.140370357703909487e-01
1.338727409759046250e-01,5.154584520711616991e-01
1.393460645984604396e-01,5.168798683719323384e-01
1.448193882210162542e-01,5.183012846727030887e-01
1.502927118435720688e-01,5.197227009734736169e-01
1.557660354661278834e-01,5.211441172742442562e-01
1.612393590886836980e-01,5.227130828413881769e-01
1.667126827112395127e-01,5.243119136735946428e-01
1.721860063337953273e-01,5.259107445058013308e-01
1.776593299563511419e-01,5.275095753380079078e-01
1.831326535789069565e-01,5.291084061702145958e-01
1.886059772014627711e-01,5.308757439749011153e-01
1.940793008240185857e-01,5.331840684818032194e-01
1.995526244465744004e-01,5.354923929887049905e-01
2.050259480691302150e-01,5.378007174956069836e-01
2.104992716916860296e-01,5.401090420025086436e-01
2.159725953142418442e-01,5.424173665094106367e-01
2.214459189367976588e-01,5.448525176658601810e-01
2.269192425593534734e-01,5.473379122004123909e-01
2.323925661819092880e-01,5.498233067349644898e-01
2.378658898044651027e-01,5.523087012695163667e-01
2.433392134270209173e-01,5.547940958040683546e-01
2.488125370495767319e-01,5.572722037652606542e-01
2.542858606721325465e-01,5.592305833156149264e-01
2.597591842946883611e-01,5.611841210426300464e-01
2.652325079172441757e-01,5.631376587696449443e-01
2.707058315397999904e-01,5.650911964966597312e-01
2.761791551623558050e-01,5.670447342236748511e-01
2.816524787849116196e-01,5.693603604143337993e-01
2.871258024074674342e-01,5.723779485573439185e-01
2.925991260300232488e-01,5.753955367003543708e-01
2.980724496525790634e-01,5.784131248433643790e-01
3.035457732751348225e-01,5.814307129863743873e-01
3.090190968976906372e-01,5.844483011293843955e-01
3.144924205202464518e-01,5.870966113564495270e-01
3.199657441428022664e-01,5.895820256044252972e-01
3.254390677653580810e-01,5.920674398524010673e-01
3.309123913879138956e-01,5.945528541003766154e-01
3.363857150104697102e-01,5.970382683483523856e-01
3.418590386330255249e-01,5.995458300945347707e-01
3.473323622555813395e-01,6.022083061804808235e-01
3.528056858781371541e-01,6.048707822664268763e-01
3.582790095006929687e-01,6.075332583523731511e-01
3.637523331232487833e-01,6.101957344383193149e-01
3.692256567458045979e-01,6.128582105242653677e-01
3.746989803683604126e-01,6.156624979423998001e-01
3.801723039909162272e-01,6.186798199644719665e-01
3.856456276134720418e-01,6.216971419865442439e-01
3.911189512360278564e-01,6.247144640086164102e-01
3.965922748585836710e-01,6.277317860306886876e-01
4.020655984811394856e-01,6.307491080527608540e-01
4.075389221036953002e-01,6.332112788876477216e-01
4.130122457262511149e-01,6.355192201978013822e-01
4.184855693488069295e-01,6.378271615079550427e-01
4.239588929713627441e-01,6.401351028181085923e-01
4.294322165939185587e-01,6.424430441282622528e-01
4.349055402164743733e-01,6.447751613847656493e-01
4.403788638390301879e-01,6.472604250979480112e-01
4.458521874615860026e-01,6.497456888111305950e-01
4.513255110841418172e-01,6.522309525243128459e-01
4.567988347066976318e-01,6.547162162374952077e-01
4.622721583292534464e-01,6.572014799506775695e-01
4.677454819518092610e-01,6.598629576522846429e-01
4.732188055743650756e-01,6.627029188081232647e-01
4.786921291969208903e-01,6.655428799639621085e-01
4.841654528194767049e-01,6.683828411198008412e-01
4.896387764420325195e-01,6.712228022756394630e-01
4.951121000645883341e-01,6.740627634314783068e-01
5.005854236871440932e-01,6.764464474720871534e-01
5.060587473097000188e-01,6.787542798012027312e-01
5.115320709322557224e-01,6.810621121303184200e-01
5.170053945548116481e-01,6.833699444594339978e-01
5.224787181773673517e-01,6.856777767885491315e-01
5.279520417999232773e-01,6.878277347882315595e-01
5.334253654224789809e-01,6.894264120091004866e-01
5.388986890450349065e-01,6.910250892299696357e-01
5.443720126675906101e-01,6.926237664508384517e-01
5.498453362901465358e-01,6.942224436717073788e-01
5.553186599127022394e-01,6.958211208925763058e-01
5.607919835352581650e-01,6.969066803605378224e-01
5.662653071578138686e-01,6.976188614524737597e-01
5.717386307803697942e-01,6.983310425444098080e-01
5.772119544029254978e-01,6.990432236363456342e-01
5.826852780254814235e-01,6.997554047282815715e-01
5.881586016480371271e-01,7.004675858202173977e-01
5.936319252705930527e-01,7.005157505910607485e-01
5.991052488931487563e-01,7.005186716823864623e-01
6.045785725157046819e-01,7.005215927737120651e-01
6.100518961382603855e-01,7.005245138650377790e-01
6.155252197608163112e-01,7.005274349563632708e-01
6.209985433833720148e-01,7.004778639126135742e-01
6.264718670059279404e-01,7.003033211108761202e-01
6.319451906284836440e-01,7.001287783091387773e-01
6.374185142510395696e-01,6.999542355074013233e-01
6.428918378735952732e-01,6.997796927056639804e-01
6.483651614961511989e-01,6.996051499039265265e-01
6.538384851187069025e-01,6.993145660604295211e-01
6.593118087412628281e-01,6.989627428696307820e-01
6.647851323638185317e-01,6.986109196788319320e-01
6.702584559863744573e-01,6.982590964880330819e-01
6.757317796089301609e-01,6.979072732972342319e-01
6.812051032314860866e-01,6.975540523321890340e-01
6.866784268540417902e-01,6.970250341947752393e-01
6.921517504765977158e-01,6.964960160573614445e-01
6.976250740991534194e-01,6.959669979199476497e-01
7.030983977217093450e-01,6.954379797825338549e-01
7.085717213442650486e-01,6.949089616451200602e-01
7.140450449668209743e-01,6.945117408316441310e-01
7.195183685893766778e-01,6.943372036239466860e-01
7.249916922119326035e-01,6.941626664162492411e-01
7.304650158344883071e-01,6.939881292085520181e-01
7.359383394570442327e-01,6.938135920008545732e-01
7.414116630795999363e-01,6.936390547931571282e-01
7.468849867021558619e-01,6.933349967631595723e-01
7.523583103247115655e-01,6.929831756431963363e-01
7.578316339472674912e-01,6.926313545232331004e-01
7.633049575698231948e-01,6.922795334032698644e-01
7.687782811923791204e-01,6.919277122833066285e-01
7.742516048149348240e-01,6.915465924634932593e-01
7.797249284374907496e-01,6.908403247432662875e-01
7.851982520600464532e-01,6.901340570230393157e-01
7.906715756826023789e-01,6.894277893028122328e-01
7.961448993051580825e-01,6.887215215825853720e-01
8.016182229277140081e-01,6.880152538623584002e-01
8.070915465502697117e-01,6.870737023649283737e-01
8.125648701728256373e-01,6.858357667377652511e-01
8.180381937953813409e-01,6.845978311106021286e-01
8.235115174179372666e-01,6.833598954834387840e-01
8.289848410404929702e-01,6.821219598562756614e-01
8.344581646630488958e-01,6.808840242291123168e-01
8.399314882856045994e-01,6.797856998064247813e-01
8.454048119081605250e-01,6.787248980182666314e-01
8.508781355307162286e-01,6.776640962301085924e-01
8.563514591532721543e-01,6.766032944419506645e-01
8.618247827758278579e-01,6.755424926537927366e-01
8.672981063983837835e-01,6.743759115522230951e-01
8.727714300209394871e-01,6.726063684232309603e-01
8.782447536434954127e-01,6.708368252942388255e-01
8.837180772660511163e-01,6.690672821652469127e-01
8.891914008886070420e-01,6.672977390362548888e-01
8.946647245111627456e-01,6.655281959072629760e-01
9.001380481337186712e-01,6.640206505367211021e-01
9.056113717562743748e-01,6.627824925956645741e-01
9.110846953788303004e-01,6.615443346546080461e-01
9.165580190013860040e-01,6.603061767135516291e-01
9.220313426239419297e-01,6.590680187724952122e-01
9.275046662464976333e-01,6.578298608314386842e-01
9.329779898690535589e-01,6.565916770853451601e-01
9.384513134916092625e-01,6.553534898266476505e-01
9.439246371141651881e-01,6.541153025679501409e-01
9.493979607367208917e-01,6.528771153092526314e-01
9.548712843592768174e-01,6.516389280505551218e-01
9.603446079818325209e-01,6.504053757073843256e-01
9.658179316043884466e-01,6.491672261138434763e-01
9.712912552269441502e-01,6.479290765203029601e-01
9.767645788495000758e-01,6.466909269267622218e-01
9.822379024720557794e-01,6.454527773332215945e-01
9.877112260946117051e-01,6.442146277396809673e-01
9.931845497171674086e-01,6.428656279969527931e-01
9.986578733397233343e-01,6.414501580606374320e-01
1.004131196962279038e+00,6.400346881243219599e-01
1.009604520584834964e+00,6.386192181880067098e-01
1.015077844207390667e+00,6.372037482516914597e-01
1.020551167829946593e+00,6.357882783153758766e-01
1.026024491452502296e+00,6.335265263232049415e-01
1.031497815075058222e+00,6.312249903968154552e-01
1.036971138697613926e+00,6.289234544704258578e-01
1.042444462320169851e+00,6.266219185440363715e-01
1.047917785942725555e+00,6.243203826176471072e-01
1.053391109565281480e+00,6.220244880509709917e-01
1.058864433187837184e+00,6.197229645860360403e-01
1.064337756810393110e+00,6.174214411211008668e-01
1.069811080432948813e+00,6.151199176561659154e-01
1.075284404055504739e+00,6.128183941912312971e-01
1.080757727678060442e+00,6.105168707262963457e-01
1.086231051300616368e+00,6.085718169019330714e-01
1.091704374923172072e+00,6.068018766608377357e-01
1.097177698545727997e+00,6.050319364197421779e-01
1.102651022168283701e+00,6.032619961786465090e-01
1.108124345790839627e+00,6.014920559375511733e-01
1.113597669413395330e+00,5.997119678182226687e-01
1.119070993035951256e+00,5.974115870996719035e-01
1.124544316658506959e+00,5.951100411370958687e-01
1.130017640281062885e+00,5.928084951745198339e-01
1.135490963903618589e+00,5.905069492119440211e-01
1.140964287526174514e+00,5.882054032493679863e-01
1.146437611148730218e+00,5.858777267136988653e-01
1.151910934771286144e+00,5.835759507057416418e-01
1.157384258393841847e+00,5.812741746977845292e-01
1.162857582016397773e+00,5.789723986898275276e-01
1.168330905638953476e+00,5.766706226818707481e-01
1.173804229261509402e+00,5.743688466739138576e-01
1.179277552884065106e+00,5.724695104212697006e-01
1.184750876506621031e+00,5.706993564945866959e-01
1.190224200129176735e+00,5.689292025679042464e-01
1.195697523751732660e+00,5.671590486412216858e-01
1.201170847374288364e+00,5.653888947145390143e-01
1.206644170996844068e+00,5.636770589429138667e-01
1.212117494619399993e+00,5.626156263835794258e-01
1.217590818241955697e+00,5.615541938242449849e-01
1.223064141864511623e+00,5.604927612649105440e-01
1.228537465487067326e+00,5.594313287055761030e-01
1.234010789109623252e+00,5.583698961462416621e-01
1.239484112732178955e+00,5.569151833291021703e-01
1.244957436354734881e+00,5.549677557560445118e-01
1.250430759977290585e+00,5.530203281829870754e-01
1.255904083599846510e+00,5.510729006099296390e-01
1.261377407222402214e+00,5.491254730368722026e-01
1.266850730844958139e+00,5.471780454638147662e-01
1.272324054467513843e+00,5.452384487571716454e-01
1.277797378090069769e+00,5.432910424833855556e-01
1.283270701712625472e+00,5.413436362095999099e-01
1.288744025335181398e+00,5.393962299358138202e-01
1.294217348957737102e+00,5.374488236620281745e-01
1.299690672580293027e+00,5.355803970133464764e-01
1.305163996202848731e+00,5.339875149103749941e-01
1.310637319825404656e+00,5.323946328074036227e-01
1.316110643447960360e+00,5.308017507044320293e-01
1.321583967070516286e+00,5.292088686014606580e-01
1.327057290693071989e+00,5.276159864984892867e-01
1.332530614315627915e+00,5.264803943401176189e-01
1.338003937938183618e+00,5.257735458069511258e-01
1.343477261560739544e+00,5.250666972737845217e-01
1.348950585183295248e+00,5.243598487406179176e-01
1.354423908805851173e+00,5.236530002074514245e-01
1.359897232428406877e+00,5.229461516742849314e-01
1.365370556050962803e+00,5.217818677854273446e-01
1.370843879673518506e+00,5.205433968186108373e-01
1.376317203296074432e+00,5.193049258517944411e-01
1.381790526918630135e+00,5.180664548849780449e-01
1.387263850541186061e+00,5.168279839181616486e-01
1.392737174163741765e+00,5.154738927988604669e-01
1.398210497786297690e+00,5.137038056341095560e-01
1.403683821408853394e+00,5.119337184693589782e-01
1.409157145031409319e+00,5.101636313046080673e-01
1.414630468653965023e+00,5.083935441398574895e-01
1.420103792276520949e+00,5.066234569751066896e-01
1.425577115899076652e+00,5.047451327133968269e-01
1.431050439521632578e+00,5.027977825666460898e-01
1.436523763144188282e+00,5.008504324198955748e-01
1.441997086766744207e+00,4.989030822731448378e-01
1.447470410389299911e+00,4.969557321263943228e-01
1.452943734011855836e+00,4.950083819796438078e-01
1.458417057634411540e+00,4.930809221726532576e-01
1.463890381256967466e+00,4.911336479890262563e-01
1.469363704879523169e+00,4.891863738053996435e-01
1.474837028502079095e+00,4.872390996217726422e-01
1.480310352124634798e+00,4.852918254381459184e-01
1.485783675747190724e+00,4.835149062329824887e-01
1.491256999369746428e+00,4.822761818991133098e-01
1.496730322992302353e+00,4.810374575652439644e-01
1.502203646614858057e+00,4.797987332313746744e-01
1.507676970237413983e+00,4.785600088975054955e-01
1.513150293859969686e+00,4.773212845636363166e-01
1.518623617482525612e+00,4.764150859570436269e-01
1.524096941105081315e+00,4.757078411643447247e-01
1.529570264727637241e+00,4.750005963716456558e-01
1.535043588350192945e+00,4.742933515789467536e-01
1.540516911972748870e+00,4.735861067862476848e-01
1.545990235595304574e+00,4.728710232624782628e-01
1.551463559217860499e+00,4.719865091411674651e-01
1.556936882840416203e+00,4.711019949848506139e-01
1.562410206462972129e+00,4.702174808285335961e-01
1.567883530085527832e+00,4.693329666722166338e-01
1.573356853708083758e+00,4.684484525158998935e-01
1.578830177330639462e+00,4.673012097591288105e-01
1.584303500953195387e+00,4.657078684337603858e-01
1.589776824575751091e+00,4.641145271083919610e-01
1.595250148198307016e+00,4.625211857830234807e-01
1.600723471820862720e+00,4.609278444576550560e-01
1.606196795443418646e+00,4.593345031322867422e-01
1.611670119065974349e+00,4.582572033242727216e-01
1.617143442688530275e+00,4.573726326817388887e-01
1.622616766311085978e+00,4.564880620392052779e-01
1.628090089933641904e+00,4.556034913966716671e-01
1.633563413556197608e+00,4.547189207541378897e-01
1.639036737178753533e+00,4.539194496446845029e-01
1.644510060801309237e+00,4.537438522689800635e-01
1.649983384423865163e+00,4.535682548932755687e-01
1.655456708046420866e+00,4.533926575175712403e-01
1.660930031668976792e+00,4.532170601418668010e-01
1.666403355291532495e+00,4.530414627661624727e-01
1.671876678914088421e+00,4.531078988935140495e-01
1.677350002536644125e+00,4.534639808608526557e-01
1.682823326159200050e+00,4.538200628281912063e-01
1.688296649781755754e+00,4.541761447955298125e-01
1.693769973404311679e+00,4.545322267628683632e-01
1.699243297026867383e+00,4.548883087302069694e-01
1.704716620649423309e+00,4.553664016069441933e-01
1.710189944271979012e+00,4.558995342820058583e-01
1.715663267894534938e+00,4.564326669570676343e-01
1.721136591517090642e+00,4.569657996321291882e-01
1.726609915139646567e+00,4.574989323071908531e-01
1.732083238762202271e+00,4.579269607005217457e-01
1.737556562384758196e+00,4.579282803211862651e-01
1.743029886007313900e+00,4.579295999418507845e-01
1.748503209629869826e+00,4.579309195625153595e-01
1.753976533252425529e+00,4.579322391831798789e-01
1.759449856874981455e+00,4.579335588038443983e-01
1.764923180497537158e+00,4.576817241153059990e-01
1.770396504120093084e+00,4.571515097693912844e-01
1.775869827742648788e+00,4.566212954234766808e-01
1.781343151365204713e+00,4.560910810775619662e-01
1.786816474987760417e+00,4.555608667316473626e-01
1.792289798610316343e+00,4.550306523857326479e-01
1.797763122232872046e+00,4.539987775040396079e-01
1.803236445855427972e+00,4.529367326322250031e-01
1.808709769477983675e+00,4.518746877604106760e-01
1.814183093100539379e+00,4.508126428885962933e-01
1.819656416723095527e+00,4.497505980167817441e-01
1.825129740345651230e+00,4.487857801749032816e-01
1.830603063968206934e+00,4.480781859689629831e-01
1.836076387590762637e+00,4.473705917630225182e-01
1.841549711213318785e+00,4.466629975570819977e-01
1.847023034835874489e+00,4.459554033511416438e-01
1.852496358458430192e+00,4.452478091452012343e-01
1.857969682080985896e+00,4.454224460081875336e-01
1.863443005703542044e+00,4.461328173311110423e-01
1.868916329326097747e+00,4.468431886540344955e-01
1.874389652948653451e+00,4.475535599769580042e-01
1.879862976571209154e+00,4.482639312998814018e-01
1.885336300193765302e+00,4.489743026228047440e-01
1.890809623816321006e+00,4.496846473062087179e-01
1.896282947438876709e+00,4.503949912411986944e-01
1.901756271061432413e+00,4.511053351761883934e-01
1.907229594683988116e+00,4.518156791111782589e-01
1.912702918306544264e+00,4.525260230461681243e-01
1.918176241929099968e+00,4.532363579062489434e-01
1.923649565551655671e+00,4.539466744540758825e-01
1.929122889174211375e+00,4.546569910019027660e-01
1.934596212796767523e+00,4.553673075497298717e-01
1.940069536419323226e+00,4.560776240975568108e-01
1.945542860041878930e+00,4.567879406453837499e-01
1.951016183664434633e+00,4.571372748974823486e-01
1.956489507286990781e+00,4.573158493290729876e-01
1.961962830909546485e+00,4.574944237606636266e-01
1.967436154532102188e+00,4.576729981922541546e-01
1.972909478154657892e+00,4.578515726238447936e-01
1.978382801777214040e+00,4.581050829001549474e-01
1.983856125399769743e+00,4.593472981621296580e-01
1.989329449022325447e+00,4.605895132516851231e-01
1.994802772644881150e+00,4.618317283412406438e-01
2.000276096267437076e+00,4.630739434307963309e-01
2.005749419889992780e+00,4.643161585203519626e-01
2.011222743512548483e+00,4.655031009389724583e-01
2.016696067135104187e+00,4.667449566252674931e-01
2.022169390757660334e+00,4.679868123115625278e-01
2.027642714380216038e+00,4.692286679978575625e-01
2.033116038002771742e+00,4.704705236841525418e-01
2.038589361625327445e+00,4.717123793704475765e-01
2.044062685247883593e+00,4.722353213191477495e-01
2.049536008870439296e+00,4.725907040736366804e-01
2.055009332492995000e+00,4.729460868281255004e-01
2.060482656115550704e+00,4.733014695826142648e-01
2.065955979738106851e+00,4.736568523371031958e-01
2.071429303360662555e+00,4.739399524798452723e-01
2.076902626983218259e+00,4.739407147927218178e-01
2.082375950605773962e+00,4.739414771055983078e-01
2.087849274228330110e+00,4.739422394184746312e-01
2.093322597850885813e+00,4.739430017313511767e-01
2.098795921473441517e+00,4.739437640442276667e-01
2.104269245095997221e+00,4.737644837428679478e-01
2.109742568718553368e+00,4.734107361473977593e-01
2.115215892341109072e+00,4.730569885519275708e-01
2.120689215963664775e+00,4.727032409564574378e-01
2.126162539586220479e+00,4.723494933609874713e-01
2.131635863208776627e+00,4.719957457655173383e-01
2.137109186831332330e+00,4.721234643397874686e-01
2.142582510453888034e+00,4.723015127385182255e-01
2.148055834076443738e+00,4.724795611372489823e-01
2.153529157698999885e+00,4.726576095359798502e-01
2.159002481321555589e+00,4.728356579347106625e-01
2.164475804944111292e+00,4.730137012217727754e-01
2.169949128566666996e+00,4.731917230455114920e-01
2.175422452189223144e+00,4.733697448692503196e-01
2.180895775811778847e+00,4.735477666929890361e-01
2.186369099434334551e+00,4.737257885167278082e-01
2.191842423056890254e+00,4.739038103404665248e-01
2.197315746679446402e+00,4.741033923554305862e-01
2.202789070302002106e+00,4.742814791761763571e-01
2.208262393924557809e+00,4.744595659969220725e-01
2.213735717547113513e+00,4.746376528176678433e-01
2.219209041169669661e+00,4.748157396384136142e-01
2.224682364792225364e+00,4.749938264591593851e-01
2.230155688414781068e+00,4.750045103457484208e-01
2.235629012037336771e+00,4.750053170030211769e-01
2.241102335659892919e+00,4.750061236602939885e-01
2.246575659282448623e+00,4.750069303175667446e-01
2.252048982905004326e+00,4.750077369748395006e-01
2.257522306527560030e+00,4.748697783073613787e-01
2.262995630150116178e+00,4.743388986874363944e-01
2.268468953772671881e+00,4.738080190675113545e-01
2.273942277395227585e+00,4.732771394475864257e-01
2.279415601017783288e+00,4.727462598276613859e-01
2.284888924640339436e+00,4.722153802077363460e-01
2.290362248262895140e+00,4.718018730271362204e-01
2.295835571885450843e+00,4.714482123788065193e-01
2.301308895508006547e+00,4.710945517304767627e-01
2.306782219130562694e+00,4.707408910821470061e-01
2.312255542753118398e+00,4.703872304338173604e-01
2.317728866375674102e+00,4.700486561855184431e-01
2.323202189998229805e+00,4.700890092451401325e-01
2.328675513620785953e+00,4.700900017989994017e-01
2.334148837243341656e+00,4.700909943528588375e-01
2.339622160865897360e+00,4.700919869067181622e-01
2.345095484488453064e+00,4.700929794605775425e-01
2.350568808111009211e+00,4.700939624432670660e-01
2.356042131733564915e+00,4.700949284659163840e-01
2.361515455356120619e+00,4.700958944885657020e-01
2.366988778978676322e+00,4.700968605112150200e-01
2.372462102601232470e+00,4.700978265338644491e-01
2.377935426223788173e+00,4.700987925565137671e-01
2.383408749846343877e+00,4.694688742162616557e-01
2.388882073468899581e+00,4.685836233800013684e-01
2.394355397091455728e+00,4.676983725437411921e-01
2.399828720714011432e+00,4.668131217074811268e-01
2.405302044336567135e+00,4.659278708712210615e-01
2.410775367959122839e+00,4.650426174770714294e-01
2.416248691581678987e+00,4.643270673723700059e-01
2.421722015204234690e+00,4.636189617655933626e-01
2.427195338826790394e+00,4.629108561588168858e-01
2.432668662449346098e+00,4.622027505520404089e-01
2.438141986071902245e+00,4.614946449452638211e-01
2.443615309694457949e+00,4.608675634995230141e-01
2.449088633317013652e+00,4.603366803846226651e-01
2.454561956939569356e+00,4.598057972697223161e-01
2.460035280562125504e+00,4.592749141548220781e-01
2.465508604184681207e+00,4.587440310399217291e-01
2.470981927807236911e+00,4.582131479250214912e-01
2.476455251429792614e+00,4.580231874915717816e-01
2.481928575052348762e+00,4.578469583065060688e-01
2.487401898674904466e+00,4.576707291214403561e-01
2.492875222297460169e+00,4.574944999363745879e-01
2.498348545920015873e+00,4.573182707513088752e-01
2.503821869542572021e+00,4.570440528662733648e-01
2.509295193165127724e+00,4.561588373432869381e-01
2.514768516787683428e+00,4.552736218203004559e-01
2.520241840410239131e+00,4.543884062973139182e-01
2.525715164032795279e+00,4.535031907743273805e-01
2.531188487655350983e+00,4.526179752513408427e-01
2.536661811277906686e+00,4.516114122930870445e-01
2.542135134900462390e+00,4.505488449662776729e-01
2.547608458523018538e+00,4.494862776394680792e-01
2.553081782145574241e+00,4.484237103126587076e-01
2.558555105768129945e+00,4.473611429858493915e-01
2.564028429390685648e+00,4.462985756590400199e-01
2.569501753013241796e+00,4.460002135652456068e-01
2.574975076635797500e+00,4.458238189210269042e-01
2.580448400258353203e+00,4.456474242768081462e-01
2.585921723880908907e+00,4.454710296325894436e-01
2.591395047503465054e+00,4.452946349883706856e-01
2.596868371126020758e+00,4.452626194776699853e-01
2.602341694748576462e+00,4.454409114056694374e-01
2.607815018371132165e+00,4.456192033336688896e-01
2.613288341993687869e+00,4.457974952616683417e-01
2.618761665616244017e+00,4.459757871896679049e-01
2.624234989238799720e+00,4.461540791176673570e-01
2.629708312861355424e+00,4.462481078163758608e-01
2.635181636483911127e+00,4.464260984374925356e-01
2.640654960106467275e+00,4.466040890586092660e-01
2.646128283729022979e+00,4.467820796797259963e-01
2.651601607351578682e+00,4.469600703008426712e-01
2.657074930974134386e+00,4.471380609219594016e-01
2.662548254596690533e+00,4.469720435891865185e-01
2.668021578219246237e+00,4.467954838561840614e-01
2.673494901841801941e+00,4.466189241231815488e-01
2.678968225464357644e+00,4.464423643901789807e-01
2.684441549086913792e+00,4.462658046571764681e-01
2.689914872709469496e+00,4.462350494097747089e-01
2.695388196332025199e+00,4.464130785003395108e-01
2.700861519954580903e+00,4.465911075909042571e-01
2.706334843577137050e+00,4.467691366814690035e-01
2.711808167199692754e+00,4.469471657720337499e-01
2.717281490822248458e+00,4.471251948625984962e-01
2.722754814444804161e+00,4.473032061992515129e-01
2.728228138067360309e+00,4.474812087101344704e-01
2.733701461689916012e+00,4.476592112210174279e-01
2.739174785312471716e+00,4.478372137319003854e-01
2.744648108935027420e+00,4.480152162427832319e-01
2.750121432557583567e+00,4.481763171521597200e-01
2.755594756180139271e+00,4.476886244942748783e-01
2.761068079802694974e+00,4.471577099812315548e-01
2.766541403425250678e+00,4.466267954681882313e-01
2.772014727047806826e+00,4.460958809551447968e-01
2.777488050670362529e+00,4.455649664421014178e-01
2.782961374292918233e+00,4.449093908005037901e-01
2.788434697915473937e+00,4.438468817022455659e-01
2.793908021538030084e+00,4.427843726039872863e-01
2.799381345160585788e+00,4.417218635057290621e-01
2.804854668783141491e+00,4.406593544074708380e-01
2.810327992405697195e+00,4.395968453092125583e-01
2.815801316028253343e+00,4.372083253498538213e-01
2.821274639650809046e+00,4.343733082900393949e-01
2.826747963273364750e+00,4.315382912302250240e-01
2.832221286895920453e+00,4.287032741704105976e-01
2.837694610518476601e+00,4.258682571105960046e-01
2.843167934141032305e+00,4.231211463246186133e-01
2.848641257763588008e+00,4.208270294308498749e-01
2.854114581386143712e+00,4.185237610596059254e-01
2.859587905008699860e+00,4.162204926883618095e-01
2.865061228631255563e+00,4.139172243171176380e-01
2.870534552253811267e+00,4.116139559458737440e-01
2.876007875876366970e+00,4.091710014068215551e-01
2.881481199498923118e+00,4.065132341844583941e-01
2.886954523121478822e+00,4.038554669620953996e-01
2.892427846744034525e+00,4.011976997397324607e-01
2.897901170366590229e+00,3.985399325173694662e-01
2.903374493989146377e+00,3.958821652950063053e-01
2.908847817611702080e+00,3.921265853483366648e-01
2.914321141234257784e+00,3.880508752072405754e-01
2.919794464856813487e+00,3.839751650661449855e-01
2.925267788479369635e+00,3.798994549250490071e-01
2.930741112101925339e+00,3.758237447839531953e-01
2.936214435724481042e+00,3.719565258065969937e-01
2.941687759347036746e+00,3.687670523191723393e-01
2.947161082969592893e+00,3.655775788317474073e-01
2.952634406592148597e+00,3.623881053443226974e-01
2.958107730214704301e+00,3.591986318568979875e-01
2.963581053837260004e+00,3.560091583694732775e-01
2.969054377459816152e+00,3.535120085035391990e-01
2.974527701082371856e+00,3.515633852232582512e-01
2.980001024704927559e+00,3.496147619429773590e-01
2.985474348327483263e+00,3.476661386626963557e-01
2.990947671950039410e+00,3.457175153824152414e-01
2.996420995572595114e+00,3.437688921021342936e-01
3.001894319195150818e+00,3.423723989119109579e-01
3.007367642817706521e+00,3.409557197302291454e-01
3.012840966440262669e+00,3.395390405485471663e-01
3.018314290062818372e+00,3.381223613668653538e-01
3.023787613685374076e+00,3.367056821851833748e-01
3.029260937307929780e+00,3.348817682011858698e-01
3.034734260930485927e+00,3.318695437073814758e-01
3.040207584553041631e+00,3.288573192135773038e-01
3.045680908175597335e+00,3.258450947197730763e-01
3.051154231798153038e+00,3.228328702259687932e-01
3.056627555420709186e+00,3.198206457321643992e-01
3.062100879043264889e+00,3.167755686097515344e-01
3.067574202665820593e+00,3.137632651828496377e-01
3.073047526288376297e+00,3.107509617559475190e-01
3.078520849910932444e+00,3.077386583290455113e-01
3.083994173533488148e+00,3.047263549021436146e-01
3.089467497156043851e+00,3.017140514752418290e-01
3.094940820778599555e+00,3.007042465399422104e-01
3.100414144401155703e+00,2.996422078505008857e-01
3.105887468023711406e+00,2.985801691610595054e-01
3.111360791646267110e+00,2.975181304716181807e-01
3.116834115268822814e+00,2.964560917821768005e-01
3.122307438891378961e+00,2.953940419528546246e-01
3.127780762513934665e+00,2.943319746646384516e-01
3.133254086136490368e+00,2.932699073764224451e-01
3.138727409759046072e+00,2.922078400882064941e-01
3.144200733381602220e+00,2.911457727999904876e-01
3.149674057004157923e+00,2.900837055117742591e-01
3.155147380626713627e+00,2.892737655734952118e-01
3.160620704249269330e+00,2.885662872195023376e-01
3.166094027871825478e+00,2.878588088655092414e-01
3.171567351494381182e+00,2.871513305115163117e-01
3.177040675116936885e+00,2.864438521575232155e-01
3.182513998739492589e+00,2.857114842001119426e-01
3.187987322362048737e+00,2.844939123574004025e-01
3.193460645984604440e+00,2.832545489274616579e-01
3.198933969607160144e+00,2.820151854975229133e-01
3.204407293229715847e+00,2.807758220675841687e-01
3.209880616852271995e+00,2.795364586376454241e-01
3.215353940474827699e+00,2.780824395438361574e-01
3.220827264097383402e+00,2.766654832732768909e-01
3.226300587719939106e+00,2.752485270027177910e-01
3.231773911342495254e+00,2.738315707321583026e-01
3.237247234965050957e+00,2.724146144615990361e-01
3.242720558587606661e+00,2.709976581910398252e-01
3.248193882210162364e+00,2.691264135739332986e-01
3.253667205832718512e+00,2.671774945578608840e-01
3.259140529455274216e+00,2.652285755417888025e-01
3.264613853077829919e+00,2.632796565257164989e-01
3.270087176700385623e+00,2.613307375096444729e-01
3.275560500322941770e+00,2.593296142291574569e-01
3.281033823945497474e+00,2.570260898900936231e-01
3.286507147568053178e+00,2.547225655887945250e-01
3.291980471190608881e+00,2.524190412874956491e-01
3.297453794813165029e+00,2.501155169861966066e-01
3.302927118435720732e+00,2.478119926848977583e-01
3.308400442058276436e+00,2.454914764828909635e-01
3.313873765680832140e+00,2.433650476140806485e-01
3.319347089303387843e+00,2.412386187452703334e-01
3.324820412925943991e+00,2.391121898764599352e-01
3.330293736548499695e+00,2.369857610076496202e-01
3.335767060171055398e+00,2.348593321388391386e-01
3.341240383793611102e+00,2.325795082619731557e-01
3.346713707416167249e+00,2.302757668033496574e-01
3.352187031038722953e+00,2.279720253447263811e-01
3.357660354661278657e+00,2.256682838861031049e-01
3.363133678283834360e+00,2.233645424274798286e-01
3.368607001906390508e+00,2.209055100253363713e-01
3.374080325528946211e+00,2.180698659730283817e-01
3.379553649151501915e+00,2.152342219207203922e-01
3.385026972774057619e+00,2.123985778684124581e-01
3.390500296396613766e+00,2.095629338161039967e-01
3.395973620019169470e+00,2.067272897637960072e-01
3.401446943641725174e+00,2.040926171765583552e-01
3.406920267264280877e+00,2.017886086786244149e-01
3.412393590886837025e+00,1.994846001806903357e-01
3.417866914509392728e+00,1.971805916827564231e-01
3.423340238131948432e+00,1.948765831848224828e-01
3.428813561754504136e+00,1.925725746868885147e-01
3.434286885377060283e+00,1.905292215231503272e-01
3.439760208999615987e+00,1.885796070399740620e-01
3.445233532622171690e+00,1.866299925567976858e-01
3.450706856244727394e+00,1.846803780736213929e-01
3.456180179867283542e+00,1.827307635904450167e-01
3.461653503489839245e+00,1.808714307272903665e-01
3.467126827112394949e+00,1.790991072101444925e-01
3.472600150734950653e+00,1.773267836929985630e-01
3.478073474357506800e+00,1.755544601758525225e-01
3.483546797980062504e+00,1.737821366587066207e-01
3.489020121602618207e+00,1.720098131415606912e-01
3.494493445225173911e+00,1.699556154005435471e-01
3.499966768847730059e+00,1.674744125559697594e-01
3.505440092470285762e+00,1.649932097113961660e-01
3.510913416092841466e+00,1.625120068668225726e-01
3.516386739715397169e+00,1.600308040222489514e-01
3.521860063337953317e+00,1.575530202802870039e-01
3.527333386960509021e+00,1.559648417006729293e-01
3.532806710583064724e+00,1.545469998484717833e-01
3.538280034205620428e+00,1.531291579962706095e-01
3.543753357828176576e+00,1.517113161440693248e-01
3.549226681450732279e+00,1.502934742918680122e-01
3.554700005073287983e+00,1.489513575380639054e-01
3.560173328695843686e+00,1.475336132177826054e-01
3.565646652318399834e+00,1.461158688975011943e-01
3.571119975940955538e+00,1.446981245772198943e-01
3.576593299563511241e+00,1.432803802569385943e-01
3.582066623186066945e+00,1.418626359366573220e-01
3.587539946808623093e+00,1.399217310322029562e-01
3.593013270431178796e+00,1.377948366322394869e-01
3.598486594053734500e+00,1.356679422322759343e-01
3.603959917676290203e+00,1.335410478323122430e-01
3.609433241298846351e+00,1.314141534323486071e-01
3.614906564921402055e+00,1.293216100141903746e-01
3.620379888543957758e+00,1.275492403002070896e-01
3.625853212166513462e+00,1.257768706601921083e-01
3.631326535789069609e+00,1.240045010201770020e-01
3.636799859411625313e+00,1.222321313801620346e-01
3.642273183034181017e+00,1.204597617401470533e-01
3.647746506656736720e+00,1.189688155295950261e-01
3.653219830279292868e+00,1.177283307993685635e-01
3.658693153901848572e+00,1.164878460691423090e-01
3.664166477524404275e+00,1.152473613389160545e-01
3.669639801146959979e+00,1.140068766086898000e-01
3.675113124769516126e+00,1.127663918784634484e-01
3.680586448392071830e+00,1.120648776520826034e-01
3.686059772014627534e+00,1.115334477318274953e-01
3.691533095637183237e+00,1.110020178115723871e-01
3.697006419259739385e+00,1.104705878913172235e-01
3.702479742882295088e+00,1.099391579710621153e-01
3.707953066504850792e+00,1.094077230770146847e-01
3.713426390127406496e+00,1.092133326169910656e-01
3.718899713749962643e+00,1.090362871077934781e-01
3.724373037372518347e+00,1.088592415985959322e-01
3.729846360995074050e+00,1.086821960893983585e-01
3.735319684617629754e+00,1.085051505802007848e-01
3.740793008240185902e+00,1.082993624637492158e-01
3.746266331862741605e+00,1.077680370807100885e-01
3.751739655485297309e+00,1.072367116976709611e-01
3.757212979107853013e+00,1.067053863146318199e-01
3.762686302730409160e+00,1.061740609315926370e-01
3.768159626352964864e+00,1.056427355485535097e-01
3.773632949975520567e+00,1.062610762623719396e-01
3.779106273598076271e+00,1.069709237721942763e-01
3.784579597220632419e+00,1.076807712820166268e-01
3.790052920843188122e+00,1.083906187918388525e-01
3.795526244465743826e+00,1.091004663016610782e-01
3.800999568088299974e+00,1.099787061448944253e-01
3.806472891710855677e+00,1.108661441212935861e-01
3.811946215333411381e+00,1.117535820976927469e-01
3.817419538955967084e+00,1.126410200740918938e-01
3.822892862578522788e+00,1.135284580504910545e-01
3.828366186201078492e+00,1.144158960268900904e-01
3.833839509823634195e+00,1.155873615585588793e-01
3.839312833446190787e+00,1.170066082475951785e-01
3.844786157068746490e+00,1.184258549366311447e-01
3.850259480691302194e+00,1.198451016256670970e-01
3.855732804313857898e+00,1.212643483147030632e-01
3.861206127936413601e+00,1.226835950037390155e-01
3.866679451558969305e+00,1.235857193040511698e-01
3.872152775181525008e+00,1.244729971751853542e-01
3.877626098804080712e+00,1.253602750463196636e-01
3.883099422426637304e+00,1.262475529174539590e-01
3.888572746049193007e+00,1.271348307885882545e-01
3.894046069671748711e+00,1.275246029805517656e-01
3.899519393294304415e+00,1.271705246240193155e-01
3.904992716916860118e+00,1.268164462674869764e-01
3.910466040539415822e+00,1.264623679109546373e-01
3.915939364161971525e+00,1.261082895544221871e-01
3.921412687784527229e+00,1.257542111978898480e-01
3.926886011407083821e+00,1.244556555404182641e-01
3.932359335029639524e+00,1.228603384308724206e-01
3.937832658652195228e+00,1.212650213213266048e-01
3.943305982274750932e+00,1.196697042117807475e-01
3.948779305897306635e+00,1.180743871022349317e-01
3.954252629519862339e+00,1.164344975653109487e-01
3.959725953142418042e+00,1.139527007761743371e-01
3.965199276764973746e+00,1.114709040241573940e-01
3.970672600387530338e+00,1.089891072721400206e-01
3.976145924010086041e+00,1.065073105201228415e-01
3.981619247632641745e+00,1.040255137681058983e-01
3.987092571255197448e+00,1.015437015801891746e-01
3.992565894877753152e+00,9.906186725543028593e-02
3.998039218500308856e+00,9.658003293067142503e-02
4.003512542122864559e+00,9.409819860591256413e-02
4.008985865745420263e+00,9.161636428115368935e-02
4.014459189367975966e+00,8.913452995639482845e-02
4.019932512990532558e+00,8.696961890111452875e-02
4.025405836613088262e+00,8.484238075837936821e-02
4.030879160235643965e+00,8.271514261564437420e-02
4.036352483858199669e+00,8.058790447290943570e-02
4.041825807480755373e+00,7.846066633017442782e-02
4.047299131103311076e+00,7.646987323710299767e-02
4.052772454725866780e+00,7.525098227764782932e-02
4.058245778348422483e+00,7.401025950895427641e-02
4.063719101970979075e+00,7.276953674026059860e-02
4.069192425593534779e+00,7.152881397156704568e-02
4.074665749216090482e+00,7.028809120287354828e-02
4.080139072838646186e+00,6.961464927802421543e-02
4.085612396461201890e+00,6.926065467477951487e-02
4.091085720083757593e+00,6.890666007153492534e-02
4.096559043706313297e+00,6.855266546829022478e-02
4.102032367328869000e+00,6.819867086504552423e-02
4.107505690951425592e+00,6.784467626180082367e-02
4.112979014573981296e+00,6.771808781378309272e-02
4.118452338196536999e+00,6.736447813365066539e-02
4.123925661819092703e+00,6.701086845351847399e-02
4.129398985441648406e+00,6.665725877338604666e-02
4.134872309064204110e+00,6.630364909325385525e-02
4.140345632686759814e+00,6.602330426655407536e-02
4.145818956309315517e+00,6.636025859451728792e-02
4.151292279931872109e+00,6.671574627978270333e-02
4.156765603554427813e+00,6.707123396504811874e-02
4.162238927176983516e+00,6.742672165031353415e-02
4.167712250799539220e+00,6.778220933557894956e-02
4.173185574422094923e+00,6.784399568685228754e-02
4.178658898044650627e+00,6.784463496528859994e-02
4.184132221667206331e+00,6.784527424372481519e-02
4.189605545289762034e+00,6.784591352216103044e-02
4.195078868912318626e+00,6.784655280059735671e-02
4.200552192534874330e+00,6.784719207903355809e-02
4.206025516157430033e+00,6.676917435382631605e-02
4.211498839779985737e+00,6.570575299453117191e-02
4.216972163402541440e+00,6.464233163523636083e-02
4.222445487025097144e+00,6.357891027594143873e-02
4.227918810647652847e+00,6.251548891664651664e-02
4.233392134270208551e+00,6.109832136907914629e-02
4.238865457892765143e+00,5.879370487988967720e-02
4.244338781515320846e+00,5.648908839070054116e-02
4.249812105137876550e+00,5.418447190151153003e-02
4.255285428760432254e+00,5.187985541232240094e-02
4.260758752382987957e+00,4.957523892313327185e-02
4.266232076005543661e+00,4.722299297982124333e-02
4.271705399628099364e+00,4.491829197973049720e-02
4.277178723250655068e+00,4.261359097963986903e-02
4.282652046873211660e+00,4.030888997954878289e-02
4.288125370495767363e+00,3.800418897945814778e-02
4.293598694118323067e+00,3.570088991868976963e-02
4.299072017740878771e+00,3.388087420997999005e-02
4.304545341363434474e+00,3.210800447331291912e-02
4.310018664985990178e+00,3.033513473664572677e-02
4.315491988608545881e+00,2.856226499997842339e-02
4.320965312231101585e+00,2.678939526331123450e-02
4.326438635853658177e+00,2.516165019286472834e-02
4.331911959476213880e+00,2.392059888535146700e-02
4.337385283098769584e+00,2.267954757783815015e-02
4.342858606721325287e+00,2.143849627032488880e-02
4.348331930343880991e+00,2.019744496281163093e-02
4.353805253966436695e+00,1.895639365529836959e-02
4.359278577588992398e+00,1.784350732218774674e-02
4.364751901211548102e+00,1.677972979575378248e-02
4.370225224834104694e+00,1.571595226931958578e-02
4.375698548456660397e+00,1.465217474288561979e-02
4.381171872079216101e+00,1.358839721645165380e-02
4.386645195701771804e+00,1.258313451151883526e-02
4.392118519324327508e+00,1.208563578961764119e-02
4.397591842946883212e+00,1.155381850591163592e-02
4.403065166569438915e+00,1.102200122220551790e-02
4.408538490191994619e+00,1.049018393849939987e-02
4.414011813814551211e+00,9.958366654793167350e-03
4.419485137437106914e+00,9.249317090849104236e-03
4.424958461059662618e+00,8.540014084946506712e-03
4.430431784682218321e+00,7.830711079044021944e-03
4.435905108304774025e+00,7.121408073141538043e-03
4.441378431927329729e+00,6.412105067239054143e-03
4.446851755549885432e+00,5.702802061336626621e-03
4.452325079172441136e+00,4.709234502537015116e-03
4.457798402794997727e+00,3.645302029239871813e-03
4.463271726417553431e+00,2.581369555942956192e-03
4.468745050040109135e+00,1.517437082645983542e-03
4.474218373662664838e+00,4.535046093490109468e-04
4.479691697285220542e+00,-5.532924996522296801e-04
4.485165020907776245e+00,-1.262650882987657094e-03
4.490638344530331949e+00,-1.972009039635224618e-03
4.496111668152887653e+00,-2.681367196282735763e-03
4.501584991775444244e+00,-3.390725352930416912e-03
4.507058315397999948e+00,-4.100083509577984869e-03
4.512531639020555652e+00,-4.717136647828965197e-03
4.518004962643111355e+00,-5.249221083522570899e-03
4.523478286265667059e+00,-5.781305519216232112e-03
4.528951609888222762e+00,-6.313389954909951439e-03
4.534424933510778466e+00,-6.845474390603556274e-03
4.539898257133334170e+00,-7.377558826297217487e-03
4.545371580755890761e+00,-8.065737622134349152e-03
4.550844904378446465e+00,-8.775150595719139607e-03
4.556318228001002169e+00,-9.484563569303930061e-03
4.561791551623557872e+00,-1.019397654288872052e-02
4.567264875246113576e+00,-1.090338951647350924e-02
4.572738198868669279e+00,-1.165533058071002888e-02
4.578211522491224983e+00,-1.254207344846668126e-02
4.583684846113780686e+00,-1.342881623034202290e-02
4.589158169736337278e+00,-1.431555901221753455e-02
4.594631493358892982e+00,-1.520230179409287445e-02
4.600104816981448685e+00,-1.608904457596815885e-02
4.605578140604004389e+00,-1.676325130277149522e-02
4.611051464226560093e+00,-1.729541718563848418e-02
4.616524787849115796e+00,-1.782758306850547661e-02
4.621998111471671500e+00,-1.835974895137252455e-02
4.627471435094227203e+00,-1.889191483423951351e-02
4.632944758716783795e+00,-1.942408071710667594e-02
4.638418082339339499e+00,-2.041392373181440817e-02
4.643891405961895202e+00,-2.147795594827914614e-02
4.649364729584450906e+00,-2.254198816474376962e-02
4.654838053207006610e+00,-2.360602038120850760e-02
4.660311376829562313e+00,-2.467005259767324904e-02
4.665784700452118017e+00,-2.572670141958181486e-02
4.671258024074673720e+00,-2.643630061852408550e-02
4.676731347697230312e+00,-2.714589981746647063e-02
4.682204671319786016e+00,-2.785549901640874126e-02
4.687677994942341719e+00,-2.856509821535101537e-02
4.693151318564897423e+00,-2.927469741429323050e-02
4.698624642187453126e+00,-3.014405143922000568e-02
4.704097965810008830e+00,-3.085390652262630373e-02
4.709571289432564534e+00,-3.156376160603260872e-02
4.715044613055120237e+00,-3.227361668943889983e-02
4.720517936677675941e+00,-3.298347177284519788e-02
4.725991260300232533e+00,-3.368662405985152486e-02
4.731464583922788236e+00,-3.421921537161087129e-02
4.736937907545343940e+00,-3.475180681500932012e-02
4.742411231167899643e+00,-3.528439825840767874e-02
4.747884554790455347e+00,-3.581698970180602348e-02
4.753357878413011051e+00,-3.634958114520436823e-02
4.758831202035566754e+00,-3.693628036926148439e-02
4.764304525658122458e+00,-3.746897808803961727e-02
4.769777849280679050e+00,-3.800167580681784035e-02
4.775251172903234753e+00,-3.853437352559595241e-02
4.780724496525790457e+00,-3.906707124437409223e-02
4.786197820148346160e+00,-3.959976896315223205e-02
4.791671143770901864e+00,-4.013248682131870942e-02
4.797144467393457568e+00,-4.066521160136096769e-02
4.802617791016013271e+00,-4.119793638140322595e-02
4.808091114638568975e+00,-4.173066116144548421e-02
4.813564438261125566e+00,-4.226338594148782574e-02
4.819037761883681270e+00,-4.277543489707397867e-02
4.824511085506236974e+00,-4.313089861830152888e-02
4.829984409128792677e+00,-4.348636257911332043e-02
4.835457732751348381e+00,-4.384182653992510503e-02
4.840931056373904084e+00,-4.419729050073689658e-02
4.846404379996459788e+00,-4.455275446154871588e-02
4.851877703619015492e+00,-4.493720266321248047e-02
4.857351027241572083e+00,-4.546990227355306863e-02
4.862824350864127787e+00,-4.600260188389355964e-02
4.868297674486683491e+00,-4.653530149423405760e-02
4.873770998109239194e+00,-4.706800110457454861e-02
4.879244321731794898e+00,-4.760070071491503962e-02
4.884717645354350601e+00,-4.804116858656758138e-02
4.890190968976906305e+00,-4.839668615213349456e-02
4.895664292599462009e+00,-4.875220371769941469e-02
4.901137616222018600e+00,-4.910772128326541808e-02
4.906610939844574304e+00,-4.946323884883136596e-02
4.912084263467130008e+00,-4.988807493510432484e-02
4.917557587089685711e+00,-5.059819736306633148e-02
4.923030910712241415e+00,-5.130831991537087439e-02
4.928504234334797118e+00,-5.201844246767541036e-02
4.933977557957352822e+00,-5.272856501997992551e-02
4.939450881579908526e+00,-5.343868757228443372e-02
4.944924205202465117e+00,-5.419044219009955948e-02
4.950397528825020821e+00,-5.507781038509432237e-02
4.955870852447576524e+00,-5.596517858008893259e-02
4.961344176070132228e+00,-5.685254677508354976e-02
4.966817499692687932e+00,-5.773991497007815998e-02
4.972290823315243635e+00,-5.862728316507277021e-02
4.977764146937799339e+00,-5.923799060949079542e-02
4.983237470560355042e+00,-5.994793980156478547e-02
4.988710794182911634e+00,-6.065788899363889347e-02
4.994184117805467338e+00,-6.136783818571291127e-02
4.999657441428023041e+00,-6.207778737778687356e-02
5.005130765050578745e+00,-6.278774430198512391e-02
5.010604088673134449e+00,-6.332946402725808666e-02
5.016077412295690152e+00,-6.386221999318306142e-02
5.021550735918245856e+00,-6.439497595910803618e-02
5.027024059540801559e+00,-6.492773192503301094e-02
5.032497383163358151e+00,-6.546048789095808285e-02
5.037970706785913855e+00,-6.593893513929438566e-02
5.043444030408469558e+00,-6.629450473945462663e-02
5.048917354031025262e+00,-6.665007433961482597e-02
5.054390677653580966e+00,-6.700564393977512245e-02
5.059864001276136669e+00,-6.736121353993534955e-02
5.065337324898692373e+00,-6.771678314009557664e-02
5.070810648521248076e+00,-6.707388308382314368e-02
5.076283972143804668e+00,-6.636585358250397804e-02
5.081757295766360372e+00,-6.565782408118490954e-02
5.087230619388916075e+00,-6.494979457986585492e-02
5.092703943011471779e+00,-6.424176507854678642e-02
5.098177266634027482e+00,-6.378779072181316179e-02
5.103650590256583186e+00,-6.396612216420571873e-02
5.109123913879138890e+00,-6.414445360659824791e-02
5.114597237501694593e+00,-6.432278504899079097e-02
5.120070561124251185e+00,-6.450111649138336178e-02
5.125543884746806889e+00,-6.467944793377589097e-02
5.131017208369362592e+00,-6.511773292772807253e-02
5.136490531991918296e+00,-6.582781787595354261e-02
5.141963855614473999e+00,-6.653790282417895718e-02
5.147437179237029703e+00,-6.724798777240437175e-02
5.152910502859585407e+00,-6.795807272062981408e-02
5.158383826482141110e+00,-6.862954889023825666e-02
5.163857150104697702e+00,-6.880776311889051644e-02
5.169330473727253406e+00,-6.898597711524992460e-02
5.174803797349809109e+00,-6.916419111160933275e-02
5.180277120972364813e+00,-6.934240510796875478e-02
5.185750444594920516e+00,-6.952061910432816294e-02
5.191223768217476220e+00,-6.997312919765834305e-02
5.196697091840031923e+00,-7.050612583136206535e-02
5.202170415462587627e+00,-7.103912246506581540e-02
5.207643739085144219e+00,-7.157211909876964873e-02
5.213117062707699922e+00,-7.210511573247339878e-02
5.218590386330255626e+00,-7.263811236617713496e-02
5.224063709952811330e+00,-7.375119171199151502e-02
5.229537033575367033e+00,-7.517058230334282276e-02
5.235010357197922737e+00,-7.658997289469414438e-02
5.240483680820478440e+00,-7.800936348604539661e-02
5.245957004443034144e+00,-7.942875407739671823e-02
5.251430328065590736e+00,-8.076744844348211771e-02
5.256903651688146439e+00,-8.194062923754352745e-02
5.262376975310702143e+00,-8.318260704847438292e-02
5.267850298933257847e+00,-8.442458485940546042e-02
5.273323622555813550e+00,-8.566656267033630201e-02
5.278796946178369254e+00,-8.690854048126715747e-02
5.284270269800924957e+00,-8.809624928293692536e-02
5.289743593423480661e+00,-8.862940705781231776e-02
5.295216917046037253e+00,-8.916256483268779343e-02
5.300690240668592956e+00,-8.969572260756317195e-02
5.306163564291148660e+00,-9.022888038243856434e-02
5.311636887913704363e+00,-9.076203815731395674e-02
5.317110211536260067e+00,-9.126509997369493254e-02
5.322583535158815771e+00,-9.162115776755831720e-02
5.328056858781371474e+00,-9.197721556142170185e-02
5.333530182403927178e+00,-9.233327335528508650e-02
5.339003506026483770e+00,-9.268933114914852667e-02
5.344476829649039473e+00,-9.288164620459905818e-02
5.349950153271595177e+00,-9.252860729153422614e-02
5.355423476894150880e+00,-9.217556880563694544e-02
5.360896800516706584e+00,-9.182253031973970636e-02
5.366370124139262288e+00,-9.146949183384242565e-02
5.371843447761817991e+00,-9.111645334794502005e-02
5.377316771384373695e+00,-9.090963979276989182e-02
5.382790095006930287e+00,-9.091109703999314395e-02
5.388263418629485990e+00,-9.091255428721638221e-02
5.393736742252041694e+00,-9.091401153443956495e-02
5.399210065874597397e+00,-9.091546878166280321e-02
5.404683389497153101e+00,-9.091692602888605534e-02
5.410156713119708805e+00,-9.058153900698022454e-02
5.415630036742264508e+00,-9.022845930091477618e-02
5.421103360364820212e+00,-8.987537959484934169e-02
5.426576683987375915e+00,-8.952229988878383782e-02
5.432050007609932507e+00,-8.916922018271833394e-02
5.437523331232488211e+00,-8.892593799486224471e-02
5.442996654855043914e+00,-8.943129070548475057e-02
5.448469978477599618e+00,-8.996442422747735757e-02
5.453943302100155321e+00,-9.049755774946995068e-02
5.459416625722711025e+00,-9.103069127146254380e-02
5.464889949345266729e+00,-9.156382479345515080e-02
5.470363272967822432e+00,-9.264689627010969097e-02
5.475836596590379024e+00,-9.371217531881294305e-02
5.481309920212934728e+00,-9.477745436751618124e-02
5.486783243835490431e+00,-9.584273341621926678e-02
5.492256567458046135e+00,-9.690801246492233845e-02
5.497729891080601838e+00,-9.797846891047577722e-02
5.503203214703157542e+00,-9.910364151892403495e-02
5.508676538325713246e+00,-1.001690191146684811e-01
5.514149861948268949e+00,-1.012343967104129688e-01
5.519623185570825541e+00,-1.022997743061575815e-01
5.525096509193381245e+00,-1.033651519019020415e-01
5.530569832815936948e+00,-1.042164615279237982e-01
5.536043156438492652e+00,-1.043955928089453644e-01
5.541516480061048355e+00,-1.045747240899668196e-01
5.546989803683604059e+00,-1.047538553709882747e-01
5.552463127306159762e+00,-1.049329866520098409e-01
5.557936450928715466e+00,-1.051121179330312960e-01
5.563409774551272058e+00,-1.055595452874290990e-01
5.568883098173827761e+00,-1.066246994064628667e-01
5.574356421796383465e+00,-1.076898535254966066e-01
5.579829745418939169e+00,-1.087550076445303326e-01
5.585303069041494872e+00,-1.098201617635642668e-01
5.590776392664050576e+00,-1.108468238160685015e-01
5.596249716286606279e+00,-1.118178462971066017e-01
5.601723039909161983e+00,-1.128828890856299200e-01
5.607196363531718575e+00,-1.139479318741533631e-01
5.612669687154274278e+00,-1.150129746626765842e-01
5.618143010776829982e+00,-1.160780174511999163e-01
5.623616334399385686e+00,-1.167944841805512446e-01
5.629089658021941389e+00,-1.169730981129449982e-01
5.634562981644497093e+00,-1.171517120453387378e-01
5.640036305267052796e+00,-1.173303259777324914e-01
5.645509628889608500e+00,-1.175089399101262311e-01
5.650982952512165092e+00,-1.176875538425199985e-01
5.656456276134720795e+00,-1.177865635514143000e-01
5.661929599757276499e+00,-1.177879943220485059e-01
5.667402923379832202e+00,-1.177894250926827258e-01
5.672876247002387906e+00,-1.177908558633169317e-01
5.678349570624943610e+00,-1.177922866339511376e-01
5.683822894247499313e+00,-1.177937224116666765e-01
5.689296217870055017e+00,-1.179380406863882319e-01
5.694769541492611609e+00,-1.181167077936068205e-01
5.700242865115167312e+00,-1.182953749008253813e-01
5.705716188737723016e+00,-1.184740420080439144e-01
5.711189512360278719e+00,-1.186527091152624613e-01
5.716662835982834423e+00,-1.188313911203624645e-01
5.722136159605390127e+00,-1.190100848285314677e-01
5.727609483227945830e+00,-1.191887785367004293e-01
5.733082806850501534e+00,-1.193674722448694464e-01
5.738556130473058126e+00,-1.195461659530384635e-01
5.744029454095613829e+00,-1.197248596612074389e-01
5.749502777718169533e+00,-1.199270891335672273e-01
5.754976101340725236e+00,-1.202829459250136235e-01
5.760449424963280940e+00,-1.206388027164600751e-01
5.765922748585836644e+00,-1.209946595079064713e-01
5.771396072208392347e+00,-1.213505162993528813e-01
5.776869395830948051e+00,-1.218010138163729134e-01
5.782342719453504643e+00,-1.222005748013886978e-01
5.787816043076060346e+00,-1.225566229229749921e-01
5.793289366698616050e+00,-1.229126710445613557e-01
5.798762690321171753e+00,-1.232687191661476500e-01
5.804236013943727457e+00,-1.236247672877339443e-01
5.809709337566283160e+00,-1.235364557148333625e-01
5.815182661188838864e+00,-1.231833419990421286e-01
5.820655984811394568e+00,-1.228302282832508946e-01
5.826129308433951159e+00,-1.224771145674595912e-01
5.831602632056506863e+00,-1.221240008516683573e-01
5.837075955679062567e+00,-1.217708871358771233e-01
5.842549279301618270e+00,-1.213131010230893009e-01
5.848022602924173974e+00,-1.207828217028728973e-01
5.853495926546729677e+00,-1.202525423826564521e-01
5.858969250169285381e+00,-1.197222630624400486e-01
5.864442573791841085e+00,-1.191919837422236172e-01
5.869915897414397676e+00,-1.188455713506731820e-01
5.875389221036953380e+00,-1.186793222285521393e-01
5.880862544659509084e+00,-1.185037377410685933e-01
5.886335868282064787e+00,-1.183281532535850472e-01
5.891809191904620491e+00,-1.181525687661014734e-01
5.897282515527176194e+00,-1.179769842786179135e-01
5.902755839149731898e+00,-1.178014182499160789e-01
5.908229162772287602e+00,-1.176258603435366562e-01
5.913702486394844193e+00,-1.174503024371571780e-01
5.919175810017399897e+00,-1.172747445307777275e-01
5.924649133639955600e+00,-1.170991866243982771e-01
5.930122457262511304e+00,-1.169351346840345196e-01
5.935595780885067008e+00,-1.170539751170874970e-01
5.941069104507622711e+00,-1.172329401284282063e-01
5.946542428130178415e+00,-1.174119051397689156e-01
5.952015751752734118e+00,-1.175908701511096111e-01
5.957489075375290710e+00,-1.177698351624503342e-01
5.962962398997846414e+00,-1.179456762990165886e-01
5.968435722620402117e+00,-1.179474608437714317e-01
5.973909046242957821e+00,-1.179492453885262887e-01
5.979382369865513525e+00,-1.179510299332811596e-01
5.984855693488069228e+00,-1.179528144780360166e-01
5.990329017110624932e+00,-1.179545990227908736e-01
5.995802340733180635e+00,-1.179501010994668253e-01
6.001275664355737227e+00,-1.181290339399967831e-01
6.006748987978292931e+00,-1.183079667805267271e-01
6.012222311600848634e+00,-1.184868996210566711e-01
6.017695635223404338e+00,-1.186658324615865734e-01
6.023168958845960042e+00,-1.188192513029368708e-01
6.028642282468515745e+00,-1.188209123281577101e-01
6.034115606091071449e+00,-1.188225731040224858e-01
6.039588929713627152e+00,-1.188242338798872616e-01
6.045062253336183744e+00,-1.188258946557520512e-01
6.050535576958739448e+00,-1.188275554316168270e-01
6.056008900581295151e+00,-1.186506678690938121e-01
6.061482224203850855e+00,-1.182977674667446411e-01
6.066955547826406558e+00,-1.179448670643954838e-01
6.072428871448962262e+00,-1.175919666620463128e-01
6.077902195071517966e+00,-1.172390662596971556e-01
6.083375518694073669e+00,-1.168861658573479845e-01
6.088848842316630261e+00,-1.163802666445800243e-01
6.094322165939185965e+00,-1.158501041575776408e-01
6.099795489561741668e+00,-1.153199416705752989e-01
6.105268813184297372e+00,-1.147897791835729570e-01
6.110742136806853075e+00,-1.142596166965705040e-01
6.116215460429408779e+00,-1.137689279010710153e-01
6.121688784051964483e+00,-1.135580600202780455e-01
6.127162107674520186e+00,-1.133824136098754154e-01
6.132635431297075890e+00,-1.132067671994727853e-01
6.138108754919632482e+00,-1.130311207890700859e-01
6.143582078542188185e+00,-1.128554743786674558e-01
6.149055402164743889e+00,-1.128303185901654571e-01
6.154528725787299592e+00,-1.126548817564710925e-01
6.160002049409855296e+00,-1.124794449227767279e-01
6.165475373032410999e+00,-1.123040080890823494e-01
6.170948696654966703e+00,-1.121285712553879849e-01
6.176422020277522407e+00,-1.119531344216936203e-01
6.181895343900078998e+00,-1.117019381860253624e-01
6.187368667522634702e+00,-1.115264364404388586e-01
6.192841991145190406e+00,-1.113509346948523410e-01
6.198315314767746109e+00,-1.111754329492658233e-01
6.203788638390301813e+00,-1.109999312036793195e-01
6.209261962012857516e+00,-1.109313099351818960e-01
6.214735285635413220e+00,-1.111104287069171054e-01
6.220208609257968924e+00,-1.112895473662950385e-01
6.225681932880525515e+00,-1.114686660256729994e-01
6.231155256503081219e+00,-1.116477846850509326e-01
6.236628580125636923e+00,-1.118269033444288935e-01
6.242101903748192626e+00,-1.120060399677232366e-01
6.247575227370748330e+00,-1.121851852285189188e-01
6.253048550993304033e+00,-1.123643304893146011e-01
6.258521874615859737e+00,-1.125434757501102695e-01
6.263995198238415441e+00,-1.127226210109059518e-01
6.269468521860972032e+00,-1.128980795749761207e-01
6.274941845483527736e+00,-1.127962400453152159e-01
6.280415169106083439e+00,-1.126209094284242734e-01
6.285888492728639143e+00,-1.124455788115333171e-01
6.291361816351194847e+00,-1.122702481946423608e-01
6.296835139973750550e+00,-1.120949175777514045e-01
6.302308463596306254e+00,-1.117847206761039408e-01
6.307781787218861957e+00,-1.115886545408484726e-01
6.313255110841418549e+00,-1.114131675208911015e-01
6.318728434463974253e+00,-1.112376805009338276e-01
6.324201758086529956e+00,-1.110621934809764982e-01
6.329675081709085660e+00,-1.108867064610191966e-01
6.335148405331641364e+00,-1.106054160517833812e-01
6.340621728954197067e+00,-1.100755657834737583e-01
6.346095052576752771e+00,-1.095457155151641493e-01
6.351568376199308474e+00,-1.090158652468545264e-01
6.357041699821865066e+00,-1.084860149785448341e-01
6.362515023444420770e+00,-1.079737979042158375e-01
6.367988347066976473e+00,-1.075052048174964664e-01
6.373461670689532177e+00,-1.069754791982902575e-01
6.378934994312087881e+00,-1.064457535790840487e-01
6.384408317934643584e+00,-1.059160279598777982e-01
6.389881641557199288e+00,-1.053863023406715893e-01
6.395354965179754991e+00,-1.046978892326122373e-01
6.400828288802311583e+00,-1.041679953391559804e-01
6.406301612424867287e+00,-1.036381014456997790e-01
6.411774936047422990e+00,-1.031082075522435637e-01
6.417248259669978694e+00,-1.025783136587873901e-01
6.422721583292534397e+00,-1.020484197653311886e-01
6.428194906915090101e+00,-1.013734664316873479e-01
6.433668230537645805e+00,-1.006663164682197464e-01
6.439141554160201508e+00,-9.995916650475208942e-02
6.444614877782758100e+00,-9.925201654128432138e-02
6.450088201405313804e+00,-9.854486657781671988e-02
6.455561525027869507e+00,-9.799529295840656018e-02
6.461034848650425211e+00,-9.804634099540446290e-02
6.466508172272980914e+00,-9.804846168793975025e-02
6.471981495895536618e+00,-9.805058238047503760e-02
6.477454819518092322e+00,-9.805270307301032495e-02
6.482928143140648025e+00,-9.805482376554561230e-02
6.488401466763204617e+00,-9.826182813760704626e-02
6.493874790385760321e+00,-9.879579490350483273e-02
6.499348114008316024e+00,-9.932976166940256368e-02
6.504821437630871728e+00,-9.986372843530029464e-02
6.510294761253427431e+00,-1.003976952011980256e-01
6.515768084875983135e+00,-1.009316619670957427e-01
6.521241408498538839e+00,-1.006664299442406596e-01
6.526714732121094542e+00,-1.004910376305211128e-01
6.532188055743651134e+00,-1.003156453168016077e-01
6.537661379366206837e+00,-1.001402530030819915e-01
6.543134702988762541e+00,-9.996486068936250025e-02
6.548608026611318245e+00,-9.969842399854195181e-02
6.554081350233873948e+00,-9.945008858182820266e-02
6.559554673856429652e+00,-9.927453986444083334e-02
6.565027997478985355e+00,-9.909899114705347789e-02
6.570501321101541059e+00,-9.892344242966612244e-02
6.575974644724097651e+00,-9.874789371227876700e-02
6.581447968346653354e+00,-9.821773516539074322e-02
6.586921291969209058e+00,-9.733313097458812235e-02
6.592394615591764762e+00,-9.644852678378554312e-02
6.597867939214320465e+00,-9.556392259298296388e-02
6.603341262836876169e+00,-9.467931840218038464e-02
6.608814586459431872e+00,-9.379471421137780540e-02
6.614287910081987576e+00,-9.300001616700007134e-02
6.619761233704544168e+00,-9.229262587723320588e-02
6.625234557327099871e+00,-9.158523558746639592e-02
6.630707880949655575e+00,-9.087784529769965536e-02
6.636181204572211279e+00,-9.017045500793290091e-02
6.641654528194766982e+00,-8.928489780190339287e-02
6.647127851817322686e+00,-8.819864576764928354e-02
6.652601175439878389e+00,-8.713660134465954499e-02
6.658074499062434093e+00,-8.607455692166973704e-02
6.663547822684990685e+00,-8.501251249867983195e-02
6.669021146307546388e+00,-8.395046807569002401e-02
6.674494469930102092e+00,-8.251923131595770289e-02
6.679967793552657795e+00,-8.092537807538932593e-02
6.685441117175213499e+00,-7.933152483482096284e-02
6.690914440797769203e+00,-7.773767159425259976e-02
6.696387764420324906e+00,-7.614381835368434770e-02
6.701861088042880610e+00,-7.457827666504239505e-02
6.707334411665437202e+00,-7.351629266331247137e-02
6.712807735287992905e+00,-7.245430572240547928e-02
6.718281058910548609e+00,-7.139231878149843169e-02
6.723754382533104312e+00,-7.033033184059143961e-02
6.729227706155660016e+00,-6.926834489968444752e-02
6.734701029778215720e+00,-6.827949027579097163e-02
6.740174353400771423e+00,-6.673555585032647786e-02
6.745647677023327127e+00,-6.514222820579151918e-02
6.751121000645883719e+00,-6.354890056125668540e-02
6.756594324268439422e+00,-6.195557291672207367e-02
6.762067647890995126e+00,-6.036224527218746194e-02
6.767540971513550829e+00,-5.853104232302723531e-02
6.773014295136106533e+00,-5.640624215203444980e-02
6.778487618758662236e+00,-5.428144198104178225e-02
6.783960942381217940e+00,-5.215664181004910777e-02
6.789434266003773644e+00,-5.003184163905644022e-02
6.794907589626330235e+00,-4.795319328664732206e-02
6.800380913248885939e+00,-4.652321254028458919e-02
6.805854236871441643e+00,-4.528436138857103166e-02
6.811327560493997346e+00,-4.404551023685757821e-02
6.816800884116553050e+00,-4.280665908514413170e-02
6.822274207739108753e+00,-4.156780793343068520e-02
6.827747531361664457e+00,-4.050243445981963758e-02
6.833220854984220161e+00,-3.926526196210051306e-02
6.838694178606775864e+00,-3.802665988912639489e-02
6.844167502229332456e+00,-3.678805781615215875e-02
6.849640825851888160e+00,-3.554945574317804058e-02
6.855114149474443863e+00,-3.431085367020381138e-02
6.860587473096999567e+00,-3.354923190653562315e-02
6.866060796719555270e+00,-3.266540037886704606e-02
6.871534120342110974e+00,-3.178156885119846897e-02
6.877007443964666678e+00,-3.089773732352978086e-02
6.882480767587222381e+00,-3.001390579586109275e-02
6.887954091209778973e+00,-2.931405717561944013e-02
6.893427414832334676e+00,-2.906588407431422508e-02
6.898900738454890380e+00,-2.871408584519519885e-02
6.904374062077446084e+00,-2.836228761607605814e-02
6.909847385700001787e+00,-2.801048938695703192e-02
6.915320709322557491e+00,-2.765869115783795018e-02
6.920794032945113194e+00,-2.751928767010338242e-02
6.926267356567668898e+00,-2.769927112394796748e-02
6.931740680190225490e+00,-2.787925457779252131e-02
6.937214003812781193e+00,-2.805923803163710636e-02
6.942687327435336897e+00,-2.823922148548166366e-02
6.948160651057892601e+00,-2.841920493932624872e-02
6.953633974680448304e+00,-2.761357795491801298e-02
6.959107298303004008e+00,-2.672993258116469067e-02
6.964580621925559711e+00,-2.584628720741147939e-02
6.970053945548115415e+00,-2.496264183365826811e-02
6.975527269170672007e+00,-2.407899645990494233e-02
6.981000592793227710e+00,-2.299269560983032215e-02
6.986473916415783414e+00,-2.140007290732285142e-02
6.991947240038339118e+00,-1.980745075363927327e-02
6.997420563660894821e+00,-1.821482859995569512e-02
7.002893887283450525e+00,-1.662220644627200247e-02
7.008367210906006228e+00,-1.502958429258842432e-02
7.013840534528561932e+00,-1.350707069261142083e-02
7.019313858151118524e+00,-1.244590312466624556e-02
7.024787181773674227e+00,-1.138473555672141029e-02
7.030260505396229931e+00,-1.032356798877646052e-02
7.035733829018785634e+00,-9.262400420831625250e-03
7.041207152641341338e+00,-8.204589030709526914e-03
7.046680476263897042e+00,-7.857018890747326928e-03
7.052153799886452745e+00,-7.327890269798160473e-03
7.057627123509008449e+00,-6.798761648848994886e-03
7.063100447131565041e+00,-6.269633027899658428e-03
7.068573770754120744e+00,-5.740504406950492841e-03
7.074047094376676448e+00,-5.340132782967003770e-03
7.079520417999232151e+00,-5.315126115253906991e-03
7.084993741621787855e+00,-5.317777514741298291e-03
7.090467065244343559e+00,-5.320428914228690458e-03
7.095940388866899262e+00,-5.323080313716082625e-03
7.101413712489454966e+00,-5.325731713203473924e-03
7.106887036112011558e+00,-5.072161976281336533e-03
7.112360359734567261e+00,-4.720267849121142535e-03
7.117833683357122965e+00,-4.368373721960949405e-03
7.123307006979678668e+00,-4.016479594800756274e-03
7.128780330602234372e+00,-3.664585467640591766e-03
7.134253654224790075e+00,-3.298144054173860525e-03
7.139726977847345779e+00,-2.768998564819071233e-03
7.145200301469901483e+00,-2.239853016760719098e-03
7.150673625092458074e+00,-1.710707468702253120e-03
7.156146948715013778e+00,-1.181561920643957797e-03
7.161620272337569482e+00,-6.524163725856055524e-04
7.167093595960125185e+00,-1.232828037499871150e-04
7.172566919582680889e+00,4.058357252864652786e-04
7.178040243205236592e+00,9.349542658434870828e-04
7.183513566827792296e+00,1.464072806400451912e-03
7.188986890450348000e+00,1.993191346957416850e-03
7.194460214072904591e+00,2.522309887514495412e-03
7.199933537695460295e+00,3.099138076909696473e-03
7.205406861318015999e+00,3.805401364929196159e-03
7.210880184940571702e+00,4.511664652948639033e-03
7.216353508563127406e+00,5.217927940968138285e-03
7.221826832185683109e+00,5.924191228987581159e-03
7.227300155808238813e+00,6.573754213401969068e-03
7.232773479430794517e+00,6.814623638452985480e-03
7.238246803053351108e+00,6.989127747120832575e-03
7.243720126675906812e+00,7.163631855788651047e-03
7.249193450298462515e+00,7.338135964456469519e-03
7.254666773921018219e+00,7.512640073124287991e-03
7.260140097543573923e+00,7.871278111589958409e-03
7.265613421166129626e+00,9.096159212975180389e-03
7.271086744788685330e+00,1.033381251522177968e-02
7.276560068411241033e+00,1.157146581746860622e-02
7.282033392033797625e+00,1.280911911971520552e-02
7.287506715656353329e+00,1.404677242196180481e-02
7.292980039278909032e+00,1.626722422670411408e-02
7.298453362901464736e+00,1.786013017212587789e-02
7.303926686524020440e+00,1.945303611754764170e-02
7.309400010146576143e+00,2.104594206296940204e-02
7.314873333769131847e+00,2.263884800839116584e-02
7.320346657391687550e+00,2.406366352460471980e-02
7.325819981014244142e+00,2.531547390081436907e-02
7.331293304636799846e+00,2.673075712005538659e-02
7.336766628259355549e+00,2.814604033929629309e-02
7.342239951881911253e+00,2.956132355853731061e-02
7.347713275504466957e+00,3.097660677777832813e-02
7.353186599127022660e+00,3.207498755817539404e-02
7.358659922749578364e+00,3.295847873539901191e-02
7.364133246372134067e+00,3.384196991262257426e-02
7.369606569994690659e+00,3.472546108984630314e-02
7.375079893617246363e+00,3.560895226706992100e-02
7.380553217239802066e+00,3.649244344429365683e-02
7.386026540862357770e+00,3.662721473973386960e-02
7.391499864484913473e+00,3.662438636824255633e-02
7.396973188107469177e+00,3.662155799675125001e-02
7.402446511730024881e+00,3.661872962525992981e-02
7.407919835352580584e+00,3.661590125376860960e-02
7.413393158975137176e+00,3.672458380860925409e-02
7.418866482597692880e+00,3.748037338511096828e-02
7.424339806220248583e+00,3.836360198978695790e-02
7.429813129842804287e+00,3.924683059446306549e-02
7.435286453465359990e+00,4.013005919913916614e-02
7.440759777087915694e+00,4.101328780381527372e-02
7.446233100710471398e+00,4.189649875315092087e-02
7.451706424333027101e+00,4.277969948090742242e-02
7.457179747955583693e+00,4.366290020866404192e-02
7.462653071578139397e+00,4.454610093642054347e-02
7.468126395200695100e+00,4.542930166417704502e-02
7.473599718823250804e+00,4.631829439165835449e-02
7.479073042445806507e+00,4.729515080405564953e-02
7.484546366068362211e+00,4.817842740587582190e-02
7.490019689690917915e+00,4.906170400769576528e-02
7.495493013313473618e+00,4.994498060951570867e-02
7.500966336936030210e+00,5.082825721133565205e-02
7.506439660558585913e+00,5.185039234910527456e-02
7.511912984181141617e+00,5.308814432802148875e-02
7.517386307803697321e+00,5.432589612556353031e-02
7.522859631426253024e+00,5.556364792310546086e-02
7.528332955048808728e+00,5.680139972064750936e-02
7.533806278671364431e+00,5.803915151818955787e-02
7.539279602293920135e+00,5.887774645009460212e-02
7.544752925916475839e+00,5.958370714781983934e-02
7.550226249539032430e+00,6.028966784554518066e-02
7.555699573161588134e+00,6.099562854327041095e-02
7.561172896784143838e+00,6.170158924099553022e-02
7.566646220406699541e+00,6.236864654364421973e-02
7.572119544029255245e+00,6.252908207732235657e-02
7.577592867651810948e+00,6.252609448804258285e-02
7.583066191274366652e+00,6.252310689876282301e-02
7.588539514896922356e+00,6.252011930948304930e-02
7.594012838519478947e+00,6.251713172020327558e-02
7.599486162142034651e+00,6.301320094349892320e-02
7.604959485764590355e+00,6.423245285764130064e-02
7.610432809387146058e+00,6.547022891944197232e-02
7.615906133009701762e+00,6.670800498124265787e-02
7.621379456632257465e+00,6.794578104304344057e-02
7.626852780254813169e+00,6.918355710484411225e-02
7.632326103877368872e+00,7.070130386272763245e-02
7.637799427499925464e+00,7.264762259600569816e-02
7.643272751122481168e+00,7.459394132928309773e-02
7.648746074745036871e+00,7.654026006256071935e-02
7.654219398367592575e+00,7.848657879583811892e-02
7.659692721990148279e+00,8.023455387562149210e-02
7.665166045612703982e+00,8.101020684759988044e-02
7.670639369235259686e+00,8.171595666235408062e-02
7.676112692857815389e+00,8.242170647710839182e-02
7.681586016480371981e+00,8.312745629186281404e-02
7.687059340102927685e+00,8.383320610661701422e-02
7.692532663725483388e+00,8.482906549969050636e-02
7.698005987348039092e+00,8.589626297700692081e-02
7.703479310970594796e+00,8.695659577887658587e-02
7.708952634593150499e+00,8.801692858074625092e-02
7.714425958215706203e+00,8.907726138261580495e-02
7.719899281838261906e+00,9.013759418448547001e-02
7.725372605460818498e+00,9.146243210126044076e-02
7.730845929083374202e+00,9.270009138166176998e-02
7.736319252705929905e+00,9.393775066206319635e-02
7.741792576328485609e+00,9.517540994246451169e-02
7.747265899951041312e+00,9.641306922286582703e-02
7.752739223573597016e+00,9.755739265519747239e-02
7.758212547196152720e+00,9.832146455743688562e-02
7.763685870818708423e+00,9.902743366698800453e-02
7.769159194441265015e+00,9.973340277653923447e-02
7.774632518063820719e+00,1.004393718860903534e-01
7.780105841686376422e+00,1.011453409956414723e-01
7.785579165308932126e+00,1.019616082275913438e-01
7.791052488931487829e+00,1.028448128458348959e-01
7.796525812554043533e+00,1.037280174640784480e-01
7.801999136176600125e+00,1.046112220823222222e-01
7.807472459799154940e+00,1.054944267005657882e-01
7.812945783421711532e+00,1.063776313188094513e-01
7.818419107044266347e+00,1.072988591160243116e-01
7.823892430666822939e+00,1.080049746889418655e-01
7.829365754289377755e+00,1.087110902618591973e-01
7.834839077911934346e+00,1.094172058347767512e-01
7.840312401534490938e+00,1.101233214076943051e-01
7.845785725157045754e+00,1.108294265745058682e-01
7.851259048779602345e+00,1.117974885346314368e-01
7.856732372402157161e+00,1.128578932383809963e-01
7.862205696024713752e+00,1.139182979421309999e-01
7.867679019647268568e+00,1.149787026458807815e-01
7.873152343269825160e+00,1.160391073496307990e-01
7.878625666892381751e+00,1.173641401522573929e-01
7.884098990514936567e+00,1.189561269804654542e-01
7.889572314137493159e+00,1.205481138086739734e-01
7.895045637760047974e+00,1.221401006368820347e-01
7.900518961382604566e+00,1.237320874650905539e-01
7.905992285005159381e+00,1.253036059319889428e-01
7.911465608627715973e+00,1.267800128458213826e-01
7.916938932250270788e+00,1.285488367487755690e-01
7.922412255872827380e+00,1.303176606517304215e-01
7.927885579495383972e+00,1.320864845546852739e-01
7.933358903117938787e+00,1.338553084576394603e-01
7.938832226740495379e+00,1.356241206738943716e-01
7.944305550363050195e+00,1.369655736129828938e-01
7.949778873985606786e+00,1.382030293070980742e-01
7.955252197608161602e+00,1.394404850012127828e-01
7.960725521230718194e+00,1.406779406953279354e-01
7.966198844853274785e+00,1.419153963894431159e-01
7.971672168475829601e+00,1.429911729921657382e-01
7.977145492098386192e+00,1.445826030947328089e-01
7.982618815720941008e+00,1.461740331972994356e-01
7.988092139343497600e+00,1.477654632998665063e-01
7.993565462966052415e+00,1.493568934024328831e-01
7.999038786588609007e+00,1.509246836228098909e-01
8.004512110211164710e+00,1.523388676109866668e-01
8.009985433833721302e+00,1.537530492558628337e-01
8.015458757456277894e+00,1.551672309007387784e-01
8.020932081078832709e+00,1.565814125456147510e-01
8.026405404701389301e+00,1.579955941904906958e-01
8.031878728323944117e+00,1.591481991827887466e-01
8.037352051946500708e+00,1.598766555625112384e-01
8.042825375569055524e+00,1.605819726534333525e-01
8.048298699191612116e+00,1.612872897443554665e-01
8.053772022814168707e+00,1.619926068352778026e-01
8.059245346436723523e+00,1.626979239261996668e-01
8.064718670059280115e+00,1.640861999654084635e-01
8.070191993681834930e+00,1.658546290345015994e-01
8.075665317304391522e+00,1.676230581035952072e-01
8.081138640926946337e+00,1.693914871726883709e-01
8.086611964549502929e+00,1.711599162417819509e-01
8.092085288172057744e+00,1.729283399999046733e-01
8.097558611794614336e+00,1.745940965217121221e-01
8.103031935417170928e+00,1.761854040741893668e-01
8.108505259039725743e+00,1.777767116266661673e-01
8.113978582662282335e+00,1.793680191791438561e-01
8.119451906284837150e+00,1.809593267316206566e-01
8.124925229907393742e+00,1.825506195789021180e-01
8.130398553529948558e+00,1.836454390904972422e-01
8.135871877152505149e+00,1.847053708372607128e-01
8.141345200775061741e+00,1.857653025840242111e-01
8.146818524397616557e+00,1.868252343307873486e-01
8.152291848020173148e+00,1.878851660775508192e-01
8.157765171642727964e+00,1.888424398466424792e-01
8.163238495265284556e+00,1.895480485678114613e-01
8.168711818887839371e+00,1.902536572889801381e-01
8.174185142510395963e+00,1.909592660101491202e-01
8.179658466132950778e+00,1.916648747313177970e-01
8.185131789755507370e+00,1.925221927155297275e-01
8.190605113378063962e+00,1.937595240722382595e-01
8.196078437000618777e+00,1.949968558959281062e-01
8.201551760623175369e+00,1.962341877196183693e-01
8.207025084245730184e+00,1.974715195433080772e-01
8.212498407868286776e+00,1.987088513669983680e-01
8.217971731490841591e+00,2.004025089029163320e-01
8.223445055113398183e+00,2.019945073130173796e-01
8.228918378735952999e+00,2.035865057231177333e-01
8.234391702358509590e+00,2.051785041332185588e-01
8.239865025981066182e+00,2.067705025433193566e-01
8.245338349603620998e+00,2.083633038032365881e-01
8.250811673226177589e+00,2.104354397136930788e-01
8.256284996848732405e+00,2.127360136401437174e-01
8.261758320471288997e+00,2.150365875665954662e-01
8.267231644093843812e+00,2.173371614930463269e-01
8.272704967716400404e+00,2.196377354194978537e-01
8.278178291338956996e+00,2.220021174441253742e-01
8.283651614961511811e+00,2.243543476959230232e-01
8.289124938584068403e+00,2.266550141272589414e-01
8.294598262206623218e+00,2.289556805585939436e-01
8.300071585829179810e+00,2.312563469899298618e-01
8.305544909451734625e+00,2.335570134212650861e-01
8.311018233074291217e+00,2.350830405027256043e-01
8.316491556696846033e+00,2.361432259139367440e-01
8.321964880319402624e+00,2.372034113251483278e-01
8.327438203941959216e+00,2.382635967363598006e-01
8.332911527564514031e+00,2.393237821475710514e-01
8.338384851187070623e+00,2.404111516585449027e-01
8.343858174809625439e+00,2.417517647868411279e-01
8.349331498432182030e+00,2.429892777449331465e-01
8.354804822054736846e+00,2.442267907030246654e-01
8.360278145677293438e+00,2.454643036611166840e-01
8.365751469299850029e+00,2.467018166192086748e-01
8.371224792922404845e+00,2.484792111750307453e-01
8.376698116544961437e+00,2.509572268993435773e-01
8.382171440167516252e+00,2.534352440825821118e-01
8.387644763790072844e+00,2.559132612658215900e-01
8.393118087412627659e+00,2.583912784490601244e-01
8.398591411035184251e+00,2.608692956322993250e-01
8.404064734657739066e+00,2.628809978993781327e-01
8.409538058280295658e+00,2.644731566504972542e-01
8.415011381902852250e+00,2.660653154016163202e-01
8.420484705525407065e+00,2.676574741527349421e-01
8.425958029147963657e+00,2.692496329038540082e-01
8.431431352770518473e+00,2.709221469277933725e-01
8.436904676393075064e+00,2.729607818498658856e-01
8.442378000015629880e+00,2.749074861729124408e-01
8.447851323638186471e+00,2.768541904959597177e-01
8.453324647260743063e+00,2.788008948190067171e-01
8.458797970883297879e+00,2.807475991420532724e-01
8.464271294505854470e+00,2.828747367543612556e-01
8.469744618128409286e+00,2.851758346416359280e-01
8.475217941750965878e+00,2.874769343032744229e-01
8.480691265373520693e+00,2.897780339649120851e-01
8.486164588996077285e+00,2.920791336265504134e-01
8.491637912618632100e+00,2.943802332881889638e-01
8.497111236241188692e+00,2.966478968852098719e-01
8.502584559863745284e+00,2.987718765619309935e-01
8.508057883486300099e+00,3.008958562386516156e-01
8.513531207108856691e+00,3.030198359153727372e-01
8.519004530731411506e+00,3.051438155920931372e-01
8.524477854353968098e+00,3.071881302398642988e-01
8.529951177976522914e+00,3.091497794144424938e-01
8.535424501599079505e+00,3.112734741337610522e-01
8.540897825221636097e+00,3.133971688530793887e-01
8.546371148844190913e+00,3.155208635723972810e-01
8.551844472466747504e+00,3.176445582917156174e-01
8.557317796089302320e+00,3.195617403224781383e-01
8.562791119711858912e+00,3.211722044639550577e-01
8.568264443334413727e+00,3.227643214288113960e-01
8.573737766956970319e+00,3.243564383936682338e-01
8.579211090579525134e+00,3.259485553585245721e-01
8.584684414202081726e+00,3.275406723233814099e-01
8.590157737824638318e+00,3.304999260594069233e-01
8.595631061447193133e+00,3.331556775553218830e-01
8.601104385069749725e+00,3.358114290512372868e-01
8.606577708692304540e+00,3.384671805471522466e-01
8.612051032314861132e+00,3.411229320430676504e-01
8.617524355937415947e+00,3.437258404696112435e-01
8.622997679559972539e+00,3.464181633316514852e-01
8.628471003182529131e+00,3.492507918250966070e-01
8.633944326805083946e+00,3.520834203185407851e-01
8.639417650427640538e+00,3.549160488119859069e-01
8.644890974050195354e+00,3.577486773054300850e-01
8.650364297672751945e+00,3.602328681351784634e-01
8.655837621295306761e+00,3.621950145816251743e-01
8.661310944917863353e+00,3.641418498922064373e-01
8.666784268540418168e+00,3.660886852027870342e-01
8.672257592162974760e+00,3.680355205133680752e-01
8.677730915785531352e+00,3.699776577665609412e-01
8.683204239408086167e+00,3.714048161157368355e-01
8.688677563030642759e+00,3.724657173355949702e-01
8.694150886653197574e+00,3.735266185554526053e-01
8.699624210275754166e+00,3.745875197753106289e-01
8.705097533898308981e+00,3.756484209951686526e-01
8.710570857520865573e+00,3.767751940491922413e-01
8.716044181143422165e+00,3.781312847434169511e-01
8.721517504765976980e+00,3.795465742828464384e-01
8.726990828388533572e+00,3.809618638222764253e-01
8.732464152011088387e+00,3.823771533617059681e-01
8.737937475633644979e+00,3.837924429011361771e-01
8.743410799256199795e+00,3.849634736729454776e-01
8.748884122878756386e+00,3.867327468727581596e-01
8.754357446501311202e+00,3.885020200725701756e-01
8.759830770123867794e+00,3.902712932723828576e-01
8.765304093746424385e+00,3.920405664721955397e-01
8.770777417368979201e+00,3.937786701606230122e-01
8.776250740991535793e+00,3.952598143978383605e-01
8.781724064614090608e+00,3.968517116107542764e-01
8.787197388236647200e+00,3.984436088236706364e-01
8.792670711859202015e+00,4.000355060365865523e-01
8.798144035481758607e+00,4.016274032495029123e-01
8.803617359104315199e+00,4.034563950683359712e-01
8.809090682726870014e+00,4.051925821572948117e-01
8.814564006349426606e+00,4.067847964995394694e-01
8.820037329971981421e+00,4.083770108417839606e-01
8.825510653594538013e+00,4.099692251840288404e-01
8.830983977217092828e+00,4.115614395262731096e-01
8.836457300839649420e+00,4.125002292854263453e-01
8.841930624462204236e+00,4.139147200512208191e-01
8.847403948084760827e+00,4.153292108170154595e-01
8.852877271707317419e+00,4.167437015828103219e-01
8.858350595329872235e+00,4.181581923486047403e-01
8.863823918952428826e+00,4.196014251628658598e-01
8.869297242574983642e+00,4.213482558050142268e-01
8.874770566197540234e+00,4.232941307885867976e-01
8.880243889820095049e+00,4.252400057721587023e-01
8.885717213442651641e+00,4.271858807557313287e-01
8.891190537065208233e+00,4.291317557393038995e-01
8.896663860687763048e+00,4.311697506326965801e-01
8.902137184310319640e+00,4.327318454380795210e-01
8.907610507932874455e+00,4.341465013808442630e-01
8.913083831555431047e+00,4.355611573236096712e-01
8.918557155177985862e+00,4.369758132663748573e-01
8.924030478800542454e+00,4.383904692091402655e-01
8.929503802423097270e+00,4.411536535497256328e-01
8.934977126045653861e+00,4.438089994330147170e-01
8.940450449668210453e+00,4.464643453163033571e-01
8.945923773290765268e+00,4.491196911995915531e-01
8.951397096913321860e+00,4.517750370828801931e-01
8.956870420535876676e+00,4.546387017159879695e-01
8.962343744158433267e+00,4.583563812029360363e-01
8.967817067780988083e+00,4.622514485784949834e-01
8.973290391403544675e+00,4.661465159540548742e-01
8.978763715026099490e+00,4.700415833296137658e-01
8.984237038648656082e+00,4.739366507051741007e-01
8.989710362271212674e+00,4.774126315631076478e-01
8.995183685893767489e+00,4.807496006755743734e-01
9.000657009516324081e+00,4.841130828760026317e-01
9.006130333138878896e+00,4.874765650764300018e-01
9.011603656761435488e+00,4.908400472768582601e-01
9.017076980383990303e+00,4.942035294772856302e-01
9.022550304006546895e+00,4.967024914300302574e-01
9.028023627629103487e+00,4.997110747215863236e-01
9.033496951251658302e+00,5.027196580131410020e-01
9.038970274874214894e+00,5.057282413046970682e-01
9.044443598496769710e+00,5.087368245962522462e-01
9.049916922119326301e+00,5.116913804771495711e-01
9.055390245741881117e+00,5.146209530567830148e-01
9.060863569364437708e+00,5.176293533384077605e-01
9.066336892986992524e+00,5.206377536200316181e-01
9.071810216609549116e+00,5.236461539016563638e-01
9.077283540232105707e+00,5.266545541832811095e-01
9.082756863854660523e+00,5.302489156883434251e-01
9.088230187477217115e+00,5.338219181114722822e-01
9.093703511099771930e+00,5.373619428940729081e-01
9.099176834722328522e+00,5.409019676766743112e-01
9.104650158344883337e+00,5.444419924592752702e-01
9.110123481967439929e+00,5.479756340584573948e-01
9.115596805589996521e+00,5.511613594981763509e-01
9.121070129212551336e+00,5.543470903552638607e-01
9.126543452835107928e+00,5.575328212123522587e-01
9.132016776457662743e+00,5.607185520694406566e-01
9.137490100080219335e+00,5.639042829265290546e-01
9.142963423702774151e+00,5.669572823627693214e-01
9.148436747325330742e+00,5.697886887741496764e-01
9.153910070947885558e+00,5.726200978582027812e-01
9.159383394570442150e+00,5.754515069422568851e-01
9.164856718192998741e+00,5.782829160263108781e-01
9.170330041815553557e+00,5.811143251103639829e-01
9.175803365438110148e+00,5.842048267986954535e-01
9.181276689060664964e+00,5.873904696158313010e-01
9.186750012683221556e+00,5.905761127040030090e-01
9.192223336305776371e+00,5.937617557921737177e-01
9.197696659928332963e+00,5.969473988803454256e-01
9.203169983550889555e+00,6.001330374222132447e-01
9.208643307173444370e+00,6.032629068977446440e-01
9.214116630796000962e+00,6.062715147334595267e-01
9.219589954418555777e+00,6.092801225691735212e-01
9.225063278041112369e+00,6.122887304048888479e-01
9.230536601663667184e+00,6.152973382406028424e-01
9.236009925286223776e+00,6.183846705675873912e-01
9.241483248908778592e+00,6.219244469343284676e-01
9.246956572531335183e+00,6.256410323642562776e-01
9.252429896153891775e+00,6.293576177941836436e-01
9.257903219776446591e+00,6.330742032241096773e-01
9.263376543399003182e+00,6.367907886540374873e-01
9.268849867021557998e+00,6.425010289626343907e-01
9.274323190644114590e+00,6.492261912971052373e-01
9.279796514266669405e+00,6.559513536315744187e-01
9.285269837889225997e+00,6.626765159660462645e-01
9.290743161511782588e+00,6.694016783005172222e-01
9.296216485134337404e+00,6.752526739227743269e-01
9.301689808756893996e+00,6.765705393400983647e-01
9.307163132379448811e+00,6.783376572370959368e-01
9.312636456002005403e+00,6.801047751340936198e-01
9.318109779624560218e+00,6.818718930310913029e-01
9.323583103247116810e+00,6.836390109280889860e-01
9.329056426869671625e+00,6.866753051712084499e-01
9.334529750492228217e+00,6.904130344287409127e-01
9.340003074114784809e+00,6.939519228882754520e-01
9.345476397737339624e+00,6.974908113478077709e-01
9.350949721359896216e+00,7.010296998073413111e-01
9.356423044982451032e+00,7.045685882668736300e-01
9.361896368605007623e+00,7.081074359809444996e-01
9.367369692227562439e+00,7.116462758646898701e-01
9.372843015850119031e+00,7.151851157484361288e-01
9.378316339472675622e+00,7.187239556321823875e-01
9.383789663095230438e+00,7.222627955159277580e-01
9.389262986717787030e+00,7.257619756607041062e-01
9.394736310340341845e+00,7.288998583065882109e-01
9.400209633962898437e+00,7.317306532272372932e-01
9.405682957585453252e+00,7.345614481478855984e-01
9.411156281208009844e+00,7.373922430685347917e-01
9.416629604830564659e+00,7.402230379891829859e-01
9.422102928453121251e+00,7.425397021026186595e-01
9.427576252075677843e+00,7.454436215384230291e-01
9.433049575698232658e+00,7.486276092417888384e-01
9.438522899320789250e+00,7.518115969451555358e-01
9.443996222943344065e+00,7.549955846485217892e-01
9.449469546565900657e+00,7.581795723518884866e-01
9.454942870188455473e+00,7.609872158211153925e-01
9.460416193811012064e+00,7.634629990620162010e-01
9.465889517433568656e+00,7.659387823029175646e-01
9.471362841056123472e+00,7.684145655438175959e-01
9.476836164678680063e+00,7.708903487847189595e-01
9.482309488301234879e+00,7.731580830080756472e-01
9.487782811923791471e+00,7.748405200677785931e-01
9.493256135546346286e+00,7.764306178079783960e-01
9.498729459168902878e+00,7.780207155481788650e-01
9.504202782791457693e+00,7.796108132883788899e-01
9.509676106414014285e+00,7.812009110285792479e-01
9.515149430036570877e+00,7.825602493802070736e-01
9.520622753659125692e+00,7.837959403049876705e-01
9.526096077281682284e+00,7.850316308553652034e-01
9.531569400904237099e+00,7.862673214057421811e-01
9.537042724526793691e+00,7.875030119561194919e-01
9.542516048149348507e+00,7.887434584039849650e-01
9.547989371771905098e+00,7.906428201401868305e-01
9.553462695394461690e+00,7.931181023118042406e-01
9.558936019017016505e+00,7.955933844834216506e-01
9.564409342639573097e+00,7.980686666550400599e-01
9.569882666262127913e+00,8.005439488266565817e-01
9.575355989884684504e+00,8.025008014077257279e-01
9.580829313507239320e+00,8.035588073319315239e-01
9.586302637129795912e+00,8.046168102011685974e-01
9.591775960752350727e+00,8.056748130704052269e-01
9.597249284374907319e+00,8.067328159396423004e-01
9.602722607997463911e+00,8.077908188088792629e-01
9.608195931620018726e+00,8.078226382404650741e-01
9.613669255242575318e+00,8.080965201248221375e-01
9.619142578865130133e+00,8.084452676785730540e-01
9.624615902487686725e+00,8.087940152323238596e-01
9.630089226110241540e+00,8.091427627860747762e-01
9.635562549732798132e+00,8.094184912479253091e-01
9.641035873355352948e+00,8.088810001804572769e-01
9.646509196977909539e+00,8.083435044988100948e-01
9.651982520600466131e+00,8.078060088171630237e-01
9.657455844223020947e+00,8.072685131355161747e-01
9.662929167845577538e+00,8.067310174538691037e-01
9.668402491468132354e+00,8.061152081662423807e-01
9.673875815090688945e+00,8.055079602048875742e-01
9.679349138713243761e+00,8.049703584090293074e-01
9.684822462335800353e+00,8.044327566131708185e-01
9.690295785958356944e+00,8.038951548173123296e-01
9.695769109580911760e+00,8.033575530214540628e-01
9.701242433203468352e+00,8.026779292953564182e-01
9.706715756826023167e+00,8.014506139911560245e-01
9.712189080448579759e+00,8.002040471747032813e-01
9.717662404071134574e+00,7.989574803582512041e-01
9.723135727693691166e+00,7.977109135417984609e-01
9.728609051316245981e+00,7.965214192628103929e-01
9.734082374938802573e+00,7.955724453636532356e-01
9.739555698561359165e+00,7.945032281041812805e-01
9.745029022183913980e+00,7.934340108447095474e-01
9.750502345806470572e+00,7.923647935852372592e-01
9.755975669429025388e+00,7.912955763257655262e-01
9.761448993051581979e+00,7.901340105018375137e-01
9.766922316674136795e+00,7.887670608673803541e-01
9.772395640296693387e+00,7.873432434564078264e-01
9.777868963919249978e+00,7.859194260454349656e-01
9.783342287541804794e+00,7.844956086344628821e-01
9.788815611164361385e+00,7.830717912234901323e-01
9.794288934786916201e+00,7.817909366536250904e-01
9.799762258409472793e+00,7.801898740196395732e-01
9.805235582032027608e+00,7.785888113856545001e-01
9.810708905654584200e+00,7.769877487516689829e-01
9.816182229277139015e+00,7.753866861176839098e-01
9.821655552899695607e+00,7.738711390084204167e-01
9.827128876522252199e+00,7.724143307634322442e-01
9.832602200144807014e+00,7.706360564325570595e-01
9.838075523767363606e+00,7.688577821016815417e-01
9.843548847389918421e+00,7.670795077708066900e-01
9.849022171012475013e+00,7.653012334399311722e-01
9.854495494635029829e+00,7.634162417267311707e-01
9.859968818257586420e+00,7.615943077217303125e-01
9.865442141880143012e+00,7.598159436385413246e-01
9.870915465502697828e+00,7.580375795553527807e-01
9.876388789125254419e+00,7.562592154721637927e-01
9.881862112747809235e+00,7.544808513889752488e-01
9.887335436370365827e+00,7.523611581446338903e-01
9.892808759992920642e+00,7.502280094712759917e-01
9.898282083615477234e+00,7.480948607979170939e-01
9.903755407238032049e+00,7.459617121245591953e-01
9.909228730860588641e+00,7.438285634512008526e-01
9.914702054483145233e+00,7.418099612428463718e-01
9.920175378105700048e+00,7.400315323708096527e-01
9.925648701728256640e+00,7.382531033153620914e-01
9.931122025350811455e+00,7.364746742599149743e-01
9.936595348973368047e+00,7.346962452044674130e-01
9.942068672595922862e+00,7.329178161490206289e-01
9.947541996218479454e+00,7.310181371739027378e-01
9.953015319841036046e+00,7.286202079317718461e-01
9.958488643463590861e+00,7.261323291499316435e-01
9.963961967086147453e+00,7.236444503680904416e-01
9.969435290708702269e+00,7.211565715862506831e-01
9.974908614331258860e+00,7.186845173392962804e-01
9.980381937953813676e+00,7.165514185826769022e-01
9.985855261576370268e+00,7.144183200372453690e-01
9.991328585198925083e+00,7.122852214918148350e-01
9.996801908821481675e+00,7.101521229463833018e-01
1.000227523244403827e+01,7.080190244009517686e-01
1.000774855606659308e+01,7.057420272287563412e-01
1.001322187968914967e+01,7.034491680343016862e-01
1.001869520331170449e+01,7.013159320269928276e-01
1.002416852693426108e+01,6.991826960196830809e-01
1.002964185055681590e+01,6.970494600123743334e-01
1.003511517417937249e+01,6.949162240050645867e-01
1.004058849780192908e+01,6.930548898480799469e-01
1.004606182142448390e+01,6.914375995798136554e-01
1.005153514504704049e+01,6.898364048130875004e-01
1.005700846866959530e+01,6.882352100463617894e-01
1.006248179229215189e+01,6.866340152796354124e-01
1.006795511591470671e+01,6.850553369149396943e-01
1.007342843953726330e+01,6.834890592227615969e-01
1.007890176315981812e+01,6.815332539572109827e-01
1.008437508678237471e+01,6.795774486916598134e-01
1.008984841040493130e+01,6.776216434261082000e-01
1.009532173402748612e+01,6.756658381605575858e-01
1.010079505765004271e+01,6.731908309115347544e-01
1.010626838127259752e+01,6.700591966770239605e-01
1.011174170489515411e+01,6.668613886997545315e-01
1.011721502851770893e+01,6.636635807224865458e-01
1.012268835214026552e+01,6.604657727452172278e-01
1.012816167576282211e+01,6.572679647679483539e-01
1.013363499938537693e+01,6.545224573341366092e-01
1.013910832300793352e+01,6.520322050947361392e-01
1.014458164663048834e+01,6.495441038233793485e-01
1.015005497025304493e+01,6.470560025520221137e-01
1.015552829387559974e+01,6.445679012806658781e-01
1.016100161749815634e+01,6.420423429822772476e-01
1.016647494112071115e+01,6.393767726283667852e-01
1.017194826474326774e+01,6.367112023358263428e-01
1.017742158836582433e+01,6.340456320432863446e-01
1.018289491198837915e+01,6.313800617507459023e-01
1.018836823561093574e+01,6.287144914582059041e-01
1.019384155923349056e+01,6.259472923007488587e-01
1.019931488285604715e+01,6.228529689232877864e-01
1.020478820647860196e+01,6.196550630290380557e-01
1.021026153010115856e+01,6.164571571347869927e-01
1.021573485372371515e+01,6.132592512405362628e-01
1.022120817734626996e+01,6.100613453462865321e-01
1.022668150096882655e+01,6.078584925185905874e-01
1.023215482459138137e+01,6.057252149397199803e-01
1.023762814821393796e+01,6.035919373608490401e-01
1.024310147183649278e+01,6.014586597819784330e-01
1.024857479545904937e+01,5.993253822031069378e-01
1.025404811908160418e+01,5.970346730806709301e-01
1.025952144270416078e+01,5.942930499739700334e-01
1.026499476632671737e+01,5.914500332652937731e-01
1.027046808994927218e+01,5.886070165566184009e-01
1.027594141357182878e+01,5.857639998479421406e-01
1.028141473719438359e+01,5.829209831392667684e-01
1.028688806081694018e+01,5.798445563985733520e-01
1.029236138443949500e+01,5.765065132426234751e-01
1.029783470806205159e+01,5.731310506278332051e-01
1.030330803168460818e+01,5.697555880130439343e-01
1.030878135530716300e+01,5.663801253982546635e-01
1.031425467892971959e+01,5.630152267863240967e-01
1.031972800255227440e+01,5.601721661586516188e-01
1.032520132617483100e+01,5.573291052442669313e-01
1.033067464979738581e+01,5.544860443298830210e-01
1.033614797341994240e+01,5.516429834154978895e-01
1.034162129704249722e+01,5.487999225011139792e-01
1.034709462066505381e+01,5.462954945936017159e-01
1.035256794428761040e+01,5.445207795573473453e-01
1.035804126791016522e+01,5.429195619311398824e-01
1.036351459153272181e+01,5.413183443049319754e-01
1.036898791515527662e+01,5.397171266787245125e-01
1.037446123877783322e+01,5.381159090525166055e-01
1.037993456240038803e+01,5.362512593759825030e-01
1.038540788602294462e+01,5.349120529646299582e-01
1.039088120964549944e+01,5.336652861076733867e-01
1.039635453326805603e+01,5.324185192507168152e-01
1.040182785689061262e+01,5.311717523937602436e-01
1.040730118051316744e+01,5.298519950478021157e-01
1.041277450413572403e+01,5.279765834460847795e-01
1.041824782775827885e+01,5.263749403539672578e-01
1.042372115138083544e+01,5.247732972618491809e-01
1.042919447500339025e+01,5.231716541697316591e-01
1.043466779862594684e+01,5.215700110776135823e-01
1.044014112224850344e+01,5.201328099459130438e-01
1.044561444587105825e+01,5.190938686672365021e-01
1.045108776949361484e+01,5.182014336316579373e-01
1.045656109311616966e+01,5.173089985960794834e-01
1.046203441673872625e+01,5.164165635605009186e-01
1.046750774036128107e+01,5.155241285249225758e-01
1.047298106398383766e+01,5.146316724673228871e-01
1.047845438760639247e+01,5.144086733280441859e-01
1.048392771122894906e+01,5.142250529901297718e-01
1.048940103485150566e+01,5.140414326522155797e-01
1.049487435847406047e+01,5.138578123143012766e-01
1.050034768209661706e+01,5.137391014508770892e-01
1.050582100571917188e+01,5.139632714666459989e-01
1.051129432934172847e+01,5.143112633768985864e-01
1.051676765296428329e+01,5.146592552871512849e-01
1.052224097658683988e+01,5.150072471974040944e-01
1.052771430020939647e+01,5.153552391076570149e-01
1.053318762383195129e+01,5.151268689666849143e-01
1.053866094745450788e+01,5.141784049913715737e-01
1.054413427107706269e+01,5.131083536357420316e-01
1.054960759469961928e+01,5.120383022801121564e-01
1.055508091832217410e+01,5.109682509244827253e-01
1.056055424194473069e+01,5.098981995688528501e-01
1.056602756556728551e+01,5.094626182585941798e-01
1.057150088918984210e+01,5.087473103092579052e-01
1.057697421281239869e+01,5.080320023599217416e-01
1.058244753643495351e+01,5.073166944105856890e-01
1.058792086005751010e+01,5.066013864612495254e-01
1.059339418368006491e+01,5.059325007849458933e-01
1.059886750730262150e+01,5.054604244973864846e-01
1.060434083092517632e+01,5.050995944625171763e-01
1.060981415454773291e+01,5.047387644276479790e-01
1.061528747817028950e+01,5.043779343927786707e-01
1.062076080179284432e+01,5.040171043579095844e-01
1.062623412541540091e+01,5.032155603295239699e-01
1.063170744903795573e+01,5.021454948411960828e-01
1.063718077266051232e+01,5.010754285135505803e-01
1.064265409628306713e+01,5.000053621859054109e-01
1.064812741990562373e+01,4.989352958582596864e-01
1.065360074352817854e+01,4.978652295306144615e-01
1.065907406715073513e+01,4.964779584799279277e-01
1.066454739077329172e+01,4.954077239188087733e-01
1.067002071439584654e+01,4.943374893576898410e-01
1.067549403801840313e+01,4.932672547965706866e-01
1.068096736164095795e+01,4.921970202354517543e-01
1.068644068526351454e+01,4.911874074222198350e-01
1.069191400888606935e+01,4.900576193787528623e-01
1.069738733250862595e+01,4.886328836537488507e-01
1.070286065613118254e+01,4.872081479287446726e-01
1.070833397975373735e+01,4.857834122037411606e-01
1.071380730337629394e+01,4.843586764787371490e-01
1.071928062699884876e+01,4.834321999398458747e-01
1.072475395062140535e+01,4.827167546488169703e-01
1.073022727424396017e+01,4.820013087093834581e-01
1.073570059786651676e+01,4.812858627699498348e-01
1.074117392148907157e+01,4.805704168305163781e-01
1.074664724511162817e+01,4.798328497650297675e-01
1.075212056873418476e+01,4.788485429018154993e-01
1.075759389235673957e+01,4.783101335902247842e-01
1.076306721597929617e+01,4.777717242786339580e-01
1.076854053960185098e+01,4.772333149670431873e-01
1.077401386322440757e+01,4.766949056554523612e-01
1.077948718684696239e+01,4.761564872501266588e-01
1.078496051046951898e+01,4.754342416513244185e-01
1.079043383409207557e+01,4.745413547542977062e-01
1.079590715771463039e+01,4.736484678572711604e-01
1.080138048133718698e+01,4.727555809602441705e-01
1.080685380495974179e+01,4.718626940632176248e-01
1.081232712858229839e+01,4.708310819860968000e-01
1.081780045220485320e+01,4.703821266529915057e-01
1.082327377582740979e+01,4.700207796610213484e-01
1.082874709944996461e+01,4.696594326690512466e-01
1.083422042307252120e+01,4.692980856770811449e-01
1.083969374669507779e+01,4.688612696754927422e-01
1.084516707031763261e+01,4.678024787375706928e-01
1.085064039394018920e+01,4.662001741033671154e-01
1.085611371756274401e+01,4.645978694691639266e-01
1.086158704118530061e+01,4.629955648349602937e-01
1.086706036480785542e+01,4.613932602007571604e-01
1.087253368843041201e+01,4.601474971638171985e-01
1.087800701205296861e+01,4.592545276230486917e-01
1.088348033567552342e+01,4.583615566598523428e-01
1.088895365929808001e+01,4.574685856966552722e-01
1.089442698292063483e+01,4.565756147334587012e-01
1.089990030654319142e+01,4.556826437702618526e-01
1.090537363016574623e+01,4.558602914758422275e-01
1.091084695378830283e+01,4.560399783477429581e-01
1.091632027741085764e+01,4.562107619834028793e-01
1.092179360103341423e+01,4.563815456190628561e-01
1.092726692465597083e+01,4.565523292547228329e-01
1.093274024827852564e+01,4.567624089426493561e-01
1.093821357190108223e+01,4.573270401018969533e-01
1.094368689552363705e+01,4.583834650201236149e-01
1.094916021914619364e+01,4.594398899383511647e-01
1.095463354276874846e+01,4.604963148565782149e-01
1.096010686639130505e+01,4.615527397748053207e-01
1.096558019001386164e+01,4.618897753211532731e-01
1.097105351363641645e+01,4.613543800918450954e-01
1.097652683725897305e+01,4.606386397006476674e-01
1.098200016088152786e+01,4.599228993094505724e-01
1.098747348450408445e+01,4.592071589182531999e-01
1.099294680812663927e+01,4.584914185270559939e-01
1.099842013174919586e+01,4.582658258614081270e-01
1.100389345537175068e+01,4.575502858988677035e-01
1.100936677899430727e+01,4.568347459363271135e-01
1.101484010261686386e+01,4.561192059737865789e-01
1.102031342623941867e+01,4.554036660112462109e-01
1.102578674986197527e+01,4.548474807092198757e-01
1.103126007348453008e+01,4.545307021626391331e-01
1.103673339710708667e+01,4.539926027233624484e-01
1.104220672072964149e+01,4.534545032840858192e-01
1.104768004435219808e+01,4.529164038448090235e-01
1.105315336797475290e+01,4.523783044055323943e-01
1.105862669159730949e+01,4.523077390963420319e-01
1.106410001521986608e+01,4.524787558513457264e-01
1.106957333884242090e+01,4.526497721870402224e-01
1.107504666246497749e+01,4.528207885227347185e-01
1.108051998608753230e+01,4.529918048584292145e-01
1.108599330971008889e+01,4.531693127615999406e-01
1.109146663333264371e+01,4.536477030286238388e-01
1.109693995695520030e+01,4.536416903025249359e-01
1.110241328057775689e+01,4.536356775764260885e-01
1.110788660420031171e+01,4.536296648503272411e-01
1.111335992782286830e+01,4.536236521242283382e-01
1.111883325144542312e+01,4.538852214116695372e-01
1.112430657506797971e+01,4.545094200389897532e-01
1.112977989869053452e+01,4.550352706626348831e-01
1.113525322231309111e+01,4.555611212862802906e-01
1.114072654593564593e+01,4.560869719099254760e-01
1.114619986955820252e+01,4.566128225335708835e-01
1.115167319318075911e+01,4.571386517684596917e-01
1.115714651680331393e+01,4.578062415801987250e-01
1.116261984042587052e+01,4.585092068533326848e-01
1.116809316404842534e+01,4.592121721264663670e-01
1.117356648767098193e+01,4.599151373996003267e-01
1.117903981129353674e+01,4.606348302207622925e-01
1.118451313491609334e+01,4.614874595009645364e-01
1.118998645853864993e+01,4.621904979503971278e-01
1.119545978216120474e+01,4.628935363998293862e-01
1.120093310578376133e+01,4.635965748492619776e-01
1.120640642940631615e+01,4.642996132986942359e-01
1.121187975302887274e+01,4.650828799910765587e-01
1.121735307665142756e+01,4.659631190441470006e-01
1.122282640027398415e+01,4.668433592114030195e-01
1.122829972389653896e+01,4.677235993786585944e-01
1.123377304751909556e+01,4.686038395459146133e-01
1.123924637114165215e+01,4.694840797131706878e-01
1.124471969476420696e+01,4.703642954283300814e-01
1.125019301838676355e+01,4.709378912858178667e-01
1.125566634200931837e+01,4.714638285332773404e-01
1.126113966563187496e+01,4.719897657807369806e-01
1.126661298925442978e+01,4.725157030281965098e-01
1.127208631287698637e+01,4.731017009829221465e-01
1.127755963649954296e+01,4.739429697957892595e-01
1.128303296012209778e+01,4.746462277816786979e-01
1.128850628374465437e+01,4.753494857675683583e-01
1.129397960736720918e+01,4.760527437534577966e-01
1.129945293098976578e+01,4.767560017393474014e-01
1.130492625461232059e+01,4.775527849860157215e-01
1.131039957823487718e+01,4.781271435795612645e-01
1.131587290185743200e+01,4.784761448634299308e-01
1.132134622547998859e+01,4.788251461472987081e-01
1.132681954910254518e+01,4.791741474311674298e-01
1.133229287272510000e+01,4.795231487150361516e-01
1.133776619634765659e+01,4.801863907138805287e-01
1.134323951997021140e+01,4.808898952978792329e-01
1.134871284359276800e+01,4.815934004470603935e-01
1.135418616721532281e+01,4.822969055962412210e-01
1.135965949083787940e+01,4.830004107454224371e-01
1.136513281446043599e+01,4.836171183959188102e-01
1.137060613808299081e+01,4.841185302220470943e-01
1.137607946170554740e+01,4.849989428804732383e-01
1.138155278532810222e+01,4.858793555388989382e-01
1.138702610895065881e+01,4.867597681973251378e-01
1.139249943257321362e+01,4.876401808557508377e-01
1.139797275619577022e+01,4.883068016740592099e-01
1.140344607981832503e+01,4.887189868111790902e-01
1.140891940344088162e+01,4.890677187263366421e-01
1.141439272706343822e+01,4.894164506414941940e-01
1.141986605068599303e+01,4.897651825566516348e-01
1.142533937430854962e+01,4.901139144718091312e-01
1.143081269793110444e+01,4.911444881312168054e-01
1.143628602155366103e+01,4.922021751674710011e-01
1.144175934517621585e+01,4.932598622218112849e-01
1.144723266879877244e+01,4.943175492761519574e-01
1.145270599242132903e+01,4.953752363304924633e-01
1.145817931604388384e+01,4.965462141811647356e-01
1.146365263966644044e+01,4.978959794279032014e-01
1.146912596328899525e+01,4.991309604501319996e-01
1.147459928691155184e+01,5.003659414723610199e-01
1.148007261053410666e+01,5.016009224945898737e-01
1.148554593415666325e+01,5.028359035168190605e-01
1.149101925777921807e+01,5.037107159012492730e-01
1.149649258140177466e+01,5.047892105702884713e-01
1.150196590502433125e+01,5.060238330712878430e-01
1.150743922864688606e+01,5.072584555722868815e-01
1.151291255226944266e+01,5.084930780732862532e-01
1.151838587589199747e+01,5.097339307862479574e-01
1.152385919951455406e+01,5.111243455255228829e-01
1.152933252313710888e+01,5.121819468009811693e-01
1.153480584675966547e+01,5.132395480764401219e-01
1.154027917038222206e+01,5.142971493518989634e-01
1.154575249400477688e+01,5.153547506273573608e-01
1.155122581762733347e+01,5.164819798010280572e-01
1.155669914124988829e+01,5.176433020629426229e-01
1.156217246487244488e+01,5.187009815634983090e-01
1.156764578849499969e+01,5.197586610640539950e-01
1.157311911211755628e+01,5.208163405646095701e-01
1.157859243574011110e+01,5.218740200651650341e-01
1.158406575936266769e+01,5.225324392436750953e-01
1.158953908298522428e+01,5.231946726581658824e-01
1.159501240660777910e+01,5.238977563169184837e-01
1.160048573023033569e+01,5.246008399756710849e-01
1.160595905385289051e+01,5.253039236344236862e-01
1.161143237747544710e+01,5.260070036229539392e-01
1.161690570109800191e+01,5.267100544361809078e-01
1.162237902472055850e+01,5.274131107057119516e-01
1.162785234834311510e+01,5.281161669752429955e-01
1.163332567196566991e+01,5.288192232447737062e-01
1.163879899558822650e+01,5.295222795143047501e-01
1.164427231921078132e+01,5.300596042359997373e-01
1.164974564283333791e+01,5.306630501192682869e-01
1.165521896645589273e+01,5.315430043424838047e-01
1.166069229007844932e+01,5.324229585656996555e-01
1.166616561370100413e+01,5.333029127889156173e-01
1.167163893732356073e+01,5.341828670121312461e-01
1.167711226094611732e+01,5.353554080440645624e-01
1.168258558456867213e+01,5.365897469713127865e-01
1.168805890819122872e+01,5.378240865082899447e-01
1.169353223181378354e+01,5.390584260452662146e-01
1.169900555543634013e+01,5.402927655822432618e-01
1.170447887905889495e+01,5.416245049640073805e-01
1.170995220268145154e+01,5.433236371710511436e-01
1.171542552630400635e+01,5.447353591403377715e-01
1.172089884992656295e+01,5.461470811096243994e-01
1.172637217354911954e+01,5.475588030789114713e-01
1.173184549717167435e+01,5.489705250481982102e-01
1.173731882079423094e+01,5.499990306350323044e-01
1.174279214441678576e+01,5.506057927677135977e-01
1.174826546803934235e+01,5.511314901746864336e-01
1.175373879166189717e+01,5.516571875816589365e-01
1.175921211528445376e+01,5.521828849886316615e-01
1.176468543890701035e+01,5.527085823956044974e-01
1.177015876252956517e+01,5.532342502165101816e-01
1.177563208615212176e+01,5.539189526695499355e-01
1.178110540977467657e+01,5.546217706587155405e-01
1.178657873339723317e+01,5.553245886478812565e-01
1.179205205701978798e+01,5.560274066370468615e-01
1.179752538064234457e+01,5.565933887735547980e-01
1.180299870426489939e+01,5.568092189693545357e-01
1.180847202788745598e+01,5.571574120195241786e-01
1.181394535151001257e+01,5.575056050696937104e-01
1.181941867513256739e+01,5.578537981198633533e-01
1.182489199875512398e+01,5.582019911700328851e-01
1.183036532237767879e+01,5.589868803751950610e-01
1.183583864600023539e+01,5.599362293965211013e-01
1.184131196962279020e+01,5.608162237358839119e-01
1.184678529324534679e+01,5.616962180752471667e-01
1.185225861686790338e+01,5.625762124146103105e-01
1.185773194049045820e+01,5.634562067539731212e-01
1.186320526411301479e+01,5.636456058680451298e-01
1.186867858773556961e+01,5.639872507490792941e-01
1.187415191135812620e+01,5.643353901512800919e-01
1.187962523498068101e+01,5.646835295534804455e-01
1.188509855860323761e+01,5.650316689556810212e-01
1.189057188222579242e+01,5.657335563338861117e-01
1.189604520584834901e+01,5.669756843117699230e-01
1.190151852947090561e+01,5.678558305562563246e-01
1.190699185309346042e+01,5.687359768007426153e-01
1.191246517671601701e+01,5.696161230452291280e-01
1.191793850033857183e+01,5.704962692897153076e-01
1.192341182396112842e+01,5.716211517176773560e-01
1.192888514758368323e+01,5.728556979064403087e-01
1.193435847120623983e+01,5.740902468437145689e-01
1.193983179482879642e+01,5.753247957809886071e-01
1.194530511845135123e+01,5.765593447182623121e-01
1.195077844207390783e+01,5.777853629398760349e-01
1.195625176569646264e+01,5.788475146512112035e-01
1.196172508931901923e+01,5.800819246327384437e-01
1.196719841294157405e+01,5.813163346142655730e-01
1.197267173656413064e+01,5.825507445957928132e-01
1.197814506018668546e+01,5.837851545773198314e-01
1.198361838380924205e+01,5.850195497818034829e-01
1.198909170743179864e+01,5.863214670829129949e-01
1.199456503105435345e+01,5.877329253597227687e-01
1.200003835467691005e+01,5.891443836365325426e-01
1.200551167829946486e+01,5.905558419133423165e-01
1.201098500192202145e+01,5.919673001901525344e-01
1.201645832554457627e+01,5.932435270426931195e-01
1.202193164916713286e+01,5.943475685163678301e-01
1.202740497278968945e+01,5.954047162647757574e-01
1.203287829641224427e+01,5.964618640131834626e-01
1.203835162003480086e+01,5.975190117615913898e-01
1.204382494365735567e+01,5.985333528348292242e-01
1.204929826727991227e+01,5.992518986487678223e-01
1.205477159090246708e+01,6.001316971449394133e-01
1.206024491452502367e+01,6.010114956411112264e-01
1.206571823814757849e+01,6.018912941372828174e-01
1.207119156177013508e+01,6.027710926334546304e-01
1.207666488539269167e+01,6.038205505224969460e-01
1.208213820901524649e+01,6.051333855831886321e-01
1.208761153263780308e+01,6.065446421082257844e-01
1.209308485626035790e+01,6.079558986332618264e-01
1.209855817988291449e+01,6.093671551582985346e-01
1.210403150350546930e+01,6.107784116833341326e-01
1.210950482712802589e+01,6.121896388631663521e-01
1.211497815075058249e+01,6.136008643456554168e-01
1.212045147437313730e+01,6.150120908558381894e-01
1.212592479799569389e+01,6.164233173660215170e-01
1.213139812161824871e+01,6.178345438762042896e-01
1.213687144524080530e+01,6.191087359485349939e-01
1.214234476886336012e+01,6.198111190685915428e-01
1.214781809248591671e+01,6.205135057496148354e-01
1.215329141610847152e+01,6.212158924306379060e-01
1.215876473973102811e+01,6.219182791116613096e-01
1.216423806335358471e+01,6.226206657926846022e-01
1.216971138697613952e+01,6.232252942170628529e-01
1.217518471059869611e+01,6.236606327693353657e-01
1.218065803422125093e+01,6.240085969372225483e-01
1.218613135784380752e+01,6.243565611051098418e-01
1.219160468146636234e+01,6.247045252729970244e-01
1.219707800508891893e+01,6.250524894408842069e-01
1.220255132871147552e+01,6.260455678688338077e-01
1.220802465233403034e+01,6.267970364816594087e-01
1.221349797595658693e+01,6.274996702293247353e-01
1.221897129957914174e+01,6.282023039769899508e-01
1.222444462320169833e+01,6.289049377246551664e-01
1.222991794682425315e+01,6.297500826375888039e-01
1.223539127044680974e+01,6.309459241984086697e-01
1.224086459406936456e+01,6.320030867840792377e-01
1.224633791769192115e+01,6.330602493697501387e-01
1.225181124131447774e+01,6.341174119554209287e-01
1.225728456493703256e+01,6.351745745410914967e-01
1.226275788855958915e+01,6.360099320138216106e-01
1.226823121218214396e+01,6.371173103399344617e-01
1.227370453580470055e+01,6.385283903404685990e-01
1.227917785942725537e+01,6.399394703410022922e-01
1.228465118304981196e+01,6.413505503415365405e-01
1.229012450667236855e+01,6.427616303420706778e-01
1.229559783029492337e+01,6.427788449413203153e-01
1.230107115391747996e+01,6.427720617811756298e-01
1.230654447754003478e+01,6.427652788680273677e-01
1.231201780116259137e+01,6.427584959548791055e-01
1.231749112478514618e+01,6.427517130417309543e-01
1.232296444840770278e+01,6.426842669290945276e-01
1.232843777203025759e+01,6.425500765864334829e-01
1.233391109565281418e+01,6.425431788891193818e-01
1.233938441927537077e+01,6.425362811918052808e-01
1.234485774289792559e+01,6.425293834944911797e-01
1.235033106652048218e+01,6.425224857971770787e-01
1.235580439014303700e+01,6.430127166349325352e-01
1.236127771376559359e+01,6.436018580967485248e-01
1.236675103738814840e+01,6.441268175421329678e-01
1.237222436101070500e+01,6.446517769875175219e-01
1.237769768463326159e+01,6.451767364329021870e-01
1.238317100825581640e+01,6.456911527700421871e-01
1.238864433187837299e+01,6.460388311063670619e-01
1.239411765550092781e+01,6.462105869689810378e-01
1.239959097912348440e+01,6.463810953883004640e-01
1.240506430274603922e+01,6.465516038076196681e-01
1.241053762636859581e+01,6.467221122269390943e-01
1.241601094999115062e+01,6.471891209158258107e-01
1.242148427361370722e+01,6.478833246057882356e-01
1.242695759723626381e+01,6.482313575819904639e-01
1.243243092085881862e+01,6.485793905581923591e-01
1.243790424448137522e+01,6.489274235343943653e-01
1.244337756810393003e+01,6.492754565105964826e-01
1.244885089172648662e+01,6.500364405072087681e-01
1.245432421534904144e+01,6.509161867762848219e-01
1.245979753897159803e+01,6.517959356228024692e-01
1.246527086259415285e+01,6.526756844693200055e-01
1.247074418621670944e+01,6.535554333158377638e-01
1.247621750983926603e+01,6.543874985239699349e-01
1.248169083346182084e+01,6.549023408833212212e-01
1.248716415708437744e+01,6.552504146035909027e-01
1.249263748070693225e+01,6.555984883238605843e-01
1.249811080432948884e+01,6.559465620441303768e-01
1.250358412795204366e+01,6.562946357644000583e-01
1.250905745157460025e+01,6.569922205125469095e-01
1.251453077519715684e+01,6.581225404039366955e-01
1.252000409881971166e+01,6.593566535520517524e-01
1.252547742244226825e+01,6.605907667001674755e-01
1.253095074606482306e+01,6.618248798482825324e-01
1.253642406968737966e+01,6.630589929963975893e-01
1.254189739330993447e+01,6.647450837555095582e-01
1.254737071693249106e+01,6.665106812488279520e-01
1.255284404055504588e+01,6.682762812800906449e-01
1.255831736417760247e+01,6.700418813113533378e-01
1.256379068780015906e+01,6.718074813426173630e-01
1.256926401142271388e+01,6.736464270715243341e-01
1.257473733504527047e+01,6.756810271037889670e-01
1.258021065866782529e+01,6.770927188039291833e-01
1.258568398229038188e+01,6.785044105040702878e-01
1.259115730591293669e+01,6.799161022042109481e-01
1.259663062953549328e+01,6.813277939043510534e-01
1.260210395315804988e+01,6.827394602184035932e-01
1.260757727678060469e+01,6.840671995556850682e-01
1.261305060040316128e+01,6.853017730948837150e-01
1.261852392402571610e+01,6.865363466340825838e-01
1.262399724764827269e+01,6.877709201732820077e-01
1.262947057127082751e+01,6.890054937124808765e-01
1.263494389489338410e+01,nan
1.264041721851593891e+01,nan
1.264589054213849550e+01,nan
1.265136386576105210e+01,nan
1.265683718938360691e+01,nan
1.266231051300616350e+01,nan
1.266778383662871832e+01,nan
1.267325716025127491e+01,nan
1.267873048387382973e+01,nan
1.268420380749638632e+01,nan
1.268967713111894291e+01,nan
1.269515045474149773e+01,nan
1.270062377836405432e+01,nan
1.270609710198660913e+01,nan
1.271157042560916572e+01,nan
1.271704374923172054e+01,nan
1.272251707285427713e+01,nan
1.272799039647683195e+01,nan
1.273346372009938854e+01,nan
1.273893704372194513e+01,nan
1.274441036734449995e+01,nan
1.274988369096705654e+01,nan
1.275535701458961135e+01,nan
1.276083033821216794e+01,nan
1.276630366183472276e+01,nan
1.277177698545727935e+01,nan
1.277725030907983594e+01,nan
1.278272363270239076e+01,nan
1.278819695632494735e+01,nan
1.279367027994750217e+01,nan
1.279914360357005876e+01,nan
1.280461692719261357e+01,nan
1.281009025081517017e+01,nan
1.281556357443772498e+01,nan
1.282103689806028157e+01,nan
1.282651022168283816e+01,nan
1.283198354530539298e+01,nan
1.283745686892794957e+01,nan
1.284293019255050439e+01,nan
1.284840351617306098e+01,nan
1.285387683979561579e+01,nan
1.285935016341817239e+01,nan
1.286482348704072898e+01,nan
1.287029681066328379e+01,nan
1.287577013428584038e+01,nan
1.288124345790839520e+01,nan
1.288671678153095179e+01,nan
1.289219010515350661e+01,nan
1.289766342877606320e+01,nan
1.290313675239861801e+01,nan
1.290861007602117461e+01,nan
1.291408339964373120e+01,nan
1.291955672326628601e+01,nan
1.292503004688884261e+01,nan
1.293050337051139742e+01,nan
