material,process,Z,A,energy_MeV,fraction,density_scale,native,portable,relative_error
G0_GRANITE_REFERENCE,brems,1,1,1000,0.01,0.5,0.99997808152109158,0.99997808152109158,0
G0_GRANITE_REFERENCE,brems,1,1,1000,0.01,1,0.99995539878390538,0.99995539878390538,0
G0_GRANITE_REFERENCE,brems,1,1,1000,0.01,2,0.99990774152306927,0.99990774152306927,0
G0_GRANITE_REFERENCE,brems,1,1,1000,0.10000000000000001,0.5,0.99999978087940244,0.99999978087940244,0
G0_GRANITE_REFERENCE,brems,1,1,1000,0.10000000000000001,1,0.99999955541863694,0.99999955541863694,0
G0_GRANITE_REFERENCE,brems,1,1,1000,0.10000000000000001,2,0.99999908547668304,0.99999908547668304,0
G0_GRANITE_REFERENCE,brems,1,1,1000,0.5,0.5,0.9999999905605873,0.9999999905605873,0
G0_GRANITE_REFERENCE,brems,1,1,1000,0.5,1,0.99999998103716281,0.99999998103716281,0
G0_GRANITE_REFERENCE,brems,1,1,1000,0.5,2,0.99999996173827765,0.99999996173827765,0
G0_GRANITE_REFERENCE,brems,1,1,1000,0.90000000000000002,0.5,0.99999999657969207,0.99999999657969207,0
G0_GRANITE_REFERENCE,brems,1,1,1000,0.90000000000000002,1,0.99999999315818999,0.99999999315818999,0
G0_GRANITE_REFERENCE,brems,1,1,1000,0.90000000000000002,2,0.99999998631160369,0.99999998631160369,0
G0_GRANITE_REFERENCE,brems,1,1,1000,0.98999999999999999,0.5,0.99999999708009379,0.99999999708009379,0
G0_GRANITE_REFERENCE,brems,1,1,1000,0.98999999999999999,1,0.99999999416017749,0.99999999416017749,0
G0_GRANITE_REFERENCE,brems,1,1,1000,0.98999999999999999,2,0.99999998832031423,0.99999998832031423,0
G0_GRANITE_REFERENCE,brems,1,1,1000000,0.01,0.5,0.96775966378094047,0.96775966378094047,0
G0_GRANITE_REFERENCE,brems,1,1,1000000,0.01,1,0.89241523830044622,0.89241523830044622,0
G0_GRANITE_REFERENCE,brems,1,1,1000000,0.01,2,0.78216557794327002,0.78216557794327002,0
G0_GRANITE_REFERENCE,brems,1,1,1000000,0.10000000000000001,0.5,0.99701730743698802,0.99701730743698802,0
G0_GRANITE_REFERENCE,brems,1,1,1000000,0.10000000000000001,1,0.99142967943273985,0.99142967943273985,0
G0_GRANITE_REFERENCE,brems,1,1,1000000,0.10000000000000001,2,1.0040880923110957,1.0040880923110957,0
G0_GRANITE_REFERENCE,brems,1,1,1000000,0.5,0.5,0.99995798452882323,0.99995798452882323,0
G0_GRANITE_REFERENCE,brems,1,1,1000000,0.5,1,0.99983195691756843,0.99983195691756843,0
G0_GRANITE_REFERENCE,brems,1,1,1000000,0.5,2,0.99932786531959072,0.99932786531959072,0
G0_GRANITE_REFERENCE,brems,1,1,1000000,0.90000000000000002,0.5,0.99999939952540062,0.99999939952540062,0
G0_GRANITE_REFERENCE,brems,1,1,1000000,0.90000000000000002,1,0.99999760494105894,0.99999760494105894,0
G0_GRANITE_REFERENCE,brems,1,1,1000000,0.90000000000000002,2,0.99999043344335548,0.99999043344335548,0
G0_GRANITE_REFERENCE,brems,1,1,1000000,0.98999999999999999,0.5,0.9999999920041921,0.9999999920041921,0
G0_GRANITE_REFERENCE,brems,1,1,1000000,0.98999999999999999,1,0.99999997385657091,0.99999997385657091,0
G0_GRANITE_REFERENCE,brems,1,1,1000000,0.98999999999999999,2,0.99999990710589048,0.99999990710589048,0
G0_GRANITE_REFERENCE,brems,1,1,1000000000,0.01,0.5,0.091993868655646016,0.091993868655646016,0
G0_GRANITE_REFERENCE,brems,1,1,1000000000,0.01,1,0.06650652229666372,0.06650652229666372,0
G0_GRANITE_REFERENCE,brems,1,1,1000000000,0.01,2,0.047917110126480131,0.047917110126480131,0
G0_GRANITE_REFERENCE,brems,1,1,1000000000,0.10000000000000001,0.5,0.2681918867281341,0.2681918867281341,0
G0_GRANITE_REFERENCE,brems,1,1,1000000000,0.10000000000000001,1,0.19895643439346822,0.19895643439346822,0
G0_GRANITE_REFERENCE,brems,1,1,1000000000,0.10000000000000001,2,0.14602321400419002,0.14602321400419002,0
G0_GRANITE_REFERENCE,brems,1,1,1000000000,0.5,0.5,0.58362379844189949,0.58362379844189949,0
G0_GRANITE_REFERENCE,brems,1,1,1000000000,0.5,1,0.4583180580424398,0.4583180580424398,0
G0_GRANITE_REFERENCE,brems,1,1,1000000000,0.5,2,0.35028851071838912,0.35028851071838912,0
G0_GRANITE_REFERENCE,brems,1,1,1000000000,0.90000000000000002,0.5,0.92708616089280482,0.92708616089280482,0
G0_GRANITE_REFERENCE,brems,1,1,1000000000,0.90000000000000002,1,0.82410341176974811,0.82410341176974811,0
G0_GRANITE_REFERENCE,brems,1,1,1000000000,0.90000000000000002,2,0.69050788269279539,0.69050788269279539,0
G0_GRANITE_REFERENCE,brems,1,1,1000000000,0.98999999999999999,0.5,0.99515876938911385,0.99515876938911385,0
G0_GRANITE_REFERENCE,brems,1,1,1000000000,0.98999999999999999,1,0.98908867396312872,0.98908867396312872,0
G0_GRANITE_REFERENCE,brems,1,1,1000000000,0.98999999999999999,2,0.99281314588416114,0.99281314588416114,0
G0_GRANITE_REFERENCE,brems,1,1,100000000000,0.01,0.5,0.010212868124505278,0.010212868124505278,0
G0_GRANITE_REFERENCE,brems,1,1,100000000000,0.01,1,0.0073019213276591579,0.0073019213276591579,0
G0_GRANITE_REFERENCE,brems,1,1,100000000000,0.01,2,0.0052180775771797682,0.0052180775771797682,0
G0_GRANITE_REFERENCE,brems,1,1,100000000000,0.10000000000000001,0.5,0.03231046527159704,0.03231046527159704,0
G0_GRANITE_REFERENCE,brems,1,1,100000000000,0.10000000000000001,1,0.023173842042995989,0.023173842042995989,0
G0_GRANITE_REFERENCE,brems,1,1,100000000000,0.10000000000000001,2,0.016600221007210245,0.016600221007210245,0
G0_GRANITE_REFERENCE,brems,1,1,100000000000,0.5,0.5,0.083803213042329364,0.083803213042329364,0
G0_GRANITE_REFERENCE,brems,1,1,100000000000,0.5,1,0.060462690003851412,0.060462690003851412,0
G0_GRANITE_REFERENCE,brems,1,1,100000000000,0.5,2,0.043499860472311538,0.043499860472311538,0
G0_GRANITE_REFERENCE,brems,1,1,100000000000,0.90000000000000002,0.5,0.18916626673806394,0.18916626673806394,0
G0_GRANITE_REFERENCE,brems,1,1,100000000000,0.90000000000000002,1,0.13701733199813507,0.13701733199813507,0
G0_GRANITE_REFERENCE,brems,1,1,100000000000,0.90000000000000002,2,0.09878304919984153,0.09878304919984153,0
G0_GRANITE_REFERENCE,brems,1,1,100000000000,0.98999999999999999,0.5,0.51286693242126324,0.51286693242126324,0
G0_GRANITE_REFERENCE,brems,1,1,100000000000,0.98999999999999999,1,0.38845712196405652,0.38845712196405652,0
G0_GRANITE_REFERENCE,brems,1,1,100000000000,0.98999999999999999,2,0.28740042831158946,0.28740042831158946,0
G0_GRANITE_REFERENCE,brems,6,12,1000,0.01,0.5,0.99997808152109158,0.99997808152109158,0
G0_GRANITE_REFERENCE,brems,6,12,1000,0.01,1,0.99995539878390538,0.99995539878390538,0
G0_GRANITE_REFERENCE,brems,6,12,1000,0.01,2,0.99990774152306927,0.99990774152306927,0
G0_GRANITE_REFERENCE,brems,6,12,1000,0.10000000000000001,0.5,0.99999978087940244,0.99999978087940244,0
G0_GRANITE_REFERENCE,brems,6,12,1000,0.10000000000000001,1,0.99999955541863694,0.99999955541863694,0
G0_GRANITE_REFERENCE,brems,6,12,1000,0.10000000000000001,2,0.99999908547668304,0.99999908547668304,0
G0_GRANITE_REFERENCE,brems,6,12,1000,0.5,0.5,0.9999999905605873,0.9999999905605873,0
G0_GRANITE_REFERENCE,brems,6,12,1000,0.5,1,0.99999998103716281,0.99999998103716281,0
G0_GRANITE_REFERENCE,brems,6,12,1000,0.5,2,0.99999996173827765,0.99999996173827765,0
G0_GRANITE_REFERENCE,brems,6,12,1000,0.90000000000000002,0.5,0.99999999657969207,0.99999999657969207,0
G0_GRANITE_REFERENCE,brems,6,12,1000,0.90000000000000002,1,0.99999999315818999,0.99999999315818999,0
G0_GRANITE_REFERENCE,brems,6,12,1000,0.90000000000000002,2,0.99999998631160369,0.99999998631160369,0
G0_GRANITE_REFERENCE,brems,6,12,1000,0.98999999999999999,0.5,0.99999999708009379,0.99999999708009379,0
G0_GRANITE_REFERENCE,brems,6,12,1000,0.98999999999999999,1,0.99999999416017749,0.99999999416017749,0
G0_GRANITE_REFERENCE,brems,6,12,1000,0.98999999999999999,2,0.99999998832031423,0.99999998832031423,0
G0_GRANITE_REFERENCE,brems,6,12,1000000,0.01,0.5,0.97887246644448533,0.97887246644448533,0
G0_GRANITE_REFERENCE,brems,6,12,1000000,0.01,1,0.90519987941178681,0.90519987941178681,0
G0_GRANITE_REFERENCE,brems,6,12,1000000,0.01,2,0.79492479359460788,0.79492479359460788,0
G0_GRANITE_REFERENCE,brems,6,12,1000000,0.10000000000000001,0.5,0.99701730743698802,0.99701730743698802,0
G0_GRANITE_REFERENCE,brems,6,12,1000000,0.10000000000000001,1,0.99164213894187281,0.99164213894187281,0
G0_GRANITE_REFERENCE,brems,6,12,1000000,0.10000000000000001,2,1.0095757301691159,1.0095757301691159,0
G0_GRANITE_REFERENCE,brems,6,12,1000000,0.5,0.5,0.99995798452882323,0.99995798452882323,0
G0_GRANITE_REFERENCE,brems,6,12,1000000,0.5,1,0.99983195691756843,0.99983195691756843,0
G0_GRANITE_REFERENCE,brems,6,12,1000000,0.5,2,0.99932786531959072,0.99932786531959072,0
G0_GRANITE_REFERENCE,brems,6,12,1000000,0.90000000000000002,0.5,0.99999939952540062,0.99999939952540062,0
G0_GRANITE_REFERENCE,brems,6,12,1000000,0.90000000000000002,1,0.99999760494105894,0.99999760494105894,0
G0_GRANITE_REFERENCE,brems,6,12,1000000,0.90000000000000002,2,0.99999043344335548,0.99999043344335548,0
G0_GRANITE_REFERENCE,brems,6,12,1000000,0.98999999999999999,0.5,0.9999999920041921,0.9999999920041921,0
G0_GRANITE_REFERENCE,brems,6,12,1000000,0.98999999999999999,1,0.99999997385657091,0.99999997385657091,0
G0_GRANITE_REFERENCE,brems,6,12,1000000,0.98999999999999999,2,0.99999990710589048,0.99999990710589048,0
G0_GRANITE_REFERENCE,brems,6,12,1000000000,0.01,0.5,0.094287022425336084,0.094287022425336084,0
G0_GRANITE_REFERENCE,brems,6,12,1000000000,0.01,1,0.068234577061644305,0.068234577061644305,0
G0_GRANITE_REFERENCE,brems,6,12,1000000000,0.01,2,0.049212393652904141,0.049212393652904141,0
G0_GRANITE_REFERENCE,brems,6,12,1000000000,0.10000000000000001,0.5,0.27391637530838348,0.27391637530838348,0
G0_GRANITE_REFERENCE,brems,6,12,1000000000,0.10000000000000001,1,0.20340375768657387,0.20340375768657387,0
G0_GRANITE_REFERENCE,brems,6,12,1000000000,0.10000000000000001,2,0.1494382019635504,0.1494382019635504,0
G0_GRANITE_REFERENCE,brems,6,12,1000000000,0.5,0.5,0.59394915803422577,0.59394915803422577,0
G0_GRANITE_REFERENCE,brems,6,12,1000000000,0.5,1,0.46691468062758179,0.46691468062758179,0
G0_GRANITE_REFERENCE,brems,6,12,1000000000,0.5,2,0.3572175486909972,0.3572175486909972,0
G0_GRANITE_REFERENCE,brems,6,12,1000000000,0.90000000000000002,0.5,0.93782082685607848,0.93782082685607848,0
G0_GRANITE_REFERENCE,brems,6,12,1000000000,0.90000000000000002,1,0.83552262398938892,0.83552262398938892,0
G0_GRANITE_REFERENCE,brems,6,12,1000000000,0.90000000000000002,2,0.70108994859152174,0.70108994859152174,0
G0_GRANITE_REFERENCE,brems,6,12,1000000000,0.98999999999999999,0.5,0.99515876938911385,0.99515876938911385,0
G0_GRANITE_REFERENCE,brems,6,12,1000000000,0.98999999999999999,1,0.99019990616496623,0.99019990616496623,0
G0_GRANITE_REFERENCE,brems,6,12,1000000000,0.98999999999999999,2,0.99892747442542074,0.99892747442542074,0
G0_GRANITE_REFERENCE,brems,6,12,100000000000,0.01,0.5,0.010535852187858741,0.010535852187858741,0
G0_GRANITE_REFERENCE,brems,6,12,100000000000,0.01,1,0.0075394982040686851,0.0075394982040686851,0
G0_GRANITE_REFERENCE,brems,6,12,100000000000,0.01,2,0.0053924536122492463,0.0053924536122492463,0
G0_GRANITE_REFERENCE,brems,6,12,100000000000,0.10000000000000001,0.5,0.033223288292575356,0.033223288292575356,0
G0_GRANITE_REFERENCE,brems,6,12,100000000000,0.10000000000000001,1,0.02385190269673303,0.02385190269673303,0
G0_GRANITE_REFERENCE,brems,6,12,100000000000,0.10000000000000001,2,0.017102244781260597,0.017102244781260597,0
G0_GRANITE_REFERENCE,brems,6,12,100000000000,0.5,0.5,0.085880421834990228,0.085880421834990228,0
G0_GRANITE_REFERENCE,brems,6,12,100000000000,0.5,1,0.062027536562852995,0.062027536562852995,0
G0_GRANITE_REFERENCE,brems,6,12,100000000000,0.5,2,0.044672596225395086,0.044672596225395086,0
G0_GRANITE_REFERENCE,brems,6,12,100000000000,0.90000000000000002,0.5,0.1930222743503209,0.1930222743503209,0
G0_GRANITE_REFERENCE,brems,6,12,100000000000,0.90000000000000002,1,0.13998064951192771,0.13998064951192771,0
G0_GRANITE_REFERENCE,brems,6,12,100000000000,0.90000000000000002,2,0.10104335954164288,0.10104335954164288,0
G0_GRANITE_REFERENCE,brems,6,12,100000000000,0.98999999999999999,0.5,0.52123199278646448,0.52123199278646448,0
G0_GRANITE_REFERENCE,brems,6,12,100000000000,0.98999999999999999,1,0.39517114289193389,0.39517114289193389,0
G0_GRANITE_REFERENCE,brems,6,12,100000000000,0.98999999999999999,2,0.29267738549075933,0.29267738549075933,0
G0_GRANITE_REFERENCE,brems,8,16,1000,0.01,0.5,0.99997808152109158,0.99997808152109158,0
G0_GRANITE_REFERENCE,brems,8,16,1000,0.01,1,0.99995539878390538,0.99995539878390538,0
G0_GRANITE_REFERENCE,brems,8,16,1000,0.01,2,0.99990774152306927,0.99990774152306927,0
G0_GRANITE_REFERENCE,brems,8,16,1000,0.10000000000000001,0.5,0.99999978087940244,0.99999978087940244,0
G0_GRANITE_REFERENCE,brems,8,16,1000,0.10000000000000001,1,0.99999955541863694,0.99999955541863694,0
G0_GRANITE_REFERENCE,brems,8,16,1000,0.10000000000000001,2,0.99999908547668304,0.99999908547668304,0
G0_GRANITE_REFERENCE,brems,8,16,1000,0.5,0.5,0.9999999905605873,0.9999999905605873,0
G0_GRANITE_REFERENCE,brems,8,16,1000,0.5,1,0.99999998103716281,0.99999998103716281,0
G0_GRANITE_REFERENCE,brems,8,16,1000,0.5,2,0.99999996173827765,0.99999996173827765,0
G0_GRANITE_REFERENCE,brems,8,16,1000,0.90000000000000002,0.5,0.99999999657969207,0.99999999657969207,0
G0_GRANITE_REFERENCE,brems,8,16,1000,0.90000000000000002,1,0.99999999315818999,0.99999999315818999,0
G0_GRANITE_REFERENCE,brems,8,16,1000,0.90000000000000002,2,0.99999998631160369,0.99999998631160369,0
G0_GRANITE_REFERENCE,brems,8,16,1000,0.98999999999999999,0.5,0.99999999708009379,0.99999999708009379,0
G0_GRANITE_REFERENCE,brems,8,16,1000,0.98999999999999999,1,0.99999999416017749,0.99999999416017749,0
G0_GRANITE_REFERENCE,brems,8,16,1000,0.98999999999999999,2,0.99999998832031423,0.99999998832031423,0
G0_GRANITE_REFERENCE,brems,8,16,1000000,0.01,0.5,0.98114773044317849,0.98114773044317849,0
G0_GRANITE_REFERENCE,brems,8,16,1000000,0.01,1,0.90781233668649175,0.90781233668649175,0
G0_GRANITE_REFERENCE,brems,8,16,1000000,0.01,2,0.79752656612026906,0.79752656612026906,0
G0_GRANITE_REFERENCE,brems,8,16,1000000,0.10000000000000001,0.5,0.99701730743698802,0.99701730743698802,0
G0_GRANITE_REFERENCE,brems,8,16,1000000,0.10000000000000001,1,0.99168576444726009,0.99168576444726009,0
G0_GRANITE_REFERENCE,brems,8,16,1000000,0.10000000000000001,2,1.0107016123128953,1.0107016123128953,0
G0_GRANITE_REFERENCE,brems,8,16,1000000,0.5,0.5,0.99995798452882323,0.99995798452882323,0
G0_GRANITE_REFERENCE,brems,8,16,1000000,0.5,1,0.99983195691756843,0.99983195691756843,0
G0_GRANITE_REFERENCE,brems,8,16,1000000,0.5,2,0.99932786531959072,0.99932786531959072,0
G0_GRANITE_REFERENCE,brems,8,16,1000000,0.90000000000000002,0.5,0.99999939952540062,0.99999939952540062,0
G0_GRANITE_REFERENCE,brems,8,16,1000000,0.90000000000000002,1,0.99999760494105894,0.99999760494105894,0
G0_GRANITE_REFERENCE,brems,8,16,1000000,0.90000000000000002,2,0.99999043344335548,0.99999043344335548,0
G0_GRANITE_REFERENCE,brems,8,16,1000000,0.98999999999999999,0.5,0.9999999920041921,0.9999999920041921,0
G0_GRANITE_REFERENCE,brems,8,16,1000000,0.98999999999999999,1,0.99999997385657091,0.99999997385657091,0
G0_GRANITE_REFERENCE,brems,8,16,1000000,0.98999999999999999,2,0.99999990710589048,0.99999990710589048,0
G0_GRANITE_REFERENCE,brems,8,16,1000000000,0.01,0.5,0.094749250052879236,0.094749250052879236,0
G0_GRANITE_REFERENCE,brems,8,16,1000000000,0.01,1,0.068582575804516169,0.068582575804516169,0
G0_GRANITE_REFERENCE,brems,8,16,1000000000,0.01,2,0.049473016229310031,0.049473016229310045,2.8051226437236371e-16
G0_GRANITE_REFERENCE,brems,8,16,1000000000,0.10000000000000001,0.5,0.27507472086799528,0.27507472086799528,0
G0_GRANITE_REFERENCE,brems,8,16,1000000000,0.10000000000000001,1,0.20430255168571226,0.20430255168571226,0
G0_GRANITE_REFERENCE,brems,8,16,1000000000,0.10000000000000001,2,0.15012758240666624,0.15012758240666624,0
G0_GRANITE_REFERENCE,brems,8,16,1000000000,0.5,0.5,0.59604841233358408,0.59604841233358408,0
G0_GRANITE_REFERENCE,brems,8,16,1000000000,0.5,1,0.46865943933769566,0.46865943933769566,0
G0_GRANITE_REFERENCE,brems,8,16,1000000000,0.5,2,0.35862171933379711,0.35862171933379711,0
G0_GRANITE_REFERENCE,brems,8,16,1000000000,0.90000000000000002,0.5,0.94001690414301553,0.94001690414301553,0
G0_GRANITE_REFERENCE,brems,8,16,1000000000,0.90000000000000002,1,0.83785332428905046,0.83785332428905046,0
G0_GRANITE_REFERENCE,brems,8,16,1000000000,0.90000000000000002,2,0.70324479854965061,0.70324479854965061,0
G0_GRANITE_REFERENCE,brems,8,16,1000000000,0.98999999999999999,0.5,0.99515876938911385,0.99515876938911385,0
G0_GRANITE_REFERENCE,brems,8,16,1000000000,0.98999999999999999,1,0.99042804894166847,0.99042804894166847,0
G0_GRANITE_REFERENCE,brems,8,16,1000000000,0.98999999999999999,2,1.0001815474530786,1.0001815474530786,0
G0_GRANITE_REFERENCE,brems,8,16,100000000000,0.01,0.5,0.0106006308659569,0.010600630865956901,1.6364341876555068e-16
G0_GRANITE_REFERENCE,brems,8,16,100000000000,0.01,1,0.0075871215234696639,0.0075871215234696648,1.1432026431965606e-16
G0_GRANITE_REFERENCE,brems,8,16,100000000000,0.01,2,0.0054273908070401108,0.0054273908070401108,0
G0_GRANITE_REFERENCE,brems,8,16,100000000000,0.10000000000000001,0.5,0.033406784564974909,0.033406784564974909,0
G0_GRANITE_REFERENCE,brems,8,16,100000000000,0.10000000000000001,1,0.023988107969091003,0.023988107969091003,0
G0_GRANITE_REFERENCE,brems,8,16,100000000000,0.10000000000000001,2,0.017203021127881614,0.017203021127881617,2.0167660820520327e-16
G0_GRANITE_REFERENCE,brems,8,16,100000000000,0.5,0.5,0.086299110895688744,0.086299110895688758,1.6081032195787954e-16
G0_GRANITE_REFERENCE,brems,8,16,100000000000,0.5,1,0.062342662072644536,0.06234266207264455,2.226049922546365e-16
G0_GRANITE_REFERENCE,brems,8,16,100000000000,0.5,2,0.044908557488667622,0.044908557488667622,0
G0_GRANITE_REFERENCE,brems,8,16,100000000000,0.90000000000000002,0.5,0.19380199818629254,0.19380199818629254,0
G0_GRANITE_REFERENCE,brems,8,16,100000000000,0.90000000000000002,1,0.14057921295007852,0.14057921295007852,0
G0_GRANITE_REFERENCE,brems,8,16,100000000000,0.90000000000000002,2,0.10149945356410733,0.10149945356410733,0
G0_GRANITE_REFERENCE,brems,8,16,100000000000,0.98999999999999999,0.5,0.52293106562594405,0.52293106562594405,0
G0_GRANITE_REFERENCE,brems,8,16,100000000000,0.98999999999999999,1,0.39653272894402386,0.39653272894402397,2.7998269590046374e-16
G0_GRANITE_REFERENCE,brems,8,16,100000000000,0.98999999999999999,2,0.2937461459476613,0.2937461459476613,0
G0_GRANITE_REFERENCE,brems,11,23,1000,0.01,0.5,0.99997808152109158,0.99997808152109158,0
G0_GRANITE_REFERENCE,brems,11,23,1000,0.01,1,0.99995539878390538,0.99995539878390538,0
G0_GRANITE_REFERENCE,brems,11,23,1000,0.01,2,0.99990774152306927,0.99990774152306927,0
G0_GRANITE_REFERENCE,brems,11,23,1000,0.10000000000000001,0.5,0.99999978087940244,0.99999978087940244,0
G0_GRANITE_REFERENCE,brems,11,23,1000,0.10000000000000001,1,0.99999955541863694,0.99999955541863694,0
G0_GRANITE_REFERENCE,brems,11,23,1000,0.10000000000000001,2,0.99999908547668304,0.99999908547668304,0
G0_GRANITE_REFERENCE,brems,11,23,1000,0.5,0.5,0.9999999905605873,0.9999999905605873,0
G0_GRANITE_REFERENCE,brems,11,23,1000,0.5,1,0.99999998103716281,0.99999998103716281,0
G0_GRANITE_REFERENCE,brems,11,23,1000,0.5,2,0.99999996173827765,0.99999996173827765,0
G0_GRANITE_REFERENCE,brems,11,23,1000,0.90000000000000002,0.5,0.99999999657969207,0.99999999657969207,0
G0_GRANITE_REFERENCE,brems,11,23,1000,0.90000000000000002,1,0.99999999315818999,0.99999999315818999,0
G0_GRANITE_REFERENCE,brems,11,23,1000,0.90000000000000002,2,0.99999998631160369,0.99999998631160369,0
G0_GRANITE_REFERENCE,brems,11,23,1000,0.98999999999999999,0.5,0.99999999708009379,0.99999999708009379,0
G0_GRANITE_REFERENCE,brems,11,23,1000,0.98999999999999999,1,0.99999999416017749,0.99999999416017749,0
G0_GRANITE_REFERENCE,brems,11,23,1000,0.98999999999999999,2,0.99999998832031423,0.99999998832031423,0
G0_GRANITE_REFERENCE,brems,11,23,1000000,0.01,0.5,0.98410759890692612,0.98410759890692612,0
G0_GRANITE_REFERENCE,brems,11,23,1000000,0.01,1,0.91120824848009874,0.91120824848009874,0
G0_GRANITE_REFERENCE,brems,11,23,1000000,0.01,2,0.80090580748061757,0.80090580748061757,0
G0_GRANITE_REFERENCE,brems,11,23,1000000,0.10000000000000001,0.5,0.99701730743698802,0.99701730743698802,0
G0_GRANITE_REFERENCE,brems,11,23,1000000,0.10000000000000001,1,0.99174258225949474,0.99174258225949474,0
G0_GRANITE_REFERENCE,brems,11,23,1000000,0.10000000000000001,2,1.0121674699242091,1.0121674699242091,0
G0_GRANITE_REFERENCE,brems,11,23,1000000,0.5,0.5,0.99995798452882323,0.99995798452882323,0
G0_GRANITE_REFERENCE,brems,11,23,1000000,0.5,1,0.99983195691756843,0.99983195691756843,0
G0_GRANITE_REFERENCE,brems,11,23,1000000,0.5,2,0.99932786531959072,0.99932786531959072,0
G0_GRANITE_REFERENCE,brems,11,23,1000000,0.90000000000000002,0.5,0.99999939952540062,0.99999939952540062,0
G0_GRANITE_REFERENCE,brems,11,23,1000000,0.90000000000000002,1,0.99999760494105894,0.99999760494105894,0
G0_GRANITE_REFERENCE,brems,11,23,1000000,0.90000000000000002,2,0.99999043344335548,0.99999043344335548,0
G0_GRANITE_REFERENCE,brems,11,23,1000000,0.98999999999999999,0.5,0.9999999920041921,0.9999999920041921,0
G0_GRANITE_REFERENCE,brems,11,23,1000000,0.98999999999999999,1,0.99999997385657091,0.99999997385657091,0
G0_GRANITE_REFERENCE,brems,11,23,1000000,0.98999999999999999,2,0.99999990710589048,0.99999990710589048,0
G0_GRANITE_REFERENCE,brems,11,23,1000000000,0.01,0.5,0.095346960097672587,0.095346960097672587,0
G0_GRANITE_REFERENCE,brems,11,23,1000000000,0.01,1,0.069032421823488455,0.069032421823488455,0
G0_GRANITE_REFERENCE,brems,11,23,1000000000,0.01,2,0.049809808346761186,0.049809808346761186,0
G0_GRANITE_REFERENCE,brems,11,23,1000000000,0.10000000000000001,0.5,0.27657476003478049,0.27657476003478049,0
G0_GRANITE_REFERENCE,brems,11,23,1000000000,0.10000000000000001,1,0.20546592871250025,0.20546592871250025,0
G0_GRANITE_REFERENCE,brems,11,23,1000000000,0.10000000000000001,2,0.15101952023088427,0.15101952023088427,0
G0_GRANITE_REFERENCE,brems,11,23,1000000000,0.5,0.5,0.59877184943079531,0.59877184943079531,0
G0_GRANITE_REFERENCE,brems,11,23,1000000000,0.5,1,0.47092146892389536,0.47092146892389536,0
G0_GRANITE_REFERENCE,brems,11,23,1000000000,0.5,2,0.36044112706015224,0.36044112706015224,0
G0_GRANITE_REFERENCE,brems,11,23,1000000000,0.90000000000000002,0.5,0.94287285954518951,0.94287285954518951,0
G0_GRANITE_REFERENCE,brems,11,23,1000000000,0.90000000000000002,1,0.84088159713214083,0.84088159713214083,0
G0_GRANITE_REFERENCE,brems,11,23,1000000000,0.90000000000000002,2,0.70604207457681067,0.70604207457681067,0
G0_GRANITE_REFERENCE,brems,11,23,1000000000,0.98999999999999999,0.5,0.99515876938911385,0.99515876938911385,0
G0_GRANITE_REFERENCE,brems,11,23,1000000000,0.98999999999999999,1,0.99072516448379744,0.99072516448379744,0
G0_GRANITE_REFERENCE,brems,11,23,1000000000,0.98999999999999999,2,1.001814105273185,1.001814105273185,0
G0_GRANITE_REFERENCE,brems,11,23,100000000000,0.01,0.5,0.010684246479452056,0.010684246479452056,0
G0_GRANITE_REFERENCE,brems,11,23,100000000000,0.01,1,0.0076485819279364228,0.0076485819279364228,0
G0_GRANITE_REFERENCE,brems,11,23,100000000000,0.01,2,0.005472471754782186,0.005472471754782186,0
G0_GRANITE_REFERENCE,brems,11,23,100000000000,0.10000000000000001,0.5,0.033643829220444565,0.033643829220444565,0
G0_GRANITE_REFERENCE,brems,11,23,100000000000,0.10000000000000001,1,0.024164015439323259,0.024164015439323259,0
G0_GRANITE_REFERENCE,brems,11,23,100000000000,0.10000000000000001,2,0.017333141839265355,0.017333141839265355,0
G0_GRANITE_REFERENCE,brems,11,23,100000000000,0.5,0.5,0.086840515680847219,0.086840515680847219,0
G0_GRANITE_REFERENCE,brems,11,23,100000000000,0.5,1,0.062750011100160888,0.062750011100160888,0
G0_GRANITE_REFERENCE,brems,11,23,100000000000,0.5,2,0.045213479075903985,0.045213479075903985,0
G0_GRANITE_REFERENCE,brems,11,23,100000000000,0.90000000000000002,0.5,0.19481146599349497,0.19481146599349497,0
G0_GRANITE_REFERENCE,brems,11,23,100000000000,0.90000000000000002,1,0.14135382496035562,0.14135382496035562,0
G0_GRANITE_REFERENCE,brems,11,23,100000000000,0.90000000000000002,2,0.10208946633060907,0.10208946633060907,0
G0_GRANITE_REFERENCE,brems,11,23,100000000000,0.98999999999999999,0.5,0.52513452137012417,0.52513452137012417,0
G0_GRANITE_REFERENCE,brems,11,23,100000000000,0.98999999999999999,1,0.39829745117951515,0.39829745117951515,0
G0_GRANITE_REFERENCE,brems,11,23,100000000000,0.98999999999999999,2,0.29513065443766351,0.29513065443766351,0
G0_GRANITE_REFERENCE,brems,12,24,1000,0.01,0.5,0.99997808152109158,0.99997808152109158,0
G0_GRANITE_REFERENCE,brems,12,24,1000,0.01,1,0.99995539878390538,0.99995539878390538,0
G0_GRANITE_REFERENCE,brems,12,24,1000,0.01,2,0.99990774152306927,0.99990774152306927,0
G0_GRANITE_REFERENCE,brems,12,24,1000,0.10000000000000001,0.5,0.99999978087940244,0.99999978087940244,0
G0_GRANITE_REFERENCE,brems,12,24,1000,0.10000000000000001,1,0.99999955541863694,0.99999955541863694,0
G0_GRANITE_REFERENCE,brems,12,24,1000,0.10000000000000001,2,0.99999908547668304,0.99999908547668304,0
G0_GRANITE_REFERENCE,brems,12,24,1000,0.5,0.5,0.9999999905605873,0.9999999905605873,0
G0_GRANITE_REFERENCE,brems,12,24,1000,0.5,1,0.99999998103716281,0.99999998103716281,0
G0_GRANITE_REFERENCE,brems,12,24,1000,0.5,2,0.99999996173827765,0.99999996173827765,0
G0_GRANITE_REFERENCE,brems,12,24,1000,0.90000000000000002,0.5,0.99999999657969207,0.99999999657969207,0
G0_GRANITE_REFERENCE,brems,12,24,1000,0.90000000000000002,1,0.99999999315818999,0.99999999315818999,0
G0_GRANITE_REFERENCE,brems,12,24,1000,0.90000000000000002,2,0.99999998631160369,0.99999998631160369,0
G0_GRANITE_REFERENCE,brems,12,24,1000,0.98999999999999999,0.5,0.99999999708009379,0.99999999708009379,0
G0_GRANITE_REFERENCE,brems,12,24,1000,0.98999999999999999,1,0.99999999416017749,0.99999999416017749,0
G0_GRANITE_REFERENCE,brems,12,24,1000,0.98999999999999999,2,0.99999998832031423,0.99999998832031423,0
G0_GRANITE_REFERENCE,brems,12,24,1000000,0.01,0.5,0.98454048227409408,0.98454048227409408,0
G0_GRANITE_REFERENCE,brems,12,24,1000000,0.01,1,0.91170465599809158,0.91170465599809158,0
G0_GRANITE_REFERENCE,brems,12,24,1000000,0.01,2,0.80139951487746841,0.80139951487746841,0
G0_GRANITE_REFERENCE,brems,12,24,1000000,0.10000000000000001,0.5,0.99701730743698802,0.99701730743698802,0
G0_GRANITE_REFERENCE,brems,12,24,1000000,0.10000000000000001,1,0.99175089820992501,0.99175089820992501,0
G0_GRANITE_REFERENCE,brems,12,24,1000000,0.10000000000000001,2,1.0123819682257946,1.0123819682257946,0
G0_GRANITE_REFERENCE,brems,12,24,1000000,0.5,0.5,0.99995798452882323,0.99995798452882323,0
G0_GRANITE_REFERENCE,brems,12,24,1000000,0.5,1,0.99983195691756843,0.99983195691756843,0
G0_GRANITE_REFERENCE,brems,12,24,1000000,0.5,2,0.99932786531959072,0.99932786531959072,0
G0_GRANITE_REFERENCE,brems,12,24,1000000,0.90000000000000002,0.5,0.99999939952540062,0.99999939952540062,0
G0_GRANITE_REFERENCE,brems,12,24,1000000,0.90000000000000002,1,0.99999760494105894,0.99999760494105894,0
G0_GRANITE_REFERENCE,brems,12,24,1000000,0.90000000000000002,2,0.99999043344335548,0.99999043344335548,0
G0_GRANITE_REFERENCE,brems,12,24,1000000,0.98999999999999999,0.5,0.9999999920041921,0.9999999920041921,0
G0_GRANITE_REFERENCE,brems,12,24,1000000,0.98999999999999999,1,0.99999997385657091,0.99999997385657091,0
G0_GRANITE_REFERENCE,brems,12,24,1000000,0.98999999999999999,2,0.99999990710589048,0.99999990710589048,0
G0_GRANITE_REFERENCE,brems,12,24,1000000000,0.01,0.5,0.095434038173152574,0.095434038173152574,0
G0_GRANITE_REFERENCE,brems,12,24,1000000000,0.01,1,0.069097943910951254,0.069097943910951254,0
G0_GRANITE_REFERENCE,brems,12,24,1000000000,0.01,2,0.04985885386589383,0.04985885386589383,0
G0_GRANITE_REFERENCE,brems,12,24,1000000000,0.10000000000000001,0.5,0.27679349787115431,0.27679349787115431,0
G0_GRANITE_REFERENCE,brems,12,24,1000000000,0.10000000000000001,1,0.20563552284181269,0.20563552284181269,0
G0_GRANITE_REFERENCE,brems,12,24,1000000000,0.10000000000000001,2,0.15114950924859538,0.15114950924859538,0
G0_GRANITE_REFERENCE,brems,12,24,1000000000,0.5,0.5,0.59916944923094839,0.59916944923094839,0
G0_GRANITE_REFERENCE,brems,12,24,1000000000,0.5,1,0.47125156501934051,0.47125156501934051,0
G0_GRANITE_REFERENCE,brems,12,24,1000000000,0.5,2,0.36070653220136134,0.36070653220136134,0
G0_GRANITE_REFERENCE,brems,12,24,1000000000,0.90000000000000002,0.5,0.94329046020068186,0.94329046020068186,0
G0_GRANITE_REFERENCE,brems,12,24,1000000000,0.90000000000000002,1,0.84132413290157537,0.84132413290157537,0
G0_GRANITE_REFERENCE,brems,12,24,1000000000,0.90000000000000002,2,0.70645061600418901,0.70645061600418901,0
G0_GRANITE_REFERENCE,brems,12,24,1000000000,0.98999999999999999,0.5,0.99515876938911385,0.99515876938911385,0
G0_GRANITE_REFERENCE,brems,12,24,1000000000,0.98999999999999999,1,0.99076864914462726,0.99076864914462726,0
G0_GRANITE_REFERENCE,brems,12,24,1000000000,0.98999999999999999,2,1.0020529777021956,1.0020529777021956,0
G0_GRANITE_REFERENCE,brems,12,24,100000000000,0.01,0.5,0.010696414361658088,0.010696414361658088,0
G0_GRANITE_REFERENCE,brems,12,24,100000000000,0.01,1,0.007657524741376146,0.007657524741376146,0
G0_GRANITE_REFERENCE,brems,12,24,100000000000,0.01,2,0.0054790306210202068,0.0054790306210202068,0
G0_GRANITE_REFERENCE,brems,12,24,100000000000,0.10000000000000001,0.5,0.033678341591464336,0.033678341591464336,0
G0_GRANITE_REFERENCE,brems,12,24,100000000000,0.10000000000000001,1,0.024189622409101243,0.024189622409101243,0
G0_GRANITE_REFERENCE,brems,12,24,100000000000,0.10000000000000001,2,0.01735208080413431,0.01735208080413431,0
G0_GRANITE_REFERENCE,brems,12,24,100000000000,0.5,0.5,0.086919390375741742,0.086919390375741742,0
G0_GRANITE_REFERENCE,brems,12,24,100000000000,0.5,1,0.062809343042488669,0.062809343042488669,0
G0_GRANITE_REFERENCE,brems,12,24,100000000000,0.5,2,0.045257883276065891,0.045257883276065891,0
G0_GRANITE_REFERENCE,brems,12,24,100000000000,0.90000000000000002,0.5,0.19495864349015274,0.19495864349015274,0
G0_GRANITE_REFERENCE,brems,12,24,100000000000,0.90000000000000002,1,0.1414667315498363,0.1414667315498363,0
G0_GRANITE_REFERENCE,brems,12,24,100000000000,0.90000000000000002,2,0.10217544478545738,0.10217544478545738,0
G0_GRANITE_REFERENCE,brems,12,24,100000000000,0.98999999999999999,0.5,0.52545613172706795,0.52545613172706795,0
G0_GRANITE_REFERENCE,brems,12,24,100000000000,0.98999999999999999,1,0.39855492539858883,0.39855492539858883,0
G0_GRANITE_REFERENCE,brems,12,24,100000000000,0.98999999999999999,2,0.29533259053033012,0.29533259053033012,0
G0_GRANITE_REFERENCE,brems,13,27,1000,0.01,0.5,0.99997808152109158,0.99997808152109158,0
G0_GRANITE_REFERENCE,brems,13,27,1000,0.01,1,0.99995539878390538,0.99995539878390538,0
G0_GRANITE_REFERENCE,brems,13,27,1000,0.01,2,0.99990774152306927,0.99990774152306927,0
G0_GRANITE_REFERENCE,brems,13,27,1000,0.10000000000000001,0.5,0.99999978087940244,0.99999978087940244,0
G0_GRANITE_REFERENCE,brems,13,27,1000,0.10000000000000001,1,0.99999955541863694,0.99999955541863694,0
G0_GRANITE_REFERENCE,brems,13,27,1000,0.10000000000000001,2,0.99999908547668304,0.99999908547668304,0
G0_GRANITE_REFERENCE,brems,13,27,1000,0.5,0.5,0.9999999905605873,0.9999999905605873,0
G0_GRANITE_REFERENCE,brems,13,27,1000,0.5,1,0.99999998103716281,0.99999998103716281,0
G0_GRANITE_REFERENCE,brems,13,27,1000,0.5,2,0.99999996173827765,0.99999996173827765,0
G0_GRANITE_REFERENCE,brems,13,27,1000,0.90000000000000002,0.5,0.99999999657969207,0.99999999657969207,0
G0_GRANITE_REFERENCE,brems,13,27,1000,0.90000000000000002,1,0.99999999315818999,0.99999999315818999,0
G0_GRANITE_REFERENCE,brems,13,27,1000,0.90000000000000002,2,0.99999998631160369,0.99999998631160369,0
G0_GRANITE_REFERENCE,brems,13,27,1000,0.98999999999999999,0.5,0.99999999708009379,0.99999999708009379,0
G0_GRANITE_REFERENCE,brems,13,27,1000,0.98999999999999999,1,0.99999999416017749,0.99999999416017749,0
G0_GRANITE_REFERENCE,brems,13,27,1000,0.98999999999999999,2,0.99999998832031423,0.99999998832031423,0
G0_GRANITE_REFERENCE,brems,13,27,1000000,0.01,0.5,0.98484523596978746,0.98484523596978746,0
G0_GRANITE_REFERENCE,brems,13,27,1000000,0.01,1,0.9120540933243183,0.9120540933243183,0
G0_GRANITE_REFERENCE,brems,13,27,1000000,0.01,2,0.80174701124042047,0.80174701124042047,0
G0_GRANITE_REFERENCE,brems,13,27,1000000,0.10000000000000001,0.5,0.99701730743698802,0.99701730743698802,0
G0_GRANITE_REFERENCE,brems,13,27,1000000,0.10000000000000001,1,0.99175675368135763,0.99175675368135763,0
G0_GRANITE_REFERENCE,brems,13,27,1000000,0.10000000000000001,2,1.0125329946467292,1.0125329946467292,0
G0_GRANITE_REFERENCE,brems,13,27,1000000,0.5,0.5,0.99995798452882323,0.99995798452882323,0
G0_GRANITE_REFERENCE,brems,13,27,1000000,0.5,1,0.99983195691756843,0.99983195691756843,0
G0_GRANITE_REFERENCE,brems,13,27,1000000,0.5,2,0.99932786531959072,0.99932786531959072,0
G0_GRANITE_REFERENCE,brems,13,27,1000000,0.90000000000000002,0.5,0.99999939952540062,0.99999939952540062,0
G0_GRANITE_REFERENCE,brems,13,27,1000000,0.90000000000000002,1,0.99999760494105894,0.99999760494105894,0
G0_GRANITE_REFERENCE,brems,13,27,1000000,0.90000000000000002,2,0.99999043344335548,0.99999043344335548,0
G0_GRANITE_REFERENCE,brems,13,27,1000000,0.98999999999999999,0.5,0.9999999920041921,0.9999999920041921,0
G0_GRANITE_REFERENCE,brems,13,27,1000000,0.98999999999999999,1,0.99999997385657091,0.99999997385657091,0
G0_GRANITE_REFERENCE,brems,13,27,1000000,0.98999999999999999,2,0.99999990710589048,0.99999990710589048,0
G0_GRANITE_REFERENCE,brems,13,27,1000000000,0.01,0.5,0.095495290577737979,0.095495290577737979,0
G0_GRANITE_REFERENCE,brems,13,27,1000000000,0.01,1,0.069144031268312922,0.069144031268312922,0
G0_GRANITE_REFERENCE,brems,13,27,1000000000,0.01,2,0.049893350358081436,0.049893350358081436,0
G0_GRANITE_REFERENCE,brems,13,27,1000000000,0.10000000000000001,0.5,0.27694739304485305,0.27694739304485305,0
G0_GRANITE_REFERENCE,brems,13,27,1000000000,0.10000000000000001,1,0.20575483471151915,0.20575483471151915,0
G0_GRANITE_REFERENCE,brems,13,27,1000000000,0.10000000000000001,2,0.15124095299987944,0.15124095299987944,0
G0_GRANITE_REFERENCE,brems,13,27,1000000000,0.5,0.5,0.59944925523511261,0.59944925523511261,0
G0_GRANITE_REFERENCE,brems,13,27,1000000000,0.5,1,0.47148384448764108,0.47148384448764108,0
G0_GRANITE_REFERENCE,brems,13,27,1000000000,0.5,2,0.36089327529505172,0.36089327529505172,0
G0_GRANITE_REFERENCE,brems,13,27,1000000000,0.90000000000000002,0.5,0.9435844416669551,0.9435844416669551,0
G0_GRANITE_REFERENCE,brems,13,27,1000000000,0.90000000000000002,1,0.84163562813148884,0.84163562813148884,0
G0_GRANITE_REFERENCE,brems,13,27,1000000000,0.90000000000000002,2,0.70673814674132962,0.70673814674132962,0
G0_GRANITE_REFERENCE,brems,13,27,1000000000,0.98999999999999999,0.5,0.99515876938911385,0.99515876938911385,0
G0_GRANITE_REFERENCE,brems,13,27,1000000000,0.98999999999999999,1,0.99079926753855241,0.99079926753855241,0
G0_GRANITE_REFERENCE,brems,13,27,1000000000,0.98999999999999999,2,1.0022211628118116,1.0022211628118116,0
G0_GRANITE_REFERENCE,brems,13,27,100000000000,0.01,0.5,0.010704971428279322,0.010704971428279322,0
G0_GRANITE_REFERENCE,brems,13,27,100000000000,0.01,1,0.0076638136295726998,0.0076638136295726998,0
G0_GRANITE_REFERENCE,brems,13,27,100000000000,0.01,2,0.0054836429422871202,0.0054836429422871202,0
G0_GRANITE_REFERENCE,brems,13,27,100000000000,0.10000000000000001,0.5,0.033702614991454855,0.033702614991454855,0
G0_GRANITE_REFERENCE,brems,13,27,100000000000,0.10000000000000001,1,0.024207631798044499,0.024207631798044499,0
G0_GRANITE_REFERENCE,brems,13,27,100000000000,0.10000000000000001,2,0.017365400167229244,0.017365400167229244,0
G0_GRANITE_REFERENCE,brems,13,27,100000000000,0.5,0.5,0.086974872290430244,0.086974872290430244,0
G0_GRANITE_REFERENCE,brems,13,27,100000000000,0.5,1,0.062851076294394514,0.062851076294394514,0
G0_GRANITE_REFERENCE,brems,13,27,100000000000,0.5,2,0.04528911524203378,0.04528911524203378,0
G0_GRANITE_REFERENCE,brems,13,27,100000000000,0.90000000000000002,0.5,0.19506218795502728,0.19506218795502728,0
G0_GRANITE_REFERENCE,brems,13,27,100000000000,0.90000000000000002,1,0.14154616075537393,0.14154616075537393,0
G0_GRANITE_REFERENCE,brems,13,27,100000000000,0.90000000000000002,2,0.10223592698456506,0.10223592698456506,0
G0_GRANITE_REFERENCE,brems,13,27,100000000000,0.98999999999999999,0.5,0.5256824494557778,0.5256824494557778,0
G0_GRANITE_REFERENCE,brems,13,27,100000000000,0.98999999999999999,1,0.39873609522582065,0.39873609522582065,0
G0_GRANITE_REFERENCE,brems,13,27,100000000000,0.98999999999999999,2,0.29547467152877704,0.29547467152877704,0
G0_GRANITE_REFERENCE,brems,14,28,1000,0.01,0.5,0.99997808152109158,0.99997808152109158,0
G0_GRANITE_REFERENCE,brems,14,28,1000,0.01,1,0.99995539878390538,0.99995539878390538,0
G0_GRANITE_REFERENCE,brems,14,28,1000,0.01,2,0.99990774152306927,0.99990774152306927,0
G0_GRANITE_REFERENCE,brems,14,28,1000,0.10000000000000001,0.5,0.99999978087940244,0.99999978087940244,0
G0_GRANITE_REFERENCE,brems,14,28,1000,0.10000000000000001,1,0.99999955541863694,0.99999955541863694,0
G0_GRANITE_REFERENCE,brems,14,28,1000,0.10000000000000001,2,0.99999908547668304,0.99999908547668304,0
G0_GRANITE_REFERENCE,brems,14,28,1000,0.5,0.5,0.9999999905605873,0.9999999905605873,0
G0_GRANITE_REFERENCE,brems,14,28,1000,0.5,1,0.99999998103716281,0.99999998103716281,0
G0_GRANITE_REFERENCE,brems,14,28,1000,0.5,2,0.99999996173827765,0.99999996173827765,0
G0_GRANITE_REFERENCE,brems,14,28,1000,0.90000000000000002,0.5,0.99999999657969207,0.99999999657969207,0
G0_GRANITE_REFERENCE,brems,14,28,1000,0.90000000000000002,1,0.99999999315818999,0.99999999315818999,0
G0_GRANITE_REFERENCE,brems,14,28,1000,0.90000000000000002,2,0.99999998631160369,0.99999998631160369,0
G0_GRANITE_REFERENCE,brems,14,28,1000,0.98999999999999999,0.5,0.99999999708009379,0.99999999708009379,0
G0_GRANITE_REFERENCE,brems,14,28,1000,0.98999999999999999,1,0.99999999416017749,0.99999999416017749,0
G0_GRANITE_REFERENCE,brems,14,28,1000,0.98999999999999999,2,0.99999998832031423,0.99999998832031423,0
G0_GRANITE_REFERENCE,brems,14,28,1000000,0.01,0.5,0.98515031379580065,0.98515031379580065,0
G0_GRANITE_REFERENCE,brems,14,28,1000000,0.01,1,0.91240387090566755,0.91240387090566755,0
G0_GRANITE_REFERENCE,brems,14,28,1000000,0.01,2,0.80209481265791593,0.80209481265791593,0
G0_GRANITE_REFERENCE,brems,14,28,1000000,0.10000000000000001,0.5,0.99701730743698802,0.99701730743698802,0
G0_GRANITE_REFERENCE,brems,14,28,1000000,0.10000000000000001,1,0.99176261618402517,0.99176261618402517,0
G0_GRANITE_REFERENCE,brems,14,28,1000000,0.10000000000000001,2,1.0126841963891084,1.0126841963891084,0
G0_GRANITE_REFERENCE,brems,14,28,1000000,0.5,0.5,0.99995798452882323,0.99995798452882323,0
G0_GRANITE_REFERENCE,brems,14,28,1000000,0.5,1,0.99983195691756843,0.99983195691756843,0
G0_GRANITE_REFERENCE,brems,14,28,1000000,0.5,2,0.99932786531959072,0.99932786531959072,0
G0_GRANITE_REFERENCE,brems,14,28,1000000,0.90000000000000002,0.5,0.99999939952540062,0.99999939952540062,0
G0_GRANITE_REFERENCE,brems,14,28,1000000,0.90000000000000002,1,0.99999760494105894,0.99999760494105894,0
G0_GRANITE_REFERENCE,brems,14,28,1000000,0.90000000000000002,2,0.99999043344335548,0.99999043344335548,0
G0_GRANITE_REFERENCE,brems,14,28,1000000,0.98999999999999999,0.5,0.9999999920041921,0.9999999920041921,0
G0_GRANITE_REFERENCE,brems,14,28,1000000,0.98999999999999999,1,0.99999997385657091,0.99999997385657091,0
G0_GRANITE_REFERENCE,brems,14,28,1000000,0.98999999999999999,2,0.99999990710589048,0.99999990710589048,0
G0_GRANITE_REFERENCE,brems,14,28,1000000000,0.01,0.5,0.095556565730013407,0.095556565730013407,0
G0_GRANITE_REFERENCE,brems,14,28,1000000000,0.01,1,0.069190133971982135,0.069190133971982135,0
G0_GRANITE_REFERENCE,brems,14,28,1000000000,0.01,2,0.04992785712843846,0.04992785712843846,0
G0_GRANITE_REFERENCE,brems,14,28,1000000000,0.10000000000000001,0.5,0.27710137073600144,0.27710137073600144,0
G0_GRANITE_REFERENCE,brems,14,28,1000000000,0.10000000000000001,1,0.20587420414895152,0.20587420414895152,0
G0_GRANITE_REFERENCE,brems,14,28,1000000000,0.10000000000000001,2,0.1513324364489268,0.1513324364489268,0
G0_GRANITE_REFERENCE,brems,14,28,1000000000,0.5,0.5,0.59972926970689511,0.59972926970689511,0
G0_GRANITE_REFERENCE,brems,14,28,1000000000,0.5,1,0.47171627913934294,0.47171627913934294,0
G0_GRANITE_REFERENCE,brems,14,28,1000000000,0.5,2,0.36108013063855671,0.36108013063855671,0
G0_GRANITE_REFERENCE,brems,14,28,1000000000,0.90000000000000002,0.5,0.94387872499170122,0.94387872499170122,0
G0_GRANITE_REFERENCE,brems,14,28,1000000000,0.90000000000000002,1,0.84194741010291296,0.84194741010291296,0
G0_GRANITE_REFERENCE,brems,14,28,1000000000,0.90000000000000002,2,0.70702591212409738,0.70702591212409738,0
G0_GRANITE_REFERENCE,brems,14,28,1000000000,0.98999999999999999,0.5,0.99515876938911385,0.99515876938911385,0
G0_GRANITE_REFERENCE,brems,14,28,1000000000,0.98999999999999999,1,0.99082992248513935,0.99082992248513935,0
G0_GRANITE_REFERENCE,brems,14,28,1000000000,0.98999999999999999,2,1.0023895407373027,1.0023895407373027,0
G0_GRANITE_REFERENCE,brems,14,28,100000000000,0.01,0.5,0.010713529981701001,0.010713529981701001,0
G0_GRANITE_REFERENCE,brems,14,28,100000000000,0.01,1,0.0076701034895345242,0.0076701034895345242,0
G0_GRANITE_REFERENCE,brems,14,28,100000000000,0.01,2,0.0054882558989008592,0.0054882558989008592,0
G0_GRANITE_REFERENCE,brems,14,28,100000000000,0.10000000000000001,0.5,0.033726894714114948,0.033726894714114948,0
G0_GRANITE_REFERENCE,brems,14,28,100000000000,0.10000000000000001,1,0.024225645365969928,0.024225645365969928,0
G0_GRANITE_REFERENCE,brems,14,28,100000000000,0.10000000000000001,2,0.017378722279440605,0.017378722279440605,0
G0_GRANITE_REFERENCE,brems,14,28,100000000000,0.5,0.5,0.087030374749498055,0.087030374749498055,0
G0_GRANITE_REFERENCE,brems,14,28,100000000000,0.5,1,0.062892823409474732,0.062892823409474732,0
G0_GRANITE_REFERENCE,brems,14,28,100000000000,0.5,2,0.045320356494047372,0.045320356494047372,0
G0_GRANITE_REFERENCE,brems,14,28,100000000000,0.90000000000000002,0.5,0.19516578486714584,0.19516578486714584,0
G0_GRANITE_REFERENCE,brems,14,28,100000000000,0.90000000000000002,1,0.14162562648837987,0.14162562648837987,0
G0_GRANITE_REFERENCE,brems,14,28,100000000000,0.90000000000000002,2,0.10229643435669651,0.10229643435669651,0
G0_GRANITE_REFERENCE,brems,14,28,100000000000,0.98999999999999999,0.5,0.52590892618782037,0.52590892618782037,0
G0_GRANITE_REFERENCE,brems,14,28,100000000000,0.98999999999999999,1,0.39891737977910185,0.39891737977910185,0
G0_GRANITE_REFERENCE,brems,14,28,100000000000,0.98999999999999999,2,0.2956168343741456,0.2956168343741456,0
G0_GRANITE_REFERENCE,brems,19,39,1000,0.01,0.5,0.99997808152109158,0.99997808152109158,0
G0_GRANITE_REFERENCE,brems,19,39,1000,0.01,1,0.99995539878390538,0.99995539878390538,0
G0_GRANITE_REFERENCE,brems,19,39,1000,0.01,2,0.99990774152306927,0.99990774152306927,0
G0_GRANITE_REFERENCE,brems,19,39,1000,0.10000000000000001,0.5,0.99999978087940244,0.99999978087940244,0
G0_GRANITE_REFERENCE,brems,19,39,1000,0.10000000000000001,1,0.99999955541863694,0.99999955541863694,0
G0_GRANITE_REFERENCE,brems,19,39,1000,0.10000000000000001,2,0.99999908547668304,0.99999908547668304,0
G0_GRANITE_REFERENCE,brems,19,39,1000,0.5,0.5,0.9999999905605873,0.9999999905605873,0
G0_GRANITE_REFERENCE,brems,19,39,1000,0.5,1,0.99999998103716281,0.99999998103716281,0
G0_GRANITE_REFERENCE,brems,19,39,1000,0.5,2,0.99999996173827765,0.99999996173827765,0
G0_GRANITE_REFERENCE,brems,19,39,1000,0.90000000000000002,0.5,0.99999999657969207,0.99999999657969207,0
G0_GRANITE_REFERENCE,brems,19,39,1000,0.90000000000000002,1,0.99999999315818999,0.99999999315818999,0
G0_GRANITE_REFERENCE,brems,19,39,1000,0.90000000000000002,2,0.99999998631160369,0.99999998631160369,0
G0_GRANITE_REFERENCE,brems,19,39,1000,0.98999999999999999,0.5,0.99999999708009379,0.99999999708009379,0
G0_GRANITE_REFERENCE,brems,19,39,1000,0.98999999999999999,1,0.99999999416017749,0.99999999416017749,0
G0_GRANITE_REFERENCE,brems,19,39,1000,0.98999999999999999,2,0.99999998832031423,0.99999998832031423,0
G0_GRANITE_REFERENCE,brems,19,39,1000000,0.01,0.5,0.986783735312038,0.986783735312038,0
G0_GRANITE_REFERENCE,brems,19,39,1000000,0.01,1,0.91427608530731919,0.91427608530731919,0
G0_GRANITE_REFERENCE,brems,19,39,1000000,0.01,2,0.80395588298617926,0.80395588298617926,0
G0_GRANITE_REFERENCE,brems,19,39,1000000,0.10000000000000001,0.5,0.99701730743698802,0.99701730743698802,0
G0_GRANITE_REFERENCE,brems,19,39,1000000,0.10000000000000001,1,0.99179401841529713,0.99179401841529713,0
G0_GRANITE_REFERENCE,brems,19,39,1000000,0.10000000000000001,2,1.013493998500629,1.013493998500629,0
G0_GRANITE_REFERENCE,brems,19,39,1000000,0.5,0.5,0.99995798452882323,0.99995798452882323,0
G0_GRANITE_REFERENCE,brems,19,39,1000000,0.5,1,0.99983195691756843,0.99983195691756843,0
G0_GRANITE_REFERENCE,brems,19,39,1000000,0.5,2,0.99932786531959072,0.99932786531959072,0
G0_GRANITE_REFERENCE,brems,19,39,1000000,0.90000000000000002,0.5,0.99999939952540062,0.99999939952540062,0
G0_GRANITE_REFERENCE,brems,19,39,1000000,0.90000000000000002,1,0.99999760494105894,0.99999760494105894,0
G0_GRANITE_REFERENCE,brems,19,39,1000000,0.90000000000000002,2,0.99999043344335548,0.99999043344335548,0
G0_GRANITE_REFERENCE,brems,19,39,1000000,0.98999999999999999,0.5,0.9999999920041921,0.9999999920041921,0
G0_GRANITE_REFERENCE,brems,19,39,1000000,0.98999999999999999,1,0.99999997385657091,0.99999997385657091,0
G0_GRANITE_REFERENCE,brems,19,39,1000000,0.98999999999999999,2,0.99999990710589048,0.99999990710589048,0
G0_GRANITE_REFERENCE,brems,19,39,1000000000,0.01,0.5,0.095883921171305231,0.095883921171305231,0
G0_GRANITE_REFERENCE,brems,19,39,1000000000,0.01,1,0.069436402569895306,0.069436402569895306,0
G0_GRANITE_REFERENCE,brems,19,39,1000000000,0.01,2,0.050112162968695181,0.050112162968695181,0
G0_GRANITE_REFERENCE,brems,19,39,1000000000,0.10000000000000001,0.5,0.2779244071133451,0.2779244071133451,0
G0_GRANITE_REFERENCE,brems,19,39,1000000000,0.10000000000000001,1,0.2065121453398838,0.2065121453398838,0
G0_GRANITE_REFERENCE,brems,19,39,1000000000,0.10000000000000001,2,0.15182127298987569,0.15182127298987569,0
G0_GRANITE_REFERENCE,brems,19,39,1000000000,0.5,0.5,0.60122698397097907,0.60122698397097907,0
G0_GRANITE_REFERENCE,brems,19,39,1000000000,0.5,1,0.47295919991575514,0.47295919991575514,0
G0_GRANITE_REFERENCE,brems,19,39,1000000000,0.5,2,0.36207910869268933,0.36207910869268933,0
G0_GRANITE_REFERENCE,brems,19,39,1000000000,0.90000000000000002,0.5,0.94545416741894839,0.94545416741894839,0
G0_GRANITE_REFERENCE,brems,19,39,1000000000,0.90000000000000002,1,0.84361596806675143,0.84361596806675143,0
G0_GRANITE_REFERENCE,brems,19,39,1000000000,0.90000000000000002,2,0.70856543051256293,0.70856543051256293,0
G0_GRANITE_REFERENCE,brems,19,39,1000000000,0.98999999999999999,0.5,0.99515876938911385,0.99515876938911385,0
G0_GRANITE_REFERENCE,brems,19,39,1000000000,0.98999999999999999,1,0.99099412066505344,0.99099412066505344,0
G0_GRANITE_REFERENCE,brems,19,39,1000000000,0.98999999999999999,2,1.003291293202911,1.003291293202911,0
G0_GRANITE_REFERENCE,brems,19,39,100000000000,0.01,0.5,0.010759224742004641,0.010759224742004641,0
G0_GRANITE_REFERENCE,brems,19,39,100000000000,0.01,1,0.0077036835231157281,0.0077036835231157281,0
G0_GRANITE_REFERENCE,brems,19,39,100000000000,0.01,2,0.0055128820791008198,0.0055128820791008198,0
G0_GRANITE_REFERENCE,brems,19,39,100000000000,0.10000000000000001,0.5,0.033856561101644415,0.033856561101644415,0
G0_GRANITE_REFERENCE,brems,19,39,100000000000,0.10000000000000001,1,0.024321838648766306,0.024321838648766306,0
G0_GRANITE_REFERENCE,brems,19,39,100000000000,0.10000000000000001,2,0.017449857270732803,0.017449857270732803,0
G0_GRANITE_REFERENCE,brems,19,39,100000000000,0.5,0.5,0.087326889226157903,0.087326889226157903,0
G0_GRANITE_REFERENCE,brems,19,39,100000000000,0.5,1,0.063115825030710199,0.063115825030710199,0
G0_GRANITE_REFERENCE,brems,19,39,100000000000,0.5,2,0.045487220383548257,0.045487220383548257,0
G0_GRANITE_REFERENCE,brems,19,39,100000000000,0.90000000000000002,0.5,0.1957194756439786,0.1957194756439786,0
G0_GRANITE_REFERENCE,brems,19,39,100000000000,0.90000000000000002,1,0.14205028159002236,0.14205028159002236,0
G0_GRANITE_REFERENCE,brems,19,39,100000000000,0.90000000000000002,2,0.10261973372700539,0.10261973372700539,0
G0_GRANITE_REFERENCE,brems,19,39,100000000000,0.98999999999999999,0.5,0.52712011997079655,0.52712011997079655,0
G0_GRANITE_REFERENCE,brems,19,39,100000000000,0.98999999999999999,1,0.39988667366406649,0.39988667366406649,0
G0_GRANITE_REFERENCE,brems,19,39,100000000000,0.98999999999999999,2,0.29637681432270602,0.29637681432270602,0
G0_GRANITE_REFERENCE,brems,20,40,1000,0.01,0.5,0.99997808152109158,0.99997808152109158,0
G0_GRANITE_REFERENCE,brems,20,40,1000,0.01,1,0.99995539878390538,0.99995539878390538,0
G0_GRANITE_REFERENCE,brems,20,40,1000,0.01,2,0.99990774152306927,0.99990774152306927,0
G0_GRANITE_REFERENCE,brems,20,40,1000,0.10000000000000001,0.5,0.99999978087940244,0.99999978087940244,0
G0_GRANITE_REFERENCE,brems,20,40,1000,0.10000000000000001,1,0.99999955541863694,0.99999955541863694,0
G0_GRANITE_REFERENCE,brems,20,40,1000,0.10000000000000001,2,0.99999908547668304,0.99999908547668304,0
G0_GRANITE_REFERENCE,brems,20,40,1000,0.5,0.5,0.9999999905605873,0.9999999905605873,0
G0_GRANITE_REFERENCE,brems,20,40,1000,0.5,1,0.99999998103716281,0.99999998103716281,0
G0_GRANITE_REFERENCE,brems,20,40,1000,0.5,2,0.99999996173827765,0.99999996173827765,0
G0_GRANITE_REFERENCE,brems,20,40,1000,0.90000000000000002,0.5,0.99999999657969207,0.99999999657969207,0
G0_GRANITE_REFERENCE,brems,20,40,1000,0.90000000000000002,1,0.99999999315818999,0.99999999315818999,0
G0_GRANITE_REFERENCE,brems,20,40,1000,0.90000000000000002,2,0.99999998631160369,0.99999998631160369,0
G0_GRANITE_REFERENCE,brems,20,40,1000,0.98999999999999999,0.5,0.99999999708009379,0.99999999708009379,0
G0_GRANITE_REFERENCE,brems,20,40,1000,0.98999999999999999,1,0.99999999416017749,0.99999999416017749,0
G0_GRANITE_REFERENCE,brems,20,40,1000,0.98999999999999999,2,0.99999998832031423,0.99999998832031423,0
G0_GRANITE_REFERENCE,brems,20,40,1000000,0.01,0.5,0.98709304952728427,0.98709304952728427,0
G0_GRANITE_REFERENCE,brems,20,40,1000000,0.01,1,0.91463051720079458,0.91463051720079458,0
G0_GRANITE_REFERENCE,brems,20,40,1000000,0.01,2,0.80430809773234979,0.80430809773234979,0
G0_GRANITE_REFERENCE,brems,20,40,1000000,0.10000000000000001,0.5,0.99701730743698802,0.99701730743698802,0
G0_GRANITE_REFERENCE,brems,20,40,1000000,0.10000000000000001,1,0.99179996753817945,0.99179996753817945,0
G0_GRANITE_REFERENCE,brems,20,40,1000000,0.10000000000000001,2,1.0136473950529759,1.0136473950529759,0
G0_GRANITE_REFERENCE,brems,20,40,1000000,0.5,0.5,0.99995798452882323,0.99995798452882323,0
G0_GRANITE_REFERENCE,brems,20,40,1000000,0.5,1,0.99983195691756843,0.99983195691756843,0
G0_GRANITE_REFERENCE,brems,20,40,1000000,0.5,2,0.99932786531959072,0.99932786531959072,0
G0_GRANITE_REFERENCE,brems,20,40,1000000,0.90000000000000002,0.5,0.99999939952540062,0.99999939952540062,0
G0_GRANITE_REFERENCE,brems,20,40,1000000,0.90000000000000002,1,0.99999760494105894,0.99999760494105894,0
G0_GRANITE_REFERENCE,brems,20,40,1000000,0.90000000000000002,2,0.99999043344335548,0.99999043344335548,0
G0_GRANITE_REFERENCE,brems,20,40,1000000,0.98999999999999999,0.5,0.9999999920041921,0.9999999920041921,0
G0_GRANITE_REFERENCE,brems,20,40,1000000,0.98999999999999999,1,0.99999997385657091,0.99999997385657091,0
G0_GRANITE_REFERENCE,brems,20,40,1000000,0.98999999999999999,2,0.99999990710589048,0.99999990710589048,0
G0_GRANITE_REFERENCE,brems,20,40,1000000000,0.01,0.5,0.095945775254479837,0.095945775254479837,0
G0_GRANITE_REFERENCE,brems,20,40,1000000000,0.01,1,0.069482929628126439,0.069482929628126439,0
G0_GRANITE_REFERENCE,brems,20,40,1000000000,0.01,2,0.050146979708965374,0.050146979708965374,0
G0_GRANITE_REFERENCE,brems,20,40,1000000000,0.10000000000000001,0.5,0.27808000128457921,0.27808000128457921,0
G0_GRANITE_REFERENCE,brems,20,40,1000000000,0.10000000000000001,1,0.20663272701643309,0.20663272701643309,0
G0_GRANITE_REFERENCE,brems,20,40,1000000000,0.10000000000000001,2,0.15191365728040848,0.15191365728040848,0
G0_GRANITE_REFERENCE,brems,20,40,1000000000,0.5,0.5,0.60151031264640376,0.60151031264640376,0
G0_GRANITE_REFERENCE,brems,20,40,1000000000,0.5,1,0.47319427090335536,0.47319427090335536,0
G0_GRANITE_REFERENCE,brems,20,40,1000000000,0.5,2,0.36226800322244701,0.36226800322244701,0
G0_GRANITE_REFERENCE,brems,20,40,1000000000,0.90000000000000002,0.5,0.94575246743130748,0.94575246743130748,0
G0_GRANITE_REFERENCE,brems,20,40,1000000000,0.90000000000000002,1,0.84393179202282897,0.84393179202282897,0
G0_GRANITE_REFERENCE,brems,20,40,1000000000,0.90000000000000002,2,0.70885673315687114,0.70885673315687114,0
G0_GRANITE_REFERENCE,brems,20,40,1000000000,0.98999999999999999,0.5,0.99515876938911385,0.99515876938911385,0
G0_GRANITE_REFERENCE,brems,20,40,1000000000,0.98999999999999999,1,0.99102522715603691,0.99102522715603691,0
G0_GRANITE_REFERENCE,brems,20,40,1000000000,0.98999999999999999,2,1.0034620995562284,1.0034620995562284,0
G0_GRANITE_REFERENCE,brems,20,40,100000000000,0.01,0.5,0.010767853507927437,0.010767853507927437,0
G0_GRANITE_REFERENCE,brems,20,40,100000000000,0.01,1,0.0077100242358292513,0.0077100242358292513,0
G0_GRANITE_REFERENCE,brems,20,40,100000000000,0.01,2,0.0055175318561776539,0.0055175318561776539,0
G0_GRANITE_REFERENCE,brems,20,40,100000000000,0.10000000000000001,0.5,0.0338810531865208,0.0338810531865208,0
G0_GRANITE_REFERENCE,brems,20,40,100000000000,0.10000000000000001,1,0.024340006552202084,0.024340006552202084,0
G0_GRANITE_REFERENCE,brems,20,40,100000000000,0.10000000000000001,2,0.017463291383540618,0.017463291383540618,0
G0_GRANITE_REFERENCE,brems,20,40,100000000000,0.5,0.5,0.087382915692085408,0.087382915692085408,0
G0_GRANITE_REFERENCE,brems,20,40,100000000000,0.5,1,0.063157956197898282,0.063157956197898282,0
G0_GRANITE_REFERENCE,brems,20,40,100000000000,0.5,2,0.045518742148558583,0.045518742148558583,0
G0_GRANITE_REFERENCE,brems,20,40,100000000000,0.90000000000000002,0.5,0.19582414050238645,0.19582414050238645,0
G0_GRANITE_REFERENCE,brems,20,40,100000000000,0.90000000000000002,1,0.14213054286194238,0.14213054286194238,0
G0_GRANITE_REFERENCE,brems,20,40,100000000000,0.90000000000000002,2,0.10268083001572935,0.10268083001572935,0
G0_GRANITE_REFERENCE,brems,20,40,100000000000,0.98999999999999999,0.5,0.52734921556300429,0.52734921556300429,0
G0_GRANITE_REFERENCE,brems,20,40,100000000000,0.98999999999999999,1,0.40006997396117461,0.40006997396117461,0
G0_GRANITE_REFERENCE,brems,20,40,100000000000,0.98999999999999999,2,0.29652050586237028,0.29652050586237028,0
G0_GRANITE_REFERENCE,brems,26,56,1000,0.01,0.5,0.99997808152109158,0.99997808152109158,0
G0_GRANITE_REFERENCE,brems,26,56,1000,0.01,1,0.99995539878390538,0.99995539878390538,0
G0_GRANITE_REFERENCE,brems,26,56,1000,0.01,2,0.99990774152306927,0.99990774152306927,0
G0_GRANITE_REFERENCE,brems,26,56,1000,0.10000000000000001,0.5,0.99999978087940244,0.99999978087940244,0
G0_GRANITE_REFERENCE,brems,26,56,1000,0.10000000000000001,1,0.99999955541863694,0.99999955541863694,0
G0_GRANITE_REFERENCE,brems,26,56,1000,0.10000000000000001,2,0.99999908547668304,0.99999908547668304,0
G0_GRANITE_REFERENCE,brems,26,56,1000,0.5,0.5,0.9999999905605873,0.9999999905605873,0
G0_GRANITE_REFERENCE,brems,26,56,1000,0.5,1,0.99999998103716281,0.99999998103716281,0
G0_GRANITE_REFERENCE,brems,26,56,1000,0.5,2,0.99999996173827765,0.99999996173827765,0
G0_GRANITE_REFERENCE,brems,26,56,1000,0.90000000000000002,0.5,0.99999999657969207,0.99999999657969207,0
G0_GRANITE_REFERENCE,brems,26,56,1000,0.90000000000000002,1,0.99999999315818999,0.99999999315818999,0
G0_GRANITE_REFERENCE,brems,26,56,1000,0.90000000000000002,2,0.99999998631160369,0.99999998631160369,0
G0_GRANITE_REFERENCE,brems,26,56,1000,0.98999999999999999,0.5,0.99999999708009379,0.99999999708009379,0
G0_GRANITE_REFERENCE,brems,26,56,1000,0.98999999999999999,1,0.99999999416017749,0.99999999416017749,0
G0_GRANITE_REFERENCE,brems,26,56,1000,0.98999999999999999,2,0.99999998832031423,0.99999998832031423,0
G0_GRANITE_REFERENCE,brems,26,56,1000000,0.01,0.5,0.9890158576301723,0.9890158576301723,0
G0_GRANITE_REFERENCE,brems,26,56,1000000,0.01,1,0.91683306709652401,0.91683306709652401,0
G0_GRANITE_REFERENCE,brems,26,56,1000000,0.01,2,0.80649610311595044,0.80649610311595044,0
G0_GRANITE_REFERENCE,brems,26,56,1000000,0.10000000000000001,0.5,0.99701730743698802,0.99701730743698802,0
G0_GRANITE_REFERENCE,brems,26,56,1000000,0.10000000000000001,1,0.99183696819776834,0.99183696819776834,0
G0_GRANITE_REFERENCE,brems,26,56,1000000,0.10000000000000001,2,1.0146013053089789,1.0146013053089789,0
G0_GRANITE_REFERENCE,brems,26,56,1000000,0.5,0.5,0.99995798452882323,0.99995798452882323,0
G0_GRANITE_REFERENCE,brems,26,56,1000000,0.5,1,0.99983195691756843,0.99983195691756843,0
G0_GRANITE_REFERENCE,brems,26,56,1000000,0.5,2,0.99932786531959072,0.99932786531959072,0
G0_GRANITE_REFERENCE,brems,26,56,1000000,0.90000000000000002,0.5,0.99999939952540062,0.99999939952540062,0
G0_GRANITE_REFERENCE,brems,26,56,1000000,0.90000000000000002,1,0.99999760494105894,0.99999760494105894,0
G0_GRANITE_REFERENCE,brems,26,56,1000000,0.90000000000000002,2,0.99999043344335548,0.99999043344335548,0
G0_GRANITE_REFERENCE,brems,26,56,1000000,0.98999999999999999,0.5,0.9999999920041921,0.9999999920041921,0
G0_GRANITE_REFERENCE,brems,26,56,1000000,0.98999999999999999,1,0.99999997385657091,0.99999997385657091,0
G0_GRANITE_REFERENCE,brems,26,56,1000000,0.98999999999999999,2,0.99999990710589048,0.99999990710589048,0
G0_GRANITE_REFERENCE,brems,26,56,1000000000,0.01,0.5,0.096329318844657202,0.096329318844657202,0
G0_GRANITE_REFERENCE,brems,26,56,1000000000,0.01,1,0.069771394442749504,0.069771394442749504,0
G0_GRANITE_REFERENCE,brems,26,56,1000000000,0.01,2,0.050362814637849709,0.050362814637849709,0
G0_GRANITE_REFERENCE,brems,26,56,1000000000,0.10000000000000001,0.5,0.27904537612291558,0.27904537612291558,0
G0_GRANITE_REFERENCE,brems,26,56,1000000000,0.10000000000000001,1,0.20738072445929492,0.20738072445929492,0
G0_GRANITE_REFERENCE,brems,26,56,1000000000,0.10000000000000001,2,0.15248664015453459,0.15248664015453459,0
G0_GRANITE_REFERENCE,brems,26,56,1000000000,0.5,0.5,0.60326953791774096,0.60326953791774096,0
G0_GRANITE_REFERENCE,brems,26,56,1000000000,0.5,1,0.47465345031509903,0.47465345031509903,0
G0_GRANITE_REFERENCE,brems,26,56,1000000000,0.5,2,0.36344026267973761,0.36344026267973761,0
G0_GRANITE_REFERENCE,brems,26,56,1000000000,0.90000000000000002,0.5,0.94760655762681045,0.94760655762681045,0
G0_GRANITE_REFERENCE,brems,26,56,1000000000,0.90000000000000002,1,0.84589403935823215,0.84589403935823215,0
G0_GRANITE_REFERENCE,brems,26,56,1000000000,0.90000000000000002,2,0.71066593759438035,0.71066593759438035,0
G0_GRANITE_REFERENCE,brems,26,56,1000000000,0.98999999999999999,0.5,0.99515876938911385,0.99515876938911385,0
G0_GRANITE_REFERENCE,brems,26,56,1000000000,0.98999999999999999,1,0.99121868941261593,0.99121868941261593,0
G0_GRANITE_REFERENCE,brems,26,56,1000000000,0.98999999999999999,2,1.0045242177638667,1.0045242177638667,0
G0_GRANITE_REFERENCE,brems,26,56,100000000000,0.01,0.5,0.010821321778758539,0.010821321778758539,0
G0_GRANITE_REFERENCE,brems,26,56,100000000000,0.01,1,0.0077493120386247808,0.0077493120386247808,0
G0_GRANITE_REFERENCE,brems,26,56,100000000000,0.01,2,0.0055463408468395198,0.0055463408468395198,0
G0_GRANITE_REFERENCE,brems,26,56,100000000000,0.10000000000000001,0.5,0.034032863899385916,0.034032863899385916,0
G0_GRANITE_REFERENCE,brems,26,56,100000000000,0.10000000000000001,1,0.024452606612348278,0.024452606612348278,0
G0_GRANITE_REFERENCE,brems,26,56,100000000000,0.10000000000000001,2,0.017546545268112036,0.017546545268112036,0
G0_GRANITE_REFERENCE,brems,26,56,100000000000,0.5,0.5,0.087730322161971824,0.087730322161971824,0
G0_GRANITE_REFERENCE,brems,26,56,100000000000,0.5,1,0.063419166027433041,0.063419166027433041,0
G0_GRANITE_REFERENCE,brems,26,56,100000000000,0.5,2,0.045714150532830941,0.045714150532830941,0
G0_GRANITE_REFERENCE,brems,26,56,100000000000,0.90000000000000002,0.5,0.19647345811117523,0.19647345811117523,0
G0_GRANITE_REFERENCE,brems,26,56,100000000000,0.90000000000000002,1,0.14262838262779351,0.14262838262779351,0
G0_GRANITE_REFERENCE,brems,26,56,100000000000,0.90000000000000002,2,0.10305973517635031,0.10305973517635031,0
G0_GRANITE_REFERENCE,brems,26,56,100000000000,0.98999999999999999,0.5,0.52877148143856545,0.52877148143856545,0
G0_GRANITE_REFERENCE,brems,26,56,100000000000,0.98999999999999999,1,0.40120764874772147,0.40120764874772147,0
G0_GRANITE_REFERENCE,brems,26,56,100000000000,0.98999999999999999,2,0.29741215984829039,0.29741215984829039,0
G0_GRANITE_REFERENCE,pair,1,1,1000,0.01,0.5,0.99997119045425542,0.99997119045425542,0
G0_GRANITE_REFERENCE,pair,1,1,1000,0.01,1,0.9999423824626108,0.9999423824626108,0
G0_GRANITE_REFERENCE,pair,1,1,1000,0.01,2,0.99988477114113827,0.99988477114113827,0
G0_GRANITE_REFERENCE,pair,1,1,1000,0.10000000000000001,0.5,0.99999970306773722,0.99999970306773722,0
G0_GRANITE_REFERENCE,pair,1,1,1000,0.10000000000000001,1,0.99999940613484284,0.99999940613484284,0
G0_GRANITE_REFERENCE,pair,1,1,1000,0.10000000000000001,2,0.99999881226715659,0.99999881226715659,0
G0_GRANITE_REFERENCE,pair,1,1,1000,0.5,0.5,0.99999998707526239,0.99999998707526239,0
G0_GRANITE_REFERENCE,pair,1,1,1000,0.5,1,0.99999997414391872,0.99999997414391872,0
G0_GRANITE_REFERENCE,pair,1,1,1000,0.5,2,0.99999994826141114,0.99999994826141114,0
G0_GRANITE_REFERENCE,pair,1,1,1000,0.90000000000000002,0.5,0.99999999633377601,0.99999999633377601,0
G0_GRANITE_REFERENCE,pair,1,1,1000,0.90000000000000002,1,0.99999999266675654,0.99999999266675654,0
G0_GRANITE_REFERENCE,pair,1,1,1000,0.90000000000000002,2,0.99999998533033263,0.99999998533033263,0
G0_GRANITE_REFERENCE,pair,1,1,1000,0.98999999999999999,0.5,0.99999999706046638,0.99999999706046638,0
G0_GRANITE_REFERENCE,pair,1,1,1000,0.98999999999999999,1,0.99999999412092344,0.99999999412092344,0
G0_GRANITE_REFERENCE,pair,1,1,1000,0.98999999999999999,2,0.99999998824180947,0.99999998824180947,0
G0_GRANITE_REFERENCE,pair,1,1,1000000,0.01,0.5,0.99997118576883393,0.99997118576883393,0
G0_GRANITE_REFERENCE,pair,1,1,1000000,0.01,1,0.99994236372313872,0.99994236372313872,0
G0_GRANITE_REFERENCE,pair,1,1,1000000,0.01,2,0.99988469620094944,0.99988469620094944,0
G0_GRANITE_REFERENCE,pair,1,1,1000000,0.10000000000000001,0.5,0.9999993054734162,0.9999993054734162,0
G0_GRANITE_REFERENCE,pair,1,1,1000000,0.10000000000000001,1,0.9999978157594519,0.9999978157594519,0
G0_GRANITE_REFERENCE,pair,1,1,1000000,0.10000000000000001,2,0.99999245078073917,0.99999245078073917,0
G0_GRANITE_REFERENCE,pair,1,1,1000000,0.5,0.5,0.99999668367799699,0.99999668367799699,0
G0_GRANITE_REFERENCE,pair,1,1,1000000,0.5,1,0.99998676055550029,0.99998676055550029,0
G0_GRANITE_REFERENCE,pair,1,1,1000000,0.5,2,0.99994709391287995,0.99994709391287995,0
G0_GRANITE_REFERENCE,pair,1,1,1000000,0.90000000000000002,0.5,0.99999959873898758,0.99999959873898758,0
G0_GRANITE_REFERENCE,pair,1,1,1000000,0.90000000000000002,1,0.99999840228762582,0.99999840228762582,0
G0_GRANITE_REFERENCE,pair,1,1,1000000,0.90000000000000002,2,0.9999936238139967,0.9999936238139967,0
G0_GRANITE_REFERENCE,pair,1,1,1000000,0.98999999999999999,0.5,0.99999999237449178,0.99999999237449178,0
G0_GRANITE_REFERENCE,pair,1,1,1000000,0.98999999999999999,1,0.99999997537702567,0.99999997537702567,0
G0_GRANITE_REFERENCE,pair,1,1,1000000,0.98999999999999999,2,0.99999991326621984,0.99999991326621984,0
G0_GRANITE_REFERENCE,pair,1,1,1000000000,0.01,0.5,0.99547336926688268,0.99547336926688268,0
G0_GRANITE_REFERENCE,pair,1,1,1000000000,0.01,1,0.98822798378281829,0.98822798378281829,0
G0_GRANITE_REFERENCE,pair,1,1,1000000000,0.01,2,0.99329272895598597,0.99329272895598597,0
G0_GRANITE_REFERENCE,pair,1,1,1000000000,0.10000000000000001,0.5,0.94358503395404458,0.94358503395404458,0
G0_GRANITE_REFERENCE,pair,1,1,1000000000,0.10000000000000001,1,0.84882622819621201,0.84882622819621201,0
G0_GRANITE_REFERENCE,pair,1,1,1000000000,0.10000000000000001,2,0.71632200004865998,0.71632200004865998,0
G0_GRANITE_REFERENCE,pair,1,1,1000000000,0.5,0.5,0.76605899803303568,0.76605899803303568,0
G0_GRANITE_REFERENCE,pair,1,1,1000000000,0.5,1,0.61652246768086771,0.61652246768086771,0
G0_GRANITE_REFERENCE,pair,1,1,1000000000,0.5,2,0.46985172341319015,0.46985172341319015,0
G0_GRANITE_REFERENCE,pair,1,1,1000000000,0.90000000000000002,0.5,0.94358524764813179,0.94358524764813179,0
G0_GRANITE_REFERENCE,pair,1,1,1000000000,0.90000000000000002,1,0.84882654204196328,0.84882654204196328,0
G0_GRANITE_REFERENCE,pair,1,1,1000000000,0.90000000000000002,2,0.7163224072887121,0.7163224072887121,0
G0_GRANITE_REFERENCE,pair,1,1,1000000000,0.98999999999999999,0.5,0.99550166809104079,0.99550166809104079,0
G0_GRANITE_REFERENCE,pair,1,1,1000000000,0.98999999999999999,1,0.98828213210124527,0.98828213210124527,0
G0_GRANITE_REFERENCE,pair,1,1,1000000000,0.98999999999999999,2,0.99339570826224144,0.99339570826224144,0
G0_GRANITE_REFERENCE,pair,1,1,100000000000,0.01,0.5,0.51863831214620648,0.51863831214620648,0
G0_GRANITE_REFERENCE,pair,1,1,100000000000,0.01,1,0.39293106754528756,0.39293106754528756,0
G0_GRANITE_REFERENCE,pair,1,1,100000000000,0.01,2,0.29061976577862519,0.29061976577862519,0
G0_GRANITE_REFERENCE,pair,1,1,100000000000,0.10000000000000001,0.5,0.19089157651811822,0.19089157651811822,0
G0_GRANITE_REFERENCE,pair,1,1,100000000000,0.10000000000000001,1,0.137126503277407,0.137126503277407,0
G0_GRANITE_REFERENCE,pair,1,1,100000000000,0.10000000000000001,2,0.098189049755759761,0.098189049755759761,0
G0_GRANITE_REFERENCE,pair,1,1,100000000000,0.5,0.5,0.098805946992316693,0.098805946992316693,0
G0_GRANITE_REFERENCE,pair,1,1,100000000000,0.5,1,0.069807302778449112,0.069807302778449112,0
G0_GRANITE_REFERENCE,pair,1,1,100000000000,0.5,2,0.049421449839452965,0.049421449839452965,0
G0_GRANITE_REFERENCE,pair,1,1,100000000000,0.90000000000000002,0.5,0.1908915818705314,0.1908915818705314,0
G0_GRANITE_REFERENCE,pair,1,1,100000000000,0.90000000000000002,1,0.13712650856704595,0.13712650856704595,0
G0_GRANITE_REFERENCE,pair,1,1,100000000000,0.90000000000000002,2,0.098189054975622511,0.098189054975622511,0
G0_GRANITE_REFERENCE,pair,1,1,100000000000,0.98999999999999999,0.5,0.51864288617595633,0.51864288617595633,0
G0_GRANITE_REFERENCE,pair,1,1,100000000000,0.98999999999999999,1,0.39293595683704652,0.39293595683704652,0
G0_GRANITE_REFERENCE,pair,1,1,100000000000,0.98999999999999999,2,0.29062479645708367,0.29062479645708367,0
G0_GRANITE_REFERENCE,pair,6,12,1000,0.01,0.5,0.99997119045425542,0.99997119045425542,0
G0_GRANITE_REFERENCE,pair,6,12,1000,0.01,1,0.9999423824626108,0.9999423824626108,0
G0_GRANITE_REFERENCE,pair,6,12,1000,0.01,2,0.99988477114113827,0.99988477114113827,0
G0_GRANITE_REFERENCE,pair,6,12,1000,0.10000000000000001,0.5,0.99999970306773722,0.99999970306773722,0
G0_GRANITE_REFERENCE,pair,6,12,1000,0.10000000000000001,1,0.99999940613484284,0.99999940613484284,0
G0_GRANITE_REFERENCE,pair,6,12,1000,0.10000000000000001,2,0.99999881226715659,0.99999881226715659,0
G0_GRANITE_REFERENCE,pair,6,12,1000,0.5,0.5,0.99999998707526239,0.99999998707526239,0
G0_GRANITE_REFERENCE,pair,6,12,1000,0.5,1,0.99999997414391872,0.99999997414391872,0
G0_GRANITE_REFERENCE,pair,6,12,1000,0.5,2,0.99999994826141114,0.99999994826141114,0
G0_GRANITE_REFERENCE,pair,6,12,1000,0.90000000000000002,0.5,0.99999999633377601,0.99999999633377601,0
G0_GRANITE_REFERENCE,pair,6,12,1000,0.90000000000000002,1,0.99999999266675654,0.99999999266675654,0
G0_GRANITE_REFERENCE,pair,6,12,1000,0.90000000000000002,2,0.99999998533033263,0.99999998533033263,0
G0_GRANITE_REFERENCE,pair,6,12,1000,0.98999999999999999,0.5,0.99999999706046638,0.99999999706046638,0
G0_GRANITE_REFERENCE,pair,6,12,1000,0.98999999999999999,1,0.99999999412092344,0.99999999412092344,0
G0_GRANITE_REFERENCE,pair,6,12,1000,0.98999999999999999,2,0.99999998824180947,0.99999998824180947,0
G0_GRANITE_REFERENCE,pair,6,12,1000000,0.01,0.5,0.99997118576883393,0.99997118576883393,0
G0_GRANITE_REFERENCE,pair,6,12,1000000,0.01,1,0.99994236372313872,0.99994236372313872,0
G0_GRANITE_REFERENCE,pair,6,12,1000000,0.01,2,0.99988469620094944,0.99988469620094944,0
G0_GRANITE_REFERENCE,pair,6,12,1000000,0.10000000000000001,0.5,0.9999993054734162,0.9999993054734162,0
G0_GRANITE_REFERENCE,pair,6,12,1000000,0.10000000000000001,1,0.9999978157594519,0.9999978157594519,0
G0_GRANITE_REFERENCE,pair,6,12,1000000,0.10000000000000001,2,0.99999245078073917,0.99999245078073917,0
G0_GRANITE_REFERENCE,pair,6,12,1000000,0.5,0.5,0.99999668367799699,0.99999668367799699,0
G0_GRANITE_REFERENCE,pair,6,12,1000000,0.5,1,0.99998676055550029,0.99998676055550029,0
G0_GRANITE_REFERENCE,pair,6,12,1000000,0.5,2,0.99994709391287995,0.99994709391287995,0
G0_GRANITE_REFERENCE,pair,6,12,1000000,0.90000000000000002,0.5,0.99999959873898758,0.99999959873898758,0
G0_GRANITE_REFERENCE,pair,6,12,1000000,0.90000000000000002,1,0.99999840228762582,0.99999840228762582,0
G0_GRANITE_REFERENCE,pair,6,12,1000000,0.90000000000000002,2,0.9999936238139967,0.9999936238139967,0
G0_GRANITE_REFERENCE,pair,6,12,1000000,0.98999999999999999,0.5,0.99999999237449178,0.99999999237449178,0
G0_GRANITE_REFERENCE,pair,6,12,1000000,0.98999999999999999,1,0.99999997537702567,0.99999997537702567,0
G0_GRANITE_REFERENCE,pair,6,12,1000000,0.98999999999999999,2,0.99999991326621984,0.99999991326621984,0
G0_GRANITE_REFERENCE,pair,6,12,1000000000,0.01,0.5,0.99547336926688268,0.99547336926688268,0
G0_GRANITE_REFERENCE,pair,6,12,1000000000,0.01,1,0.98900613041815932,0.98900613041815932,0
G0_GRANITE_REFERENCE,pair,6,12,1000000000,0.01,2,0.99912545699918975,0.99912545699918975,0
G0_GRANITE_REFERENCE,pair,6,12,1000000000,0.10000000000000001,0.5,0.95344413845403286,0.95344413845403286,0
G0_GRANITE_REFERENCE,pair,6,12,1000000000,0.10000000000000001,1,0.85982187044027891,0.85982187044027891,0
G0_GRANITE_REFERENCE,pair,6,12,1000000000,0.10000000000000001,2,0.72669622506420528,0.72669622506420528,0
G0_GRANITE_REFERENCE,pair,6,12,1000000000,0.5,0.5,0.77626972646816728,0.77626972646816728,0
G0_GRANITE_REFERENCE,pair,6,12,1000000000,0.5,1,0.62534487349157164,0.62534487349157164,0
G0_GRANITE_REFERENCE,pair,6,12,1000000000,0.5,2,0.4769055717379827,0.4769055717379827,0
G0_GRANITE_REFERENCE,pair,6,12,1000000000,0.90000000000000002,0.5,0.95344435376467207,0.95344435376467207,0
G0_GRANITE_REFERENCE,pair,6,12,1000000000,0.90000000000000002,1,0.85982218661644927,0.85982218661644927,0
G0_GRANITE_REFERENCE,pair,6,12,1000000000,0.90000000000000002,2,0.72669663472717727,0.72669663472717727,0
G0_GRANITE_REFERENCE,pair,6,12,1000000000,0.98999999999999999,0.5,0.99550166809104079,0.99550166809104079,0
G0_GRANITE_REFERENCE,pair,6,12,1000000000,0.98999999999999999,1,0.98906031718704202,0.98906031718704202,0
G0_GRANITE_REFERENCE,pair,6,12,1000000000,0.98999999999999999,2,0.9992289598321723,0.9992289598321723,0
G0_GRANITE_REFERENCE,pair,6,12,100000000000,0.01,0.5,0.52703526112233134,0.52703526112233134,0
G0_GRANITE_REFERENCE,pair,6,12,100000000000,0.01,1,0.39967105029085082,0.39967105029085082,0
G0_GRANITE_REFERENCE,pair,6,12,100000000000,0.01,2,0.29591560440315701,0.29591560440315701,0
G0_GRANITE_REFERENCE,pair,6,12,100000000000,0.10000000000000001,0.5,0.19458557603447355,0.19458557603447355,0
G0_GRANITE_REFERENCE,pair,6,12,100000000000,0.10000000000000001,1,0.13996089374786241,0.13996089374786241,0
G0_GRANITE_REFERENCE,pair,6,12,100000000000,0.10000000000000001,2,0.10035103010512407,0.10035103010512407,0
G0_GRANITE_REFERENCE,pair,6,12,100000000000,0.5,0.5,0.10082758758545048,0.10082758758545048,0
G0_GRANITE_REFERENCE,pair,6,12,100000000000,0.5,1,0.071340100636502646,0.071340100636502646,0
G0_GRANITE_REFERENCE,pair,6,12,100000000000,0.5,2,0.050579012455212416,0.050579012455212416,0
G0_GRANITE_REFERENCE,pair,6,12,100000000000,0.90000000000000002,0.5,0.19458558138417217,0.19458558138417217,0
G0_GRANITE_REFERENCE,pair,6,12,100000000000,0.90000000000000002,1,0.13996089903353096,0.13996089903353096,0
G0_GRANITE_REFERENCE,pair,6,12,100000000000,0.90000000000000002,2,0.10035103532089285,0.10035103532089285,0
G0_GRANITE_REFERENCE,pair,6,12,100000000000,0.98999999999999999,0.5,0.52703985086073102,0.52703985086073102,0
G0_GRANITE_REFERENCE,pair,6,12,100000000000,0.98999999999999999,1,0.39967594858020222,0.39967594858020222,0
G0_GRANITE_REFERENCE,pair,6,12,100000000000,0.98999999999999999,2,0.29592063870351337,0.29592063870351337,0
G0_GRANITE_REFERENCE,pair,8,16,1000,0.01,0.5,0.99997119045425542,0.99997119045425542,0
G0_GRANITE_REFERENCE,pair,8,16,1000,0.01,1,0.9999423824626108,0.9999423824626108,0
G0_GRANITE_REFERENCE,pair,8,16,1000,0.01,2,0.99988477114113827,0.99988477114113827,0
G0_GRANITE_REFERENCE,pair,8,16,1000,0.10000000000000001,0.5,0.99999970306773722,0.99999970306773722,0
G0_GRANITE_REFERENCE,pair,8,16,1000,0.10000000000000001,1,0.99999940613484284,0.99999940613484284,0
G0_GRANITE_REFERENCE,pair,8,16,1000,0.10000000000000001,2,0.99999881226715659,0.99999881226715659,0
G0_GRANITE_REFERENCE,pair,8,16,1000,0.5,0.5,0.99999998707526239,0.99999998707526239,0
G0_GRANITE_REFERENCE,pair,8,16,1000,0.5,1,0.99999997414391872,0.99999997414391872,0
G0_GRANITE_REFERENCE,pair,8,16,1000,0.5,2,0.99999994826141114,0.99999994826141114,0
G0_GRANITE_REFERENCE,pair,8,16,1000,0.90000000000000002,0.5,0.99999999633377601,0.99999999633377601,0
G0_GRANITE_REFERENCE,pair,8,16,1000,0.90000000000000002,1,0.99999999266675654,0.99999999266675654,0
G0_GRANITE_REFERENCE,pair,8,16,1000,0.90000000000000002,2,0.99999998533033263,0.99999998533033263,0
G0_GRANITE_REFERENCE,pair,8,16,1000,0.98999999999999999,0.5,0.99999999706046638,0.99999999706046638,0
G0_GRANITE_REFERENCE,pair,8,16,1000,0.98999999999999999,1,0.99999999412092344,0.99999999412092344,0
G0_GRANITE_REFERENCE,pair,8,16,1000,0.98999999999999999,2,0.99999998824180947,0.99999998824180947,0
G0_GRANITE_REFERENCE,pair,8,16,1000000,0.01,0.5,0.99997118576883393,0.99997118576883393,0
G0_GRANITE_REFERENCE,pair,8,16,1000000,0.01,1,0.99994236372313872,0.99994236372313872,0
G0_GRANITE_REFERENCE,pair,8,16,1000000,0.01,2,0.99988469620094944,0.99988469620094944,0
G0_GRANITE_REFERENCE,pair,8,16,1000000,0.10000000000000001,0.5,0.9999993054734162,0.9999993054734162,0
G0_GRANITE_REFERENCE,pair,8,16,1000000,0.10000000000000001,1,0.9999978157594519,0.9999978157594519,0
G0_GRANITE_REFERENCE,pair,8,16,1000000,0.10000000000000001,2,0.99999245078073917,0.99999245078073917,0
G0_GRANITE_REFERENCE,pair,8,16,1000000,0.5,0.5,0.99999668367799699,0.99999668367799699,0
G0_GRANITE_REFERENCE,pair,8,16,1000000,0.5,1,0.99998676055550029,0.99998676055550029,0
G0_GRANITE_REFERENCE,pair,8,16,1000000,0.5,2,0.99994709391287995,0.99994709391287995,0
G0_GRANITE_REFERENCE,pair,8,16,1000000,0.90000000000000002,0.5,0.99999959873898758,0.99999959873898758,0
G0_GRANITE_REFERENCE,pair,8,16,1000000,0.90000000000000002,1,0.99999840228762582,0.99999840228762582,0
G0_GRANITE_REFERENCE,pair,8,16,1000000,0.90000000000000002,2,0.9999936238139967,0.9999936238139967,0
G0_GRANITE_REFERENCE,pair,8,16,1000000,0.98999999999999999,0.5,0.99999999237449178,0.99999999237449178,0
G0_GRANITE_REFERENCE,pair,8,16,1000000,0.98999999999999999,1,0.99999997537702567,0.99999997537702567,0
G0_GRANITE_REFERENCE,pair,8,16,1000000,0.98999999999999999,2,0.99999991326621984,0.99999991326621984,0
G0_GRANITE_REFERENCE,pair,8,16,1000000000,0.01,0.5,0.99547336926688268,0.99547336926688268,0
G0_GRANITE_REFERENCE,pair,8,16,1000000000,0.01,1,0.98916588773603342,0.98916588773603342,0
G0_GRANITE_REFERENCE,pair,8,16,1000000000,0.01,2,1.0003217930379178,1.0003217930379178,0
G0_GRANITE_REFERENCE,pair,8,16,1000000000,0.10000000000000001,0.5,0.95546213566616156,0.95546213566616156,0
G0_GRANITE_REFERENCE,pair,8,16,1000000000,0.10000000000000001,1,0.86206718055155984,0.86206718055155984,0
G0_GRANITE_REFERENCE,pair,8,16,1000000000,0.10000000000000001,2,0.72880938961495478,0.72880938961495478,0
G0_GRANITE_REFERENCE,pair,8,16,1000000000,0.5,0.5,0.77835126187401471,0.77835126187401471,0
G0_GRANITE_REFERENCE,pair,8,16,1000000000,0.5,1,0.62713878125885936,0.62713878125885936,0
G0_GRANITE_REFERENCE,pair,8,16,1000000000,0.5,2,0.4783369303249555,0.4783369303249555,0
G0_GRANITE_REFERENCE,pair,8,16,1000000000,0.90000000000000002,0.5,0.9554623513064745,0.9554623513064745,0
G0_GRANITE_REFERENCE,pair,8,16,1000000000,0.90000000000000002,1,0.86206749720021147,0.86206749720021147,0
G0_GRANITE_REFERENCE,pair,8,16,1000000000,0.90000000000000002,2,0.72880979976557836,0.72880979976557836,0
G0_GRANITE_REFERENCE,pair,8,16,1000000000,0.98999999999999999,0.5,0.99550166809104079,0.99550166809104079,0
G0_GRANITE_REFERENCE,pair,8,16,1000000000,0.98999999999999999,1,0.98922008239778703,0.98922008239778703,0
G0_GRANITE_REFERENCE,pair,8,16,1000000000,0.98999999999999999,2,1.0004254031386521,1.0004254031386521,0
G0_GRANITE_REFERENCE,pair,8,16,100000000000,0.01,0.5,0.52874082273706624,0.52874082273706624,0
G0_GRANITE_REFERENCE,pair,8,16,100000000000,0.01,1,0.40103789045381638,0.40103789045381638,0
G0_GRANITE_REFERENCE,pair,8,16,100000000000,0.01,2,0.29698817766126145,0.29698817766126145,0
G0_GRANITE_REFERENCE,pair,8,16,100000000000,0.10000000000000001,0.5,0.1953326476903651,0.1953326476903651,0
G0_GRANITE_REFERENCE,pair,8,16,100000000000,0.10000000000000001,1,0.14053352568565883,0.14053352568565883,0
G0_GRANITE_REFERENCE,pair,8,16,100000000000,0.10000000000000001,2,0.10078737891119782,0.10078737891119782,0
G0_GRANITE_REFERENCE,pair,8,16,100000000000,0.5,0.5,0.10123576166531795,0.10123576166531795,0
G0_GRANITE_REFERENCE,pair,8,16,100000000000,0.5,1,0.071649293261337052,0.071649293261337052,0
G0_GRANITE_REFERENCE,pair,8,16,100000000000,0.5,2,0.050812303064812152,0.050812303064812152,0
G0_GRANITE_REFERENCE,pair,8,16,100000000000,0.90000000000000002,0.5,0.19533265303950922,0.19533265303950922,0
G0_GRANITE_REFERENCE,pair,8,16,100000000000,0.90000000000000002,1,0.14053353097053317,0.14053353097053317,0
G0_GRANITE_REFERENCE,pair,8,16,100000000000,0.90000000000000002,2,0.10078738412615433,0.10078738412615433,0
G0_GRANITE_REFERENCE,pair,8,16,100000000000,0.98999999999999999,0.5,0.52874541560119237,0.52874541560119237,0
G0_GRANITE_REFERENCE,pair,8,16,100000000000,0.98999999999999999,1,0.40104279051473418,0.40104279051473418,0
G0_GRANITE_REFERENCE,pair,8,16,100000000000,0.98999999999999999,2,0.29699321266138784,0.29699321266138784,0
G0_GRANITE_REFERENCE,pair,11,23,1000,0.01,0.5,0.99997119045425542,0.99997119045425542,0
G0_GRANITE_REFERENCE,pair,11,23,1000,0.01,1,0.9999423824626108,0.9999423824626108,0
G0_GRANITE_REFERENCE,pair,11,23,1000,0.01,2,0.99988477114113827,0.99988477114113827,0
G0_GRANITE_REFERENCE,pair,11,23,1000,0.10000000000000001,0.5,0.99999970306773722,0.99999970306773722,0
G0_GRANITE_REFERENCE,pair,11,23,1000,0.10000000000000001,1,0.99999940613484284,0.99999940613484284,0
G0_GRANITE_REFERENCE,pair,11,23,1000,0.10000000000000001,2,0.99999881226715659,0.99999881226715659,0
G0_GRANITE_REFERENCE,pair,11,23,1000,0.5,0.5,0.99999998707526239,0.99999998707526239,0
G0_GRANITE_REFERENCE,pair,11,23,1000,0.5,1,0.99999997414391872,0.99999997414391872,0
G0_GRANITE_REFERENCE,pair,11,23,1000,0.5,2,0.99999994826141114,0.99999994826141114,0
G0_GRANITE_REFERENCE,pair,11,23,1000,0.90000000000000002,0.5,0.99999999633377601,0.99999999633377601,0
G0_GRANITE_REFERENCE,pair,11,23,1000,0.90000000000000002,1,0.99999999266675654,0.99999999266675654,0
G0_GRANITE_REFERENCE,pair,11,23,1000,0.90000000000000002,2,0.99999998533033263,0.99999998533033263,0
G0_GRANITE_REFERENCE,pair,11,23,1000,0.98999999999999999,0.5,0.99999999706046638,0.99999999706046638,0
G0_GRANITE_REFERENCE,pair,11,23,1000,0.98999999999999999,1,0.99999999412092344,0.99999999412092344,0
G0_GRANITE_REFERENCE,pair,11,23,1000,0.98999999999999999,2,0.99999998824180947,0.99999998824180947,0
G0_GRANITE_REFERENCE,pair,11,23,1000000,0.01,0.5,0.99997118576883393,0.99997118576883393,0
G0_GRANITE_REFERENCE,pair,11,23,1000000,0.01,1,0.99994236372313872,0.99994236372313872,0
G0_GRANITE_REFERENCE,pair,11,23,1000000,0.01,2,0.99988469620094944,0.99988469620094944,0
G0_GRANITE_REFERENCE,pair,11,23,1000000,0.10000000000000001,0.5,0.9999993054734162,0.9999993054734162,0
G0_GRANITE_REFERENCE,pair,11,23,1000000,0.10000000000000001,1,0.9999978157594519,0.9999978157594519,0
G0_GRANITE_REFERENCE,pair,11,23,1000000,0.10000000000000001,2,0.99999245078073917,0.99999245078073917,0
G0_GRANITE_REFERENCE,pair,11,23,1000000,0.5,0.5,0.99999668367799699,0.99999668367799699,0
G0_GRANITE_REFERENCE,pair,11,23,1000000,0.5,1,0.99998676055550029,0.99998676055550029,0
G0_GRANITE_REFERENCE,pair,11,23,1000000,0.5,2,0.99994709391287995,0.99994709391287995,0
G0_GRANITE_REFERENCE,pair,11,23,1000000,0.90000000000000002,0.5,0.99999959873898758,0.99999959873898758,0
G0_GRANITE_REFERENCE,pair,11,23,1000000,0.90000000000000002,1,0.99999840228762582,0.99999840228762582,0
G0_GRANITE_REFERENCE,pair,11,23,1000000,0.90000000000000002,2,0.9999936238139967,0.9999936238139967,0
G0_GRANITE_REFERENCE,pair,11,23,1000000,0.98999999999999999,0.5,0.99999999237449178,0.99999999237449178,0
G0_GRANITE_REFERENCE,pair,11,23,1000000,0.98999999999999999,1,0.99999997537702567,0.99999997537702567,0
G0_GRANITE_REFERENCE,pair,11,23,1000000,0.98999999999999999,2,0.99999991326621984,0.99999991326621984,0
G0_GRANITE_REFERENCE,pair,11,23,1000000000,0.01,0.5,0.99547336926688268,0.99547336926688268,0
G0_GRANITE_REFERENCE,pair,11,23,1000000000,0.01,1,0.98937393826335096,0.98937393826335096,0
G0_GRANITE_REFERENCE,pair,11,23,1000000000,0.01,2,1.0018791645455127,1.0018791645455127,0
G0_GRANITE_REFERENCE,pair,11,23,1000000000,0.10000000000000001,0.5,0.9580869768010315,0.9580869768010315,0
G0_GRANITE_REFERENCE,pair,11,23,1000000000,0.10000000000000001,1,0.86498498032775784,0.86498498032775784,0
G0_GRANITE_REFERENCE,pair,11,23,1000000000,0.10000000000000001,2,0.73155281187004573,0.73155281187004573,0
G0_GRANITE_REFERENCE,pair,11,23,1000000000,0.5,0.5,0.78105446707955761,0.78105446707955761,0
G0_GRANITE_REFERENCE,pair,11,23,1000000000,0.5,1,0.62946614131435541,0.62946614131435541,0
G0_GRANITE_REFERENCE,pair,11,23,1000000000,0.5,2,0.48019246568912366,0.48019246568912366,0
G0_GRANITE_REFERENCE,pair,11,23,1000000000,0.90000000000000002,0.5,0.95808719286954425,0.95808719286954425,0
G0_GRANITE_REFERENCE,pair,11,23,1000000000,0.90000000000000002,1,0.86498529758869758,0.86498529758869758,0
G0_GRANITE_REFERENCE,pair,11,23,1000000000,0.90000000000000002,2,0.73155322265082801,0.73155322265082801,0
G0_GRANITE_REFERENCE,pair,11,23,1000000000,0.98999999999999999,0.5,0.99550166809104079,0.99550166809104079,0
G0_GRANITE_REFERENCE,pair,11,23,1000000000,0.98999999999999999,1,0.9894281432033073,0.9894281432033073,0
G0_GRANITE_REFERENCE,pair,11,23,1000000000,0.98999999999999999,2,1.0019829142289209,1.0019829142289209,0
G0_GRANITE_REFERENCE,pair,11,23,100000000000,0.01,0.5,0.53095264863915281,0.53095264863915281,0
G0_GRANITE_REFERENCE,pair,11,23,100000000000,0.01,1,0.40280937633936814,0.40280937633936814,0
G0_GRANITE_REFERENCE,pair,11,23,100000000000,0.01,2,0.29837758779849316,0.29837758779849316,0
G0_GRANITE_REFERENCE,pair,11,23,100000000000,0.10000000000000001,0.5,0.19629987295287205,0.19629987295287205,0
G0_GRANITE_REFERENCE,pair,11,23,100000000000,0.10000000000000001,1,0.14127461595516319,0.14127461595516319,0
G0_GRANITE_REFERENCE,pair,11,23,100000000000,0.10000000000000001,2,0.101351882163645,0.101351882163645,0
G0_GRANITE_REFERENCE,pair,11,23,100000000000,0.5,0.5,0.10176388802168561,0.10176388802168561,0
G0_GRANITE_REFERENCE,pair,11,23,100000000000,0.5,1,0.072049213099892567,0.072049213099892567,0
G0_GRANITE_REFERENCE,pair,11,23,100000000000,0.5,2,0.051113947749917552,0.051113947749917552,0
G0_GRANITE_REFERENCE,pair,11,23,100000000000,0.90000000000000002,0.5,0.19629987830129575,0.19629987830129575,0
G0_GRANITE_REFERENCE,pair,11,23,100000000000,0.90000000000000002,1,0.14127462123901327,0.14127462123901327,0
G0_GRANITE_REFERENCE,pair,11,23,100000000000,0.90000000000000002,2,0.10135188737755807,0.10135188737755807,0
G0_GRANITE_REFERENCE,pair,11,23,100000000000,0.98999999999999999,0.5,0.53095724552476753,0.53095724552476753,0
G0_GRANITE_REFERENCE,pair,11,23,100000000000,0.98999999999999999,1,0.40281427867034442,0.40281427867034442,0
G0_GRANITE_REFERENCE,pair,11,23,100000000000,0.98999999999999999,2,0.29838262368874907,0.29838262368874907,0
G0_GRANITE_REFERENCE,pair,12,24,1000,0.01,0.5,0.99997119045425542,0.99997119045425542,0
G0_GRANITE_REFERENCE,pair,12,24,1000,0.01,1,0.9999423824626108,0.9999423824626108,0
G0_GRANITE_REFERENCE,pair,12,24,1000,0.01,2,0.99988477114113827,0.99988477114113827,0
G0_GRANITE_REFERENCE,pair,12,24,1000,0.10000000000000001,0.5,0.99999970306773722,0.99999970306773722,0
G0_GRANITE_REFERENCE,pair,12,24,1000,0.10000000000000001,1,0.99999940613484284,0.99999940613484284,0
G0_GRANITE_REFERENCE,pair,12,24,1000,0.10000000000000001,2,0.99999881226715659,0.99999881226715659,0
G0_GRANITE_REFERENCE,pair,12,24,1000,0.5,0.5,0.99999998707526239,0.99999998707526239,0
G0_GRANITE_REFERENCE,pair,12,24,1000,0.5,1,0.99999997414391872,0.99999997414391872,0
G0_GRANITE_REFERENCE,pair,12,24,1000,0.5,2,0.99999994826141114,0.99999994826141114,0
G0_GRANITE_REFERENCE,pair,12,24,1000,0.90000000000000002,0.5,0.99999999633377601,0.99999999633377601,0
G0_GRANITE_REFERENCE,pair,12,24,1000,0.90000000000000002,1,0.99999999266675654,0.99999999266675654,0
G0_GRANITE_REFERENCE,pair,12,24,1000,0.90000000000000002,2,0.99999998533033263,0.99999998533033263,0
G0_GRANITE_REFERENCE,pair,12,24,1000,0.98999999999999999,0.5,0.99999999706046638,0.99999999706046638,0
G0_GRANITE_REFERENCE,pair,12,24,1000,0.98999999999999999,1,0.99999999412092344,0.99999999412092344,0
G0_GRANITE_REFERENCE,pair,12,24,1000,0.98999999999999999,2,0.99999998824180947,0.99999998824180947,0
G0_GRANITE_REFERENCE,pair,12,24,1000000,0.01,0.5,0.99997118576883393,0.99997118576883393,0
G0_GRANITE_REFERENCE,pair,12,24,1000000,0.01,1,0.99994236372313872,0.99994236372313872,0
G0_GRANITE_REFERENCE,pair,12,24,1000000,0.01,2,0.99988469620094944,0.99988469620094944,0
G0_GRANITE_REFERENCE,pair,12,24,1000000,0.10000000000000001,0.5,0.9999993054734162,0.9999993054734162,0
G0_GRANITE_REFERENCE,pair,12,24,1000000,0.10000000000000001,1,0.9999978157594519,0.9999978157594519,0
G0_GRANITE_REFERENCE,pair,12,24,1000000,0.10000000000000001,2,0.99999245078073917,0.99999245078073917,0
G0_GRANITE_REFERENCE,pair,12,24,1000000,0.5,0.5,0.99999668367799699,0.99999668367799699,0
G0_GRANITE_REFERENCE,pair,12,24,1000000,0.5,1,0.99998676055550029,0.99998676055550029,0
G0_GRANITE_REFERENCE,pair,12,24,1000000,0.5,2,0.99994709391287995,0.99994709391287995,0
G0_GRANITE_REFERENCE,pair,12,24,1000000,0.90000000000000002,0.5,0.99999959873898758,0.99999959873898758,0
G0_GRANITE_REFERENCE,pair,12,24,1000000,0.90000000000000002,1,0.99999840228762582,0.99999840228762582,0
G0_GRANITE_REFERENCE,pair,12,24,1000000,0.90000000000000002,2,0.9999936238139967,0.9999936238139967,0
G0_GRANITE_REFERENCE,pair,12,24,1000000,0.98999999999999999,0.5,0.99999999237449178,0.99999999237449178,0
G0_GRANITE_REFERENCE,pair,12,24,1000000,0.98999999999999999,1,0.99999997537702567,0.99999997537702567,0
G0_GRANITE_REFERENCE,pair,12,24,1000000,0.98999999999999999,2,0.99999991326621984,0.99999991326621984,0
G0_GRANITE_REFERENCE,pair,12,24,1000000000,0.01,0.5,0.99547336926688268,0.99547336926688268,0
G0_GRANITE_REFERENCE,pair,12,24,1000000000,0.01,1,0.98940438826594612,0.98940438826594612,0
G0_GRANITE_REFERENCE,pair,12,24,1000000000,0.01,2,1.0021070412789135,1.0021070412789135,0
G0_GRANITE_REFERENCE,pair,12,24,1000000000,0.10000000000000001,0.5,0.9584708418344452,0.9584708418344452,0
G0_GRANITE_REFERENCE,pair,12,24,1000000000,0.10000000000000001,1,0.86541143143614008,0.86541143143614008,0
G0_GRANITE_REFERENCE,pair,12,24,1000000000,0.10000000000000001,2,0.73195352593331975,0.73195352593331975,0
G0_GRANITE_REFERENCE,pair,12,24,1000000000,0.5,0.5,0.78144938685889154,0.78144938685889154,0
G0_GRANITE_REFERENCE,pair,12,24,1000000000,0.5,1,0.6298059341868808,0.6298059341868808,0
G0_GRANITE_REFERENCE,pair,12,24,1000000000,0.5,2,0.48046323461501184,0.48046323461501184,0
G0_GRANITE_REFERENCE,pair,12,24,1000000000,0.90000000000000002,0.5,0.9584710579655209,0.9584710579655209,0
G0_GRANITE_REFERENCE,pair,12,24,1000000000,0.90000000000000002,1,0.86541174878640736,0.86541174878640736,0
G0_GRANITE_REFERENCE,pair,12,24,1000000000,0.90000000000000002,2,0.7319539368058684,0.7319539368058684,0
G0_GRANITE_REFERENCE,pair,12,24,1000000000,0.98999999999999999,0.5,0.99550166809104079,0.99550166809104079,0
G0_GRANITE_REFERENCE,pair,12,24,1000000000,0.98999999999999999,1,0.98945859471014874,0.98945859471014874,0
G0_GRANITE_REFERENCE,pair,12,24,1000000000,0.98999999999999999,2,1.0022108113808632,1.0022108113808632,0
G0_GRANITE_REFERENCE,pair,12,24,100000000000,0.01,0.5,0.53127548727040463,0.53127548727040463,0
G0_GRANITE_REFERENCE,pair,12,24,100000000000,0.01,1,0.40306784169648813,0.40306784169648813,0
G0_GRANITE_REFERENCE,pair,12,24,100000000000,0.01,2,0.29858024206372058,0.29858024206372058,0
G0_GRANITE_REFERENCE,pair,12,24,100000000000,0.10000000000000001,0.5,0.19644089917620258,0.19644089917620258,0
G0_GRANITE_REFERENCE,pair,12,24,100000000000,0.10000000000000001,1,0.14138264347816742,0.14138264347816742,0
G0_GRANITE_REFERENCE,pair,12,24,100000000000,0.10000000000000001,2,0.10143414913127387,0.10143414913127387,0
G0_GRANITE_REFERENCE,pair,12,24,100000000000,0.5,0.5,0.1018408604352363,0.1018408604352363,0
G0_GRANITE_REFERENCE,pair,12,24,100000000000,0.5,1,0.072107487151906388,0.072107487151906388,0
G0_GRANITE_REFERENCE,pair,12,24,100000000000,0.5,2,0.051157892320683282,0.051157892320683282,0
G0_GRANITE_REFERENCE,pair,12,24,100000000000,0.90000000000000002,0.5,0.19644090452452123,0.19644090452452123,0
G0_GRANITE_REFERENCE,pair,12,24,100000000000,0.90000000000000002,1,0.14138264876186865,0.14138264876186865,0
G0_GRANITE_REFERENCE,pair,12,24,100000000000,0.90000000000000002,2,0.10143415434503543,0.10143415434503543,0
G0_GRANITE_REFERENCE,pair,12,24,100000000000,0.98999999999999999,0.5,0.53128008473998944,0.53128008473998944,0
G0_GRANITE_REFERENCE,pair,12,24,100000000000,0.98999999999999999,1,0.40307274435624352,0.40307274435624352,0
G0_GRANITE_REFERENCE,pair,12,24,100000000000,0.98999999999999999,2,0.29858527808228263,0.29858527808228263,0
G0_GRANITE_REFERENCE,pair,13,27,1000,0.01,0.5,0.99997119045425542,0.99997119045425542,0
G0_GRANITE_REFERENCE,pair,13,27,1000,0.01,1,0.9999423824626108,0.9999423824626108,0
G0_GRANITE_REFERENCE,pair,13,27,1000,0.01,2,0.99988477114113827,0.99988477114113827,0
G0_GRANITE_REFERENCE,pair,13,27,1000,0.10000000000000001,0.5,0.99999970306773722,0.99999970306773722,0
G0_GRANITE_REFERENCE,pair,13,27,1000,0.10000000000000001,1,0.99999940613484284,0.99999940613484284,0
G0_GRANITE_REFERENCE,pair,13,27,1000,0.10000000000000001,2,0.99999881226715659,0.99999881226715659,0
G0_GRANITE_REFERENCE,pair,13,27,1000,0.5,0.5,0.99999998707526239,0.99999998707526239,0
G0_GRANITE_REFERENCE,pair,13,27,1000,0.5,1,0.99999997414391872,0.99999997414391872,0
G0_GRANITE_REFERENCE,pair,13,27,1000,0.5,2,0.99999994826141114,0.99999994826141114,0
G0_GRANITE_REFERENCE,pair,13,27,1000,0.90000000000000002,0.5,0.99999999633377601,0.99999999633377601,0
G0_GRANITE_REFERENCE,pair,13,27,1000,0.90000000000000002,1,0.99999999266675654,0.99999999266675654,0
G0_GRANITE_REFERENCE,pair,13,27,1000,0.90000000000000002,2,0.99999998533033263,0.99999998533033263,0
G0_GRANITE_REFERENCE,pair,13,27,1000,0.98999999999999999,0.5,0.99999999706046638,0.99999999706046638,0
G0_GRANITE_REFERENCE,pair,13,27,1000,0.98999999999999999,1,0.99999999412092344,0.99999999412092344,0
G0_GRANITE_REFERENCE,pair,13,27,1000,0.98999999999999999,2,0.99999998824180947,0.99999998824180947,0
G0_GRANITE_REFERENCE,pair,13,27,1000000,0.01,0.5,0.99997118576883393,0.99997118576883393,0
G0_GRANITE_REFERENCE,pair,13,27,1000000,0.01,1,0.99994236372313872,0.99994236372313872,0
G0_GRANITE_REFERENCE,pair,13,27,1000000,0.01,2,0.99988469620094944,0.99988469620094944,0
G0_GRANITE_REFERENCE,pair,13,27,1000000,0.10000000000000001,0.5,0.9999993054734162,0.9999993054734162,0
G0_GRANITE_REFERENCE,pair,13,27,1000000,0.10000000000000001,1,0.9999978157594519,0.9999978157594519,0
G0_GRANITE_REFERENCE,pair,13,27,1000000,0.10000000000000001,2,0.99999245078073917,0.99999245078073917,0
G0_GRANITE_REFERENCE,pair,13,27,1000000,0.5,0.5,0.99999668367799699,0.99999668367799699,0
G0_GRANITE_REFERENCE,pair,13,27,1000000,0.5,1,0.99998676055550029,0.99998676055550029,0
G0_GRANITE_REFERENCE,pair,13,27,1000000,0.5,2,0.99994709391287995,0.99994709391287995,0
G0_GRANITE_REFERENCE,pair,13,27,1000000,0.90000000000000002,0.5,0.99999959873898758,0.99999959873898758,0
G0_GRANITE_REFERENCE,pair,13,27,1000000,0.90000000000000002,1,0.99999840228762582,0.99999840228762582,0
G0_GRANITE_REFERENCE,pair,13,27,1000000,0.90000000000000002,2,0.9999936238139967,0.9999936238139967,0
G0_GRANITE_REFERENCE,pair,13,27,1000000,0.98999999999999999,0.5,0.99999999237449178,0.99999999237449178,0
G0_GRANITE_REFERENCE,pair,13,27,1000000,0.98999999999999999,1,0.99999997537702567,0.99999997537702567,0
G0_GRANITE_REFERENCE,pair,13,27,1000000,0.98999999999999999,2,0.99999991326621984,0.99999991326621984,0
G0_GRANITE_REFERENCE,pair,13,27,1000000000,0.01,0.5,0.99547336926688268,0.99547336926688268,0
G0_GRANITE_REFERENCE,pair,13,27,1000000000,0.01,1,0.98942581755395254,0.98942581755395254,0
G0_GRANITE_REFERENCE,pair,13,27,1000000000,0.01,2,1.0022674013131234,1.0022674013131234,0
G0_GRANITE_REFERENCE,pair,13,27,1000000000,0.10000000000000001,0.5,0.95874094151011668,0.95874094151011668,0
G0_GRANITE_REFERENCE,pair,13,27,1000000000,0.10000000000000001,1,0.86571145668792682,0.86571145668792682,0
G0_GRANITE_REFERENCE,pair,13,27,1000000000,0.10000000000000001,2,0.73223540583831725,0.73223540583831725,0
G0_GRANITE_REFERENCE,pair,13,27,1000000000,0.5,0.5,0.78172720302128829,0.78172720302128829,0
G0_GRANITE_REFERENCE,pair,13,27,1000000000,0.5,1,0.63004493662263727,0.63004493662263727,0
G0_GRANITE_REFERENCE,pair,13,27,1000000000,0.5,2,0.48065366620937705,0.48065366620937705,0
G0_GRANITE_REFERENCE,pair,13,27,1000000000,0.90000000000000002,0.5,0.95874115768520507,0.95874115768520507,0
G0_GRANITE_REFERENCE,pair,13,27,1000000000,0.90000000000000002,1,0.86571177410101563,0.86571177410101563,0
G0_GRANITE_REFERENCE,pair,13,27,1000000000,0.90000000000000002,2,0.73223581677537675,0.73223581677537675,0
G0_GRANITE_REFERENCE,pair,13,27,1000000000,0.98999999999999999,0.5,0.99550166809104079,0.99550166809104079,0
G0_GRANITE_REFERENCE,pair,13,27,1000000000,0.98999999999999999,1,0.98948002505676469,0.98948002505676469,0
G0_GRANITE_REFERENCE,pair,13,27,1000000000,0.98999999999999999,2,1.0023711857830611,1.0023711857830611,0
G0_GRANITE_REFERENCE,pair,13,27,100000000000,0.01,0.5,0.53150255133382662,0.53150255133382662,0
G0_GRANITE_REFERENCE,pair,13,27,100000000000,0.01,1,0.40324961432116302,0.40324961432116302,0
G0_GRANITE_REFERENCE,pair,13,27,100000000000,0.01,2,0.29872275416978344,0.29872275416978344,0
G0_GRANITE_REFERENCE,pair,13,27,100000000000,0.10000000000000001,0.5,0.19654006518704156,0.19654006518704156,0
G0_GRANITE_REFERENCE,pair,13,27,100000000000,0.10000000000000001,1,0.1414586015442878,0.1414586015442878,0
G0_GRANITE_REFERENCE,pair,13,27,100000000000,0.10000000000000001,2,0.10149199102794616,0.10149199102794616,0
G0_GRANITE_REFERENCE,pair,13,27,100000000000,0.5,0.5,0.10189498075609404,0.10189498075609404,0
G0_GRANITE_REFERENCE,pair,13,27,100000000000,0.5,1,0.072148458480361458,0.072148458480361458,0
G0_GRANITE_REFERENCE,pair,13,27,100000000000,0.5,2,0.051188787459453246,0.051188787459453246,0
G0_GRANITE_REFERENCE,pair,13,27,100000000000,0.90000000000000002,0.5,0.1965400705352861,0.1965400705352861,0
G0_GRANITE_REFERENCE,pair,13,27,100000000000,0.90000000000000002,1,0.14145860682788439,0.14145860682788439,0
G0_GRANITE_REFERENCE,pair,13,27,100000000000,0.90000000000000002,2,0.10149199624160124,0.10149199624160124,0
G0_GRANITE_REFERENCE,pair,13,27,100000000000,0.98999999999999999,0.5,0.5315071492136817,0.5315071492136817,0
G0_GRANITE_REFERENCE,pair,13,27,100000000000,0.98999999999999999,1,0.40325451721177291,0.40325451721177291,0
G0_GRANITE_REFERENCE,pair,13,27,100000000000,0.98999999999999999,2,0.29872779027834356,0.29872779027834356,0
G0_GRANITE_REFERENCE,pair,14,28,1000,0.01,0.5,0.99997119045425542,0.99997119045425542,0
G0_GRANITE_REFERENCE,pair,14,28,1000,0.01,1,0.9999423824626108,0.9999423824626108,0
G0_GRANITE_REFERENCE,pair,14,28,1000,0.01,2,0.99988477114113827,0.99988477114113827,0
G0_GRANITE_REFERENCE,pair,14,28,1000,0.10000000000000001,0.5,0.99999970306773722,0.99999970306773722,0
G0_GRANITE_REFERENCE,pair,14,28,1000,0.10000000000000001,1,0.99999940613484284,0.99999940613484284,0
G0_GRANITE_REFERENCE,pair,14,28,1000,0.10000000000000001,2,0.99999881226715659,0.99999881226715659,0
G0_GRANITE_REFERENCE,pair,14,28,1000,0.5,0.5,0.99999998707526239,0.99999998707526239,0
G0_GRANITE_REFERENCE,pair,14,28,1000,0.5,1,0.99999997414391872,0.99999997414391872,0
G0_GRANITE_REFERENCE,pair,14,28,1000,0.5,2,0.99999994826141114,0.99999994826141114,0
G0_GRANITE_REFERENCE,pair,14,28,1000,0.90000000000000002,0.5,0.99999999633377601,0.99999999633377601,0
G0_GRANITE_REFERENCE,pair,14,28,1000,0.90000000000000002,1,0.99999999266675654,0.99999999266675654,0
G0_GRANITE_REFERENCE,pair,14,28,1000,0.90000000000000002,2,0.99999998533033263,0.99999998533033263,0
G0_GRANITE_REFERENCE,pair,14,28,1000,0.98999999999999999,0.5,0.99999999706046638,0.99999999706046638,0
G0_GRANITE_REFERENCE,pair,14,28,1000,0.98999999999999999,1,0.99999999412092344,0.99999999412092344,0
G0_GRANITE_REFERENCE,pair,14,28,1000,0.98999999999999999,2,0.99999998824180947,0.99999998824180947,0
G0_GRANITE_REFERENCE,pair,14,28,1000000,0.01,0.5,0.99997118576883393,0.99997118576883393,0
G0_GRANITE_REFERENCE,pair,14,28,1000000,0.01,1,0.99994236372313872,0.99994236372313872,0
G0_GRANITE_REFERENCE,pair,14,28,1000000,0.01,2,0.99988469620094944,0.99988469620094944,0
G0_GRANITE_REFERENCE,pair,14,28,1000000,0.10000000000000001,0.5,0.9999993054734162,0.9999993054734162,0
G0_GRANITE_REFERENCE,pair,14,28,1000000,0.10000000000000001,1,0.9999978157594519,0.9999978157594519,0
G0_GRANITE_REFERENCE,pair,14,28,1000000,0.10000000000000001,2,0.99999245078073917,0.99999245078073917,0
G0_GRANITE_REFERENCE,pair,14,28,1000000,0.5,0.5,0.99999668367799699,0.99999668367799699,0
G0_GRANITE_REFERENCE,pair,14,28,1000000,0.5,1,0.99998676055550029,0.99998676055550029,0
G0_GRANITE_REFERENCE,pair,14,28,1000000,0.5,2,0.99994709391287995,0.99994709391287995,0
G0_GRANITE_REFERENCE,pair,14,28,1000000,0.90000000000000002,0.5,0.99999959873898758,0.99999959873898758,0
G0_GRANITE_REFERENCE,pair,14,28,1000000,0.90000000000000002,1,0.99999840228762582,0.99999840228762582,0
G0_GRANITE_REFERENCE,pair,14,28,1000000,0.90000000000000002,2,0.9999936238139967,0.9999936238139967,0
G0_GRANITE_REFERENCE,pair,14,28,1000000,0.98999999999999999,0.5,0.99999999237449178,0.99999999237449178,0
G0_GRANITE_REFERENCE,pair,14,28,1000000,0.98999999999999999,1,0.99999997537702567,0.99999997537702567,0
G0_GRANITE_REFERENCE,pair,14,28,1000000,0.98999999999999999,2,0.99999991326621984,0.99999991326621984,0
G0_GRANITE_REFERENCE,pair,14,28,1000000000,0.01,0.5,0.99547336926688268,0.99547336926688268,0
G0_GRANITE_REFERENCE,pair,14,28,1000000000,0.01,1,0.9894472823434447,0.9894472823434447,0
G0_GRANITE_REFERENCE,pair,14,28,1000000000,0.01,2,1.0024280195824833,1.0024280195824833,0
G0_GRANITE_REFERENCE,pair,14,28,1000000000,0.10000000000000001,0.5,0.95901145003667021,0.95901145003667021,0
G0_GRANITE_REFERENCE,pair,14,28,1000000000,0.10000000000000001,1,0.8660119035110494,0.8660119035110494,0
G0_GRANITE_REFERENCE,pair,14,28,1000000000,0.10000000000000001,2,0.73251765011041658,0.73251765011041658,0
G0_GRANITE_REFERENCE,pair,14,28,1000000000,0.5,0.5,0.78200538840312506,0.78200538840312506,0
G0_GRANITE_REFERENCE,pair,14,28,1000000000,0.5,1,0.63028422912212234,0.63028422912212234,0
G0_GRANITE_REFERENCE,pair,14,28,1000000000,0.5,2,0.48084431156008134,0.48084431156008134,0
G0_GRANITE_REFERENCE,pair,14,28,1000000000,0.90000000000000002,0.5,0.9590116662558309,0.9590116662558309,0
G0_GRANITE_REFERENCE,pair,14,28,1000000000,0.90000000000000002,1,0.86601222098702724,0.86601222098702724,0
G0_GRANITE_REFERENCE,pair,14,28,1000000000,0.90000000000000002,2,0.7325180611120351,0.7325180611120351,0
G0_GRANITE_REFERENCE,pair,14,28,1000000000,0.98999999999999999,0.5,0.99550166809104079,0.99550166809104079,0
G0_GRANITE_REFERENCE,pair,14,28,1000000000,0.98999999999999999,1,0.98950149090661277,0.98950149090661277,0
G0_GRANITE_REFERENCE,pair,14,28,1000000000,0.98999999999999999,2,1.0025318184428638,1.0025318184428638,0
G0_GRANITE_REFERENCE,pair,14,28,100000000000,0.01,0.5,0.53172988009708255,0.53172988009708255,0
G0_GRANITE_REFERENCE,pair,14,28,100000000000,0.01,1,0.40343158612416186,0.40343158612416186,0
G0_GRANITE_REFERENCE,pair,14,28,100000000000,0.01,2,0.29886541426450058,0.29886541426450058,0
G0_GRANITE_REFERENCE,pair,14,28,100000000000,0.10000000000000001,0.5,0.19663932794237862,0.19663932794237862,0
G0_GRANITE_REFERENCE,pair,14,28,100000000000,0.10000000000000001,1,0.14153463032196023,0.14153463032196023,0
G0_GRANITE_REFERENCE,pair,14,28,100000000000,0.10000000000000001,2,0.10154988430418943,0.10154988430418943,0
G0_GRANITE_REFERENCE,pair,14,28,100000000000,0.5,0.5,0.10194914999617617,0.10194914999617617,0
G0_GRANITE_REFERENCE,pair,14,28,100000000000,0.5,1,0.072189465252544438,0.072189465252544438,0
G0_GRANITE_REFERENCE,pair,14,28,100000000000,0.5,2,0.051219708157516072,0.051219708157516072,0
G0_GRANITE_REFERENCE,pair,14,28,100000000000,0.90000000000000002,0.5,0.19663933329054911,0.19663933329054911,0
G0_GRANITE_REFERENCE,pair,14,28,100000000000,0.90000000000000002,1,0.14153463560545201,0.14153463560545201,0
G0_GRANITE_REFERENCE,pair,14,28,100000000000,0.90000000000000002,2,0.10154988951773811,0.10154988951773811,0
G0_GRANITE_REFERENCE,pair,14,28,100000000000,0.98999999999999999,0.5,0.53173447838730847,0.53173447838730847,0
G0_GRANITE_REFERENCE,pair,14,28,100000000000,0.98999999999999999,1,0.40343648924557457,0.40343648924557457,0
G0_GRANITE_REFERENCE,pair,14,28,100000000000,0.98999999999999999,2,0.29887045046296157,0.29887045046296157,0
G0_GRANITE_REFERENCE,pair,19,39,1000,0.01,0.5,0.99997119045425542,0.99997119045425542,0
G0_GRANITE_REFERENCE,pair,19,39,1000,0.01,1,0.9999423824626108,0.9999423824626108,0
G0_GRANITE_REFERENCE,pair,19,39,1000,0.01,2,0.99988477114113827,0.99988477114113827,0
G0_GRANITE_REFERENCE,pair,19,39,1000,0.10000000000000001,0.5,0.99999970306773722,0.99999970306773722,0
G0_GRANITE_REFERENCE,pair,19,39,1000,0.10000000000000001,1,0.99999940613484284,0.99999940613484284,0
G0_GRANITE_REFERENCE,pair,19,39,1000,0.10000000000000001,2,0.99999881226715659,0.99999881226715659,0
G0_GRANITE_REFERENCE,pair,19,39,1000,0.5,0.5,0.99999998707526239,0.99999998707526239,0
G0_GRANITE_REFERENCE,pair,19,39,1000,0.5,1,0.99999997414391872,0.99999997414391872,0
G0_GRANITE_REFERENCE,pair,19,39,1000,0.5,2,0.99999994826141114,0.99999994826141114,0
G0_GRANITE_REFERENCE,pair,19,39,1000,0.90000000000000002,0.5,0.99999999633377601,0.99999999633377601,0
G0_GRANITE_REFERENCE,pair,19,39,1000,0.90000000000000002,1,0.99999999266675654,0.99999999266675654,0
G0_GRANITE_REFERENCE,pair,19,39,1000,0.90000000000000002,2,0.99999998533033263,0.99999998533033263,0
G0_GRANITE_REFERENCE,pair,19,39,1000,0.98999999999999999,0.5,0.99999999706046638,0.99999999706046638,0
G0_GRANITE_REFERENCE,pair,19,39,1000,0.98999999999999999,1,0.99999999412092344,0.99999999412092344,0
G0_GRANITE_REFERENCE,pair,19,39,1000,0.98999999999999999,2,0.99999998824180947,0.99999998824180947,0
G0_GRANITE_REFERENCE,pair,19,39,1000000,0.01,0.5,0.99997118576883393,0.99997118576883393,0
G0_GRANITE_REFERENCE,pair,19,39,1000000,0.01,1,0.99994236372313872,0.99994236372313872,0
G0_GRANITE_REFERENCE,pair,19,39,1000000,0.01,2,0.99988469620094944,0.99988469620094944,0
G0_GRANITE_REFERENCE,pair,19,39,1000000,0.10000000000000001,0.5,0.9999993054734162,0.9999993054734162,0
G0_GRANITE_REFERENCE,pair,19,39,1000000,0.10000000000000001,1,0.9999978157594519,0.9999978157594519,0
G0_GRANITE_REFERENCE,pair,19,39,1000000,0.10000000000000001,2,0.99999245078073917,0.99999245078073917,0
G0_GRANITE_REFERENCE,pair,19,39,1000000,0.5,0.5,0.99999668367799699,0.99999668367799699,0
G0_GRANITE_REFERENCE,pair,19,39,1000000,0.5,1,0.99998676055550029,0.99998676055550029,0
G0_GRANITE_REFERENCE,pair,19,39,1000000,0.5,2,0.99994709391287995,0.99994709391287995,0
G0_GRANITE_REFERENCE,pair,19,39,1000000,0.90000000000000002,0.5,0.99999959873898758,0.99999959873898758,0
G0_GRANITE_REFERENCE,pair,19,39,1000000,0.90000000000000002,1,0.99999840228762582,0.99999840228762582,0
G0_GRANITE_REFERENCE,pair,19,39,1000000,0.90000000000000002,2,0.9999936238139967,0.9999936238139967,0
G0_GRANITE_REFERENCE,pair,19,39,1000000,0.98999999999999999,0.5,0.99999999237449178,0.99999999237449178,0
G0_GRANITE_REFERENCE,pair,19,39,1000000,0.98999999999999999,1,0.99999997537702567,0.99999997537702567,0
G0_GRANITE_REFERENCE,pair,19,39,1000000,0.98999999999999999,2,0.99999991326621984,0.99999991326621984,0
G0_GRANITE_REFERENCE,pair,19,39,1000000000,0.01,0.5,0.99547336926688268,0.99547336926688268,0
G0_GRANITE_REFERENCE,pair,19,39,1000000000,0.01,1,0.98956223117420938,0.98956223117420938,0
G0_GRANITE_REFERENCE,pair,19,39,1000000000,0.01,2,1.0032880399150392,1.0032880399150392,0
G0_GRANITE_REFERENCE,pair,19,39,1000000000,0.10000000000000001,0.5,0.96045942568525411,0.96045942568525411,0
G0_GRANITE_REFERENCE,pair,19,39,1000000000,0.10000000000000001,1,0.8676195781137499,0.8676195781137499,0
G0_GRANITE_REFERENCE,pair,19,39,1000000000,0.10000000000000001,2,0.73402738494951236,0.73402738494951236,0
G0_GRANITE_REFERENCE,pair,19,39,1000000000,0.5,0.5,0.78349358379330125,0.78349358379330125,0
G0_GRANITE_REFERENCE,pair,19,39,1000000000,0.5,1,0.63156389287530579,0.63156389287530579,0
G0_GRANITE_REFERENCE,pair,19,39,1000000000,0.5,2,0.481863530717411,0.481863530717411,0
G0_GRANITE_REFERENCE,pair,19,39,1000000000,0.90000000000000002,0.5,0.96045964214019841,0.96045964214019841,0
G0_GRANITE_REFERENCE,pair,19,39,1000000000,0.90000000000000002,1,0.86761989592589839,0.86761989592589839,0
G0_GRANITE_REFERENCE,pair,19,39,1000000000,0.90000000000000002,2,0.73402779629586845,0.73402779629586845,0
G0_GRANITE_REFERENCE,pair,19,39,1000000000,0.98999999999999999,0.5,0.99550166809104079,0.99550166809104079,0
G0_GRANITE_REFERENCE,pair,19,39,1000000000,0.98999999999999999,1,0.98961644541569849,0.98961644541569849,0
G0_GRANITE_REFERENCE,pair,19,39,1000000000,0.98999999999999999,2,1.0033919158165141,1.0033919158165141,0
G0_GRANITE_REFERENCE,pair,19,39,100000000000,0.01,0.5,0.53294538095744659,0.53294538095744659,0
G0_GRANITE_REFERENCE,pair,19,39,100000000000,0.01,1,0.40440435286149939,0.40440435286149939,0
G0_GRANITE_REFERENCE,pair,19,39,100000000000,0.01,2,0.29962789403081991,0.29962789403081991,0
G0_GRANITE_REFERENCE,pair,19,39,100000000000,0.10000000000000001,0.5,0.19716975518091667,0.19716975518091667,0
G0_GRANITE_REFERENCE,pair,19,39,100000000000,0.10000000000000001,1,0.14194084556775341,0.14194084556775341,0
G0_GRANITE_REFERENCE,pair,19,39,100000000000,0.10000000000000001,2,0.10185916146800866,0.10185916146800866,0
G0_GRANITE_REFERENCE,pair,19,39,100000000000,0.5,0.5,0.10223854689934608,0.10223854689934608,0
G0_GRANITE_REFERENCE,pair,19,39,100000000000,0.5,1,0.072408515392687611,0.072408515392687611,0
G0_GRANITE_REFERENCE,pair,19,39,100000000000,0.5,2,0.05138486079068609,0.05138486079068609,0
G0_GRANITE_REFERENCE,pair,19,39,100000000000,0.90000000000000002,0.5,0.19716976052869034,0.19716976052869034,0
G0_GRANITE_REFERENCE,pair,19,39,100000000000,0.90000000000000002,1,0.14194085085068642,0.14194085085068642,0
G0_GRANITE_REFERENCE,pair,19,39,100000000000,0.90000000000000002,2,0.10185916668099047,0.10185916668099047,0
G0_GRANITE_REFERENCE,pair,19,39,100000000000,0.98999999999999999,0.5,0.53294998143548544,0.53294998143548544,0
G0_GRANITE_REFERENCE,pair,19,39,100000000000,0.98999999999999999,1,0.40440925721156928,0.40440925721156928,0
G0_GRANITE_REFERENCE,pair,19,39,100000000000,0.98999999999999999,2,0.29963293070656172,0.29963293070656172,0
G0_GRANITE_REFERENCE,pair,20,40,1000,0.01,0.5,0.99997119045425542,0.99997119045425542,0
G0_GRANITE_REFERENCE,pair,20,40,1000,0.01,1,0.9999423824626108,0.9999423824626108,0
G0_GRANITE_REFERENCE,pair,20,40,1000,0.01,2,0.99988477114113827,0.99988477114113827,0
G0_GRANITE_REFERENCE,pair,20,40,1000,0.10000000000000001,0.5,0.99999970306773722,0.99999970306773722,0
G0_GRANITE_REFERENCE,pair,20,40,1000,0.10000000000000001,1,0.99999940613484284,0.99999940613484284,0
G0_GRANITE_REFERENCE,pair,20,40,1000,0.10000000000000001,2,0.99999881226715659,0.99999881226715659,0
G0_GRANITE_REFERENCE,pair,20,40,1000,0.5,0.5,0.99999998707526239,0.99999998707526239,0
G0_GRANITE_REFERENCE,pair,20,40,1000,0.5,1,0.99999997414391872,0.99999997414391872,0
G0_GRANITE_REFERENCE,pair,20,40,1000,0.5,2,0.99999994826141114,0.99999994826141114,0
G0_GRANITE_REFERENCE,pair,20,40,1000,0.90000000000000002,0.5,0.99999999633377601,0.99999999633377601,0
G0_GRANITE_REFERENCE,pair,20,40,1000,0.90000000000000002,1,0.99999999266675654,0.99999999266675654,0
G0_GRANITE_REFERENCE,pair,20,40,1000,0.90000000000000002,2,0.99999998533033263,0.99999998533033263,0
G0_GRANITE_REFERENCE,pair,20,40,1000,0.98999999999999999,0.5,0.99999999706046638,0.99999999706046638,0
G0_GRANITE_REFERENCE,pair,20,40,1000,0.98999999999999999,1,0.99999999412092344,0.99999999412092344,0
G0_GRANITE_REFERENCE,pair,20,40,1000,0.98999999999999999,2,0.99999998824180947,0.99999998824180947,0
G0_GRANITE_REFERENCE,pair,20,40,1000000,0.01,0.5,0.99997118576883393,0.99997118576883393,0
G0_GRANITE_REFERENCE,pair,20,40,1000000,0.01,1,0.99994236372313872,0.99994236372313872,0
G0_GRANITE_REFERENCE,pair,20,40,1000000,0.01,2,0.99988469620094944,0.99988469620094944,0
G0_GRANITE_REFERENCE,pair,20,40,1000000,0.10000000000000001,0.5,0.9999993054734162,0.9999993054734162,0
G0_GRANITE_REFERENCE,pair,20,40,1000000,0.10000000000000001,1,0.9999978157594519,0.9999978157594519,0
G0_GRANITE_REFERENCE,pair,20,40,1000000,0.10000000000000001,2,0.99999245078073917,0.99999245078073917,0
G0_GRANITE_REFERENCE,pair,20,40,1000000,0.5,0.5,0.99999668367799699,0.99999668367799699,0
G0_GRANITE_REFERENCE,pair,20,40,1000000,0.5,1,0.99998676055550029,0.99998676055550029,0
G0_GRANITE_REFERENCE,pair,20,40,1000000,0.5,2,0.99994709391287995,0.99994709391287995,0
G0_GRANITE_REFERENCE,pair,20,40,1000000,0.90000000000000002,0.5,0.99999959873898758,0.99999959873898758,0
G0_GRANITE_REFERENCE,pair,20,40,1000000,0.90000000000000002,1,0.99999840228762582,0.99999840228762582,0
G0_GRANITE_REFERENCE,pair,20,40,1000000,0.90000000000000002,2,0.9999936238139967,0.9999936238139967,0
G0_GRANITE_REFERENCE,pair,20,40,1000000,0.98999999999999999,0.5,0.99999999237449178,0.99999999237449178,0
G0_GRANITE_REFERENCE,pair,20,40,1000000,0.98999999999999999,1,0.99999997537702567,0.99999997537702567,0
G0_GRANITE_REFERENCE,pair,20,40,1000000,0.98999999999999999,2,0.99999991326621984,0.99999991326621984,0
G0_GRANITE_REFERENCE,pair,20,40,1000000000,0.01,0.5,0.99547336926688268,0.99547336926688268,0
G0_GRANITE_REFERENCE,pair,20,40,1000000000,0.01,1,0.98958401267472207,0.98958401267472207,0
G0_GRANITE_REFERENCE,pair,20,40,1000000000,0.01,2,1.0034509797974902,1.0034509797974902,0
G0_GRANITE_REFERENCE,pair,20,40,1000000000,0.10000000000000001,0.5,0.96073367523038655,0.96073367523038655,0
G0_GRANITE_REFERENCE,pair,20,40,1000000000,0.10000000000000001,1,0.86792396968477137,0.86792396968477137,0
G0_GRANITE_REFERENCE,pair,20,40,1000000000,0.10000000000000001,2,0.73431313074542481,0.73431313074542481,0
G0_GRANITE_REFERENCE,pair,20,40,1000000000,0.5,0.5,0.78377528540298647,0.78377528540298647,0
G0_GRANITE_REFERENCE,pair,20,40,1000000000,0.5,1,0.63180603265276181,0.63180603265276181,0
G0_GRANITE_REFERENCE,pair,20,40,1000000000,0.5,2,0.48205633307436602,0.48205633307436602,0
G0_GRANITE_REFERENCE,pair,20,40,1000000000,0.90000000000000002,0.5,0.96073389172996548,0.96073389172996548,0
G0_GRANITE_REFERENCE,pair,20,40,1000000000,0.90000000000000002,1,0.86792428756050399,0.86792428756050399,0
G0_GRANITE_REFERENCE,pair,20,40,1000000000,0.90000000000000002,2,0.73431354215691691,0.73431354215691691,0
G0_GRANITE_REFERENCE,pair,20,40,1000000000,0.98999999999999999,0.5,0.99550166809104079,0.99550166809104079,0
G0_GRANITE_REFERENCE,pair,20,40,1000000000,0.98999999999999999,1,0.98963822799216483,0.98963822799216483,0
G0_GRANITE_REFERENCE,pair,20,40,1000000000,0.98999999999999999,2,1.0035548702930037,1.0035548702930037,0
G0_GRANITE_REFERENCE,pair,20,40,100000000000,0.01,0.5,0.53317534481755435,0.53317534481755435,0
G0_GRANITE_REFERENCE,pair,20,40,100000000000,0.01,1,0.40458835239761787,0.40458835239761787,0
G0_GRANITE_REFERENCE,pair,20,40,100000000000,0.01,2,0.29977209147180778,0.29977209147180778,0
G0_GRANITE_REFERENCE,pair,20,40,100000000000,0.10000000000000001,0.5,0.19727004775895637,0.19727004775895637,0
G0_GRANITE_REFERENCE,pair,20,40,100000000000,0.10000000000000001,1,0.14201764146409979,0.14201764146409979,0
G0_GRANITE_REFERENCE,pair,20,40,100000000000,0.10000000000000001,2,0.10191762315039377,0.10191762315039377,0
G0_GRANITE_REFERENCE,pair,20,40,100000000000,0.5,0.5,0.10229325336794493,0.10229325336794493,0
G0_GRANITE_REFERENCE,pair,20,40,100000000000,0.5,1,0.072449918726447182,0.072449918726447182,0
G0_GRANITE_REFERENCE,pair,20,40,100000000000,0.5,2,0.051416073089173613,0.051416073089173613,0
G0_GRANITE_REFERENCE,pair,20,40,100000000000,0.90000000000000002,0.5,0.19727005310665519,0.19727005310665519,0
G0_GRANITE_REFERENCE,pair,20,40,100000000000,0.90000000000000002,1,0.14201764674692746,0.14201764674692746,0
G0_GRANITE_REFERENCE,pair,20,40,100000000000,0.90000000000000002,2,0.10191762836326854,0.10191762836326854,0
G0_GRANITE_REFERENCE,pair,20,40,100000000000,0.98999999999999999,0.5,0.53317994570830263,0.53317994570830263,0
G0_GRANITE_REFERENCE,pair,20,40,100000000000,0.98999999999999999,1,0.40459325697911769,0.40459325697911769,0
G0_GRANITE_REFERENCE,pair,20,40,100000000000,0.98999999999999999,2,0.29977712823720504,0.29977712823720504,0
G0_GRANITE_REFERENCE,pair,26,56,1000,0.01,0.5,0.99997119045425542,0.99997119045425542,0
G0_GRANITE_REFERENCE,pair,26,56,1000,0.01,1,0.9999423824626108,0.9999423824626108,0
G0_GRANITE_REFERENCE,pair,26,56,1000,0.01,2,0.99988477114113827,0.99988477114113827,0
G0_GRANITE_REFERENCE,pair,26,56,1000,0.10000000000000001,0.5,0.99999970306773722,0.99999970306773722,0
G0_GRANITE_REFERENCE,pair,26,56,1000,0.10000000000000001,1,0.99999940613484284,0.99999940613484284,0
G0_GRANITE_REFERENCE,pair,26,56,1000,0.10000000000000001,2,0.99999881226715659,0.99999881226715659,0
G0_GRANITE_REFERENCE,pair,26,56,1000,0.5,0.5,0.99999998707526239,0.99999998707526239,0
G0_GRANITE_REFERENCE,pair,26,56,1000,0.5,1,0.99999997414391872,0.99999997414391872,0
G0_GRANITE_REFERENCE,pair,26,56,1000,0.5,2,0.99999994826141114,0.99999994826141114,0
G0_GRANITE_REFERENCE,pair,26,56,1000,0.90000000000000002,0.5,0.99999999633377601,0.99999999633377601,0
G0_GRANITE_REFERENCE,pair,26,56,1000,0.90000000000000002,1,0.99999999266675654,0.99999999266675654,0
G0_GRANITE_REFERENCE,pair,26,56,1000,0.90000000000000002,2,0.99999998533033263,0.99999998533033263,0
G0_GRANITE_REFERENCE,pair,26,56,1000,0.98999999999999999,0.5,0.99999999706046638,0.99999999706046638,0
G0_GRANITE_REFERENCE,pair,26,56,1000,0.98999999999999999,1,0.99999999412092344,0.99999999412092344,0
G0_GRANITE_REFERENCE,pair,26,56,1000,0.98999999999999999,2,0.99999998824180947,0.99999998824180947,0
G0_GRANITE_REFERENCE,pair,26,56,1000000,0.01,0.5,0.99997118576883393,0.99997118576883393,0
G0_GRANITE_REFERENCE,pair,26,56,1000000,0.01,1,0.99994236372313872,0.99994236372313872,0
G0_GRANITE_REFERENCE,pair,26,56,1000000,0.01,2,0.99988469620094944,0.99988469620094944,0
G0_GRANITE_REFERENCE,pair,26,56,1000000,0.10000000000000001,0.5,0.9999993054734162,0.9999993054734162,0
G0_GRANITE_REFERENCE,pair,26,56,1000000,0.10000000000000001,1,0.9999978157594519,0.9999978157594519,0
G0_GRANITE_REFERENCE,pair,26,56,1000000,0.10000000000000001,2,0.99999245078073917,0.99999245078073917,0
G0_GRANITE_REFERENCE,pair,26,56,1000000,0.5,0.5,0.99999668367799699,0.99999668367799699,0
G0_GRANITE_REFERENCE,pair,26,56,1000000,0.5,1,0.99998676055550029,0.99998676055550029,0
G0_GRANITE_REFERENCE,pair,26,56,1000000,0.5,2,0.99994709391287995,0.99994709391287995,0
G0_GRANITE_REFERENCE,pair,26,56,1000000,0.90000000000000002,0.5,0.99999959873898758,0.99999959873898758,0
G0_GRANITE_REFERENCE,pair,26,56,1000000,0.90000000000000002,1,0.99999840228762582,0.99999840228762582,0
G0_GRANITE_REFERENCE,pair,26,56,1000000,0.90000000000000002,2,0.9999936238139967,0.9999936238139967,0
G0_GRANITE_REFERENCE,pair,26,56,1000000,0.98999999999999999,0.5,0.99999999237449178,0.99999999237449178,0
G0_GRANITE_REFERENCE,pair,26,56,1000000,0.98999999999999999,1,0.99999997537702567,0.99999997537702567,0
G0_GRANITE_REFERENCE,pair,26,56,1000000,0.98999999999999999,2,0.99999991326621984,0.99999991326621984,0
G0_GRANITE_REFERENCE,pair,26,56,1000000000,0.01,0.5,0.99547336926688268,0.99547336926688268,0
G0_GRANITE_REFERENCE,pair,26,56,1000000000,0.01,1,0.98971944184310878,0.98971944184310878,0
G0_GRANITE_REFERENCE,pair,26,56,1000000000,0.01,2,1.0044639043143142,1.0044639043143142,0
G0_GRANITE_REFERENCE,pair,26,56,1000000000,0.10000000000000001,0.5,0.96243795583894887,0.96243795583894887,0
G0_GRANITE_REFERENCE,pair,26,56,1000000000,0.10000000000000001,1,0.86981481116681847,0.86981481116681847,0
G0_GRANITE_REFERENCE,pair,26,56,1000000000,0.10000000000000001,2,0.73608741879162909,0.73608741879162909,0
G0_GRANITE_REFERENCE,pair,26,56,1000000000,0.5,0.5,0.78552469374857992,0.78552469374857992,0
G0_GRANITE_REFERENCE,pair,26,56,1000000000,0.5,1,0.63330912485758628,0.63330912485758628,0
G0_GRANITE_REFERENCE,pair,26,56,1000000000,0.5,2,0.48325276558567748,0.48325276558567748,0
G0_GRANITE_REFERENCE,pair,26,56,1000000000,0.90000000000000002,0.5,0.96243817261573195,0.96243817261573195,0
G0_GRANITE_REFERENCE,pair,26,56,1000000000,0.90000000000000002,1,0.86981512943706063,0.86981512943706063,0
G0_GRANITE_REFERENCE,pair,26,56,1000000000,0.90000000000000002,2,0.73608783060677729,0.73608783060677729,0
G0_GRANITE_REFERENCE,pair,26,56,1000000000,0.98999999999999999,0.5,0.99550166809104079,0.99550166809104079,0
G0_GRANITE_REFERENCE,pair,26,56,1000000000,0.98999999999999999,1,0.98977366385025622,0.98977366385025622,0
G0_GRANITE_REFERENCE,pair,26,56,1000000000,0.98999999999999999,2,1.0045678855186897,1.0045678855186897,0
G0_GRANITE_REFERENCE,pair,26,56,100000000000,0.01,0.5,0.53460260645975288,0.53460260645975288,0
G0_GRANITE_REFERENCE,pair,26,56,100000000000,0.01,1,0.40573004875139762,0.40573004875139762,0
G0_GRANITE_REFERENCE,pair,26,56,100000000000,0.01,2,0.30066663495516949,0.30066663495516949,0
G0_GRANITE_REFERENCE,pair,26,56,100000000000,0.10000000000000001,0.5,0.1978920820508637,0.1978920820508637,0
G0_GRANITE_REFERENCE,pair,26,56,100000000000,0.10000000000000001,1,0.14249386831627153,0.14249386831627153,0
G0_GRANITE_REFERENCE,pair,26,56,100000000000,0.10000000000000001,2,0.10228010048662979,0.10228010048662979,0
G0_GRANITE_REFERENCE,pair,26,56,100000000000,0.5,0.5,0.10263246635593598,0.10263246635593598,0
G0_GRANITE_REFERENCE,pair,26,56,100000000000,0.5,1,0.072706608692043248,0.072706608692043248,0
G0_GRANITE_REFERENCE,pair,26,56,100000000000,0.5,2,0.051609555254372684,0.051609555254372684,0
G0_GRANITE_REFERENCE,pair,26,56,100000000000,0.90000000000000002,0.5,0.1978920873980963,0.1978920873980963,0
G0_GRANITE_REFERENCE,pair,26,56,100000000000,0.90000000000000002,1,0.14249387359844617,0.14249387359844617,0
G0_GRANITE_REFERENCE,pair,26,56,100000000000,0.90000000000000002,2,0.10228010569884349,0.10228010569884349,0
G0_GRANITE_REFERENCE,pair,26,56,100000000000,0.98999999999999999,0.5,0.53460720990340194,0.53460720990340194,0
G0_GRANITE_REFERENCE,pair,26,56,100000000000,0.98999999999999999,1,0.40573495476202348,0.40573495476202348,0
G0_GRANITE_REFERENCE,pair,26,56,100000000000,0.98999999999999999,2,0.30067167227247676,0.30067167227247676,0
