pdg,energy_GeV,sample,energy_relative_residual,momentum_relative_residual
15,10000,0,-7.8935482421874993e-09,7.8935493907226563e-09
15,10000,1,1.20857543359375e-07,1.2085754233682261e-07
15,10000,2,-9.9409976562499993e-09,9.9409991642060843e-09
15,10000,3,-2.3461519531249999e-08,2.3461519430579541e-08
15,10000,4,-9.33650212890625e-08,9.3365018801436358e-08
15,10000,5,5.1664095507812497e-08,5.1664096142100831e-08
15,10000,6,4.0267535546874998e-08,4.0267534983769877e-08
15,10000,7,-1.30716375e-08,1.3071635546874999e-08
15,10000,8,1.4742387890625e-08,1.4742390632187351e-08
15,10000,9,3.5797730468749999e-08,3.5797732735337142e-08
15,10000,10,5.0315147265625001e-08,5.0315147681591327e-08
15,10000,11,-7.7592880859375005e-09,7.7592873790826578e-09
15,10000,12,1.8667816054687499e-07,1.8667814806778334e-07
15,10000,13,-8.5310706445312505e-08,8.5310704121896684e-08
15,10000,14,-1.7966733007812501e-08,1.7966736219963342e-08
15,10000,15,-3.1916558203124998e-08,3.1916559143082356e-08
15,10000,16,1.1150373281249999e-07,1.1150373316727726e-07
15,10000,17,-2.5076341796875e-08,2.5076344044455726e-08
15,10000,18,2.5951447656250001e-08,2.5951446679687498e-08
15,10000,19,1.5053234765624999e-08,1.5053234960937499e-08
15,10000,20,9.5457589453124998e-08,9.5457588310326331e-08
15,10000,21,8.7090865624999998e-08,8.7090868757170686e-08
15,10000,22,5.8598643164062503e-08,5.8598639420039557e-08
15,10000,23,3.3293757011718753e-07,3.3293755490948954e-07
15,10000,24,-1.31180815234375e-07,1.3118081722281251e-07
15,10000,25,-5.4111775195312503e-08,5.4111776588146528e-08
15,10000,26,1.057756712890625e-07,1.0577566936217753e-07
15,10000,27,-1.1931477148437501e-08,1.1931476637124653e-08
15,10000,28,1.37139044921875e-08,1.3713905974725031e-08
15,10000,29,5.9308511718749998e-09,5.930854645000342e-09
15,10000,30,-1.5614627148437499e-08,1.561462761016397e-08
15,10000,31,1.5373977265624999e-07,1.5373976609790999e-07
15,10000,32,-3.931919921875e-10,3.9319200609752304e-10
15,10000,33,1.8774649335937499e-07,1.8774648482163268e-07
15,10000,34,-1.31451212890625e-08,1.3145122043913047e-08
15,10000,35,8.6172969531250005e-08,8.6172967629659636e-08
15,10000,36,1.6707675703125001e-07,1.6707675768144484e-07
15,10000,37,1.371017453125e-07,1.3710173906676948e-07
15,10000,38,1.8303223828125001e-08,1.8303224207232729e-08
15,10000,39,3.9873098828125002e-08,3.9873098353563153e-08
15,10000,40,-9.6717802734375e-09,9.6717793311424018e-09
15,10000,41,5.1037746093750002e-09,5.1037862929660997e-09
15,10000,42,3.1934116601562499e-08,3.1934115234375003e-08
15,10000,43,2.3703459374999999e-08,2.3703461374038353e-08
15,10000,44,-3.63564486328125e-08,3.6356450404462152e-08
15,10000,45,-3.0966411718750002e-08,3.0966409371665533e-08
15,10000,46,2.2968637890625e-08,2.2968637304687501e-08
15,10000,47,1.13130375e-08,1.13130380859375e-08
15,10000,48,3.6778368496093749e-07,3.6778365521396587e-07
15,10000,49,-9.9676755859375006e-09,9.967679736108974e-09
15,10000,50,9.3112236328124996e-09,9.3112274601804347e-09
15,10000,51,7.4876973046874999e-08,7.4876972910871683e-08
15,10000,52,-4.6654331640624999e-08,4.6654333210561497e-08
15,10000,53,-5.96011666015625e-08,5.9601161742034426e-08
15,10000,54,-3.6579695312500001e-08,3.6579694142592705e-08
15,10000,55,1.2263973671875001e-07,1.2263973089038049e-07
15,10000,56,2.5429568750000001e-08,2.5429567968750001e-08
15,10000,57,-2.5791222851562499e-08,2.5791219183671553e-08
15,10000,58,2.8395971093749999e-08,2.8395971633331646e-08
15,10000,59,-2.7914063085937499e-08,2.7914064701705561e-08
15,10000,60,-3.6436683398437501e-08,3.6436684721137225e-08
15,10000,61,3.7429190625e-07,3.7429188207103366e-07
15,10000,62,2.2490196796874999e-07,2.2490195447582224e-07
15,10000,63,5.2677945117187501e-08,5.2677944948515659e-08
15,10000,64,-2.5167625390625e-08,2.516762239013281e-08
15,10000,65,-4.6580410156250001e-09,4.6580537455532888e-09
15,10000,66,3.22096328125e-08,3.2209635305713455e-08
15,10000,67,-6.480023046875e-09,6.4800235368829206e-09
15,10000,68,-4.1456703124999997e-09,4.1456818451070851e-09
15,10000,69,1.4771066953124999e-07,1.477106666301212e-07
15,10000,70,5.3252562695312498e-08,5.3252560552087068e-08
15,10000,71,1.57005525390625e-08,1.5700556997354313e-08
15,10000,72,4.599125388671875e-07,4.5991249962483959e-07
15,10000,73,2.6724450859374998e-07,2.6724448482547338e-07
15,10000,74,1.4415680859375e-08,1.4415681841143703e-08
15,10000,75,-4.2376706250000003e-08,4.2376704213433616e-08
15,10000,76,-2.4505625000000002e-10,2.4510832796078881e-10
15,10000,77,-6.1765316210937494e-08,6.1765316995583222e-08
15,10000,78,1.357299453125e-08,1.3572994921875e-08
15,10000,79,8.3212480468750003e-09,8.3212474789120577e-09
15,10000,80,5.3549936132812502e-08,5.35499397628875e-08
15,10000,81,1.3136605078125e-07,1.3136605049017943e-07
15,10000,82,2.8808594921875001e-08,2.8808593945312499e-08
15,10000,83,3.9121392968750003e-08,3.9121392044775812e-08
15,10000,84,1.0695261894531249e-07,1.0695261682981213e-07
15,10000,85,2.53267869140625e-08,2.5326788555483007e-08
15,10000,86,9.8281172460937496e-08,9.8281170205310331e-08
15,10000,87,1.1088696894531249e-07,1.1088696816899408e-07
15,10000,88,-3.0488007812500001e-10,3.0495589147531368e-10
15,10000,89,9.9005859375000001e-11,9.9169219569442482e-11
15,10000,90,-3.8701458984374999e-09,3.870147216822999e-09
15,10000,91,9.2695786328125002e-08,9.2695782496731634e-08
15,10000,92,-1.2766921484374999e-08,1.2766921180710908e-08
15,10000,93,1.4007656835937501e-08,1.4007657543595665e-08
15,10000,94,3.1971049414062502e-08,3.1971049839413384e-08
15,10000,95,8.5219710156249996e-08,8.5219706149138862e-08
15,10000,96,4.99969140625e-08,4.9996915676350988e-08
15,10000,97,-1.09341396484375e-08,1.0934140267521421e-08
15,10000,98,1.2834471992187499e-07,1.283447102449158e-07
15,10000,99,-3.7526639062499997e-08,3.7526640382299645e-08
15,10000,0,6.6457550781250004e-09,6.6457558593749999e-09
15,10000,1,-2.4089465625e-08,2.4089464169077329e-08
15,10000,2,6.6449742187500001e-09,6.6449750000000004e-09
15,10000,3,-1.71800087890625e-08,1.7180011250509332e-08
15,10000,4,8.7114708203124995e-08,8.7114703527408695e-08
15,10000,5,-1.5312152734375002e-08,1.5312153197505998e-08
15,10000,6,1.7941445312499999e-08,1.794144483098038e-08
15,10000,7,-1.0088547460937501e-08,1.0088546729253982e-08
15,10000,8,1.8994362890624999e-08,1.8994362890624999e-08
15,10000,9,1.5902721289062501e-08,1.5902721289062501e-08
15,10000,10,-8.5247078125000008e-09,8.5247087895587953e-09
15,10000,11,-1.9854277285156251e-07,1.9854276767358914e-07
15,10000,12,7.1834573242187506e-08,7.1834570336648874e-08
15,10000,13,1.5909568691406251e-07,1.5909568114715045e-07
15,10000,14,2.15092265625e-09,2.1509247461463282e-09
15,10000,15,9.3629476562499996e-09,9.362950027774321e-09
15,10000,16,4.6446535937500003e-08,4.6446537224804708e-08
15,10000,17,-4.3355013671875002e-09,4.3355138343920461e-09
15,10000,18,1.52707466796875e-08,1.5270744426815762e-08
15,10000,19,-4.63854212890625e-08,4.6385419164559741e-08
15,10000,20,1.9855106640624999e-08,1.985510625e-08
15,10000,21,-4.31210369140625e-08,4.3121037326009192e-08
15,10000,22,-1.2079638281249999e-08,1.20796373046875e-08
15,10000,23,2.9165694140624998e-08,2.9165694802694617e-08
15,10000,24,4.287005078125e-09,4.2870084404584427e-09
15,10000,25,3.3589410937499999e-08,3.3589409570312503e-08
15,10000,26,-6.6595942578124998e-08,6.6595940946387176e-08
15,10000,27,2.9451332421875e-08,2.9451331054687501e-08
15,10000,28,-2.1827222070312502e-08,2.182722354994464e-08
15,10000,29,-3.5980756445312502e-08,3.5980755928801049e-08
15,10000,30,7.2127559960937502e-08,7.2127559542352904e-08
15,10000,31,2.897584171875e-07,2.8975840452667143e-07
15,10000,32,2.2510603124999999e-08,2.2510602358047515e-08
15,10000,33,2.4778596875e-08,2.4778597127744755e-08
15,10000,34,1.2540692363281251e-07,1.2540692017251854e-07
15,10000,35,2.7484687304687499e-08,2.7484692966539074e-08
15,10000,36,2.9406005664062499e-08,2.9406004492187499e-08
15,10000,37,4.7502865039062498e-08,4.7502861960805914e-08
15,10000,38,3.2874936660156249e-07,3.2874935220268229e-07
15,10000,39,1.2570569980468749e-07,1.2570569550836448e-07
15,10000,40,-1.84922310546875e-08,1.8492231310037271e-08
15,10000,41,1.6015964433593751e-07,1.6015963633678996e-07
15,10000,42,3.1963177343749998e-08,3.1963175976562502e-08
15,10000,43,2.5012622656250001e-08,2.5012621679687499e-08
15,10000,44,8.0977949609374996e-08,8.0977955507309904e-08
15,10000,45,-1.6256498632812502e-08,1.6256497779896977e-08
15,10000,46,-2.112248203125e-08,2.1122482556862012e-08
15,10000,47,-6.1645428710937501e-08,6.1645428980029532e-08
15,10000,48,3.2776395117187503e-08,3.2776393750000001e-08
15,10000,49,-5.3537529296875001e-08,5.3537530098862279e-08
15,10000,50,3.9292827929687502e-08,3.9292828813015506e-08
15,10000,51,1.1071169140625e-08,1.10711697265625e-08
15,10000,52,3.4819458984375e-09,3.4819683615044995e-09
15,10000,53,-8.8950630859374993e-09,8.8950615947206515e-09
15,10000,54,8.1868439453124997e-09,8.1868408471141096e-09
15,10000,55,1.28387550390625e-07,1.2838754416129777e-07
15,10000,56,8.4200974609375006e-09,8.4200982421875001e-09
15,10000,57,1.0046612675781249e-07,1.0046612870348724e-07
15,10000,58,-1.2526936718750001e-08,1.2526941522658163e-08
15,10000,59,2.181901875e-08,2.1819019482767038e-08
15,10000,60,-6.9436943359374996e-09,6.9436961301436501e-09
15,10000,61,3.9478795117187501e-08,3.9478792046071431e-08
15,10000,62,-1.9625543749999999e-08,1.9625543195031242e-08
15,10000,63,1.7394024374999999e-07,1.7394023229198605e-07
15,10000,64,-8.9997312500000007e-09,8.9997312808714979e-09
15,10000,65,-1.235562734375e-08,1.2355630148627782e-08
15,10000,66,-3.2957099609374998e-09,3.2957121107178398e-09
15,10000,67,1.33968484375e-07,1.3396848325491997e-07
15,10000,68,2.370080078125e-09,2.3700886274032653e-09
15,10000,69,-3.0659433203124998e-08,3.0659432169541846e-08
15,10000,70,-2.5952333398437499e-08,2.5952332659966816e-08
15,10000,71,6.9051779296874999e-09,6.9051784465624659e-09
15,10000,72,2.17721498046875e-08,2.17721494140625e-08
15,10000,73,2.01426361328125e-08,2.01426359375e-08
15,10000,74,-1.63555341796875e-08,1.6355534722732065e-08
15,10000,75,-2.3178963281250001e-08,2.3178962961744419e-08
15,10000,76,-2.0892409179687499e-08,2.0892409053365343e-08
15,10000,77,3.0417948828124999e-08,3.041794765625e-08
15,10000,78,6.0818572656250005e-08,6.0818572966795114e-08
15,10000,79,-1.6755984570312501e-08,1.6755983468158216e-08
15,10000,80,3.8025478710937502e-08,3.8025479028438987e-08
15,10000,81,8.9043140820312502e-08,8.9043140274897214e-08
15,10000,82,-2.0844134765625e-09,2.0844115234375e-09
15,10000,83,7.8749857421874998e-09,7.8749853324762007e-09
15,10000,84,-4.22612291015625e-08,4.2261229349415967e-08
15,10000,85,1.6718438867187499e-08,1.6718438867187499e-08
15,10000,86,4.56920330078125e-08,4.5692035600616542e-08
15,10000,87,-1.8992406249999999e-09,1.8992435815889205e-09
15,10000,88,-1.6937249023437499e-08,1.6937251320329314e-08
15,10000,89,9.8833588671875002e-08,9.8833589687484552e-08
15,10000,90,3.1832048281250001e-07,3.18320456522261e-07
15,10000,91,-2.1233181250000001e-08,2.1233177792013236e-08
15,10000,92,-3.05190234375e-09,3.0519042505880091e-09
15,10000,93,8.9399994140624997e-09,8.9399991185174412e-09
15,10000,94,7.8432581445312498e-08,7.8432580664062498e-08
15,10000,95,-5.0109534375000002e-08,5.0109534401246734e-08
15,10000,96,-1.883496640625e-08,1.8834967062126514e-08
15,10000,97,-2.33139548828125e-08,2.3313955444598225e-08
15,10000,98,-1.8438098046874999e-08,1.8438098693407499e-08
15,10000,99,3.3999859179687503e-08,3.3999857481669961e-08
15,10000,0,5.0766779296875002e-08,5.0766780247679412e-08
15,10000,1,-6.7612499999999995e-11,6.7717761189468298e-11
15,10000,2,-3.9954474999999998e-08,3.9954474921062714e-08
15,10000,3,1.2412235644531251e-07,1.2412235355210768e-07
15,10000,4,-2.4326371093749998e-09,2.4326414597350423e-09
15,10000,5,-2.0023711328125001e-08,2.0023711160995422e-08
15,10000,6,-1.5230238476562499e-08,1.5230239371713571e-08
15,10000,7,6.8694604296875003e-08,6.8694605017458173e-08
15,10000,8,2.2325716406250001e-08,2.2325715951171876e-08
15,10000,9,5.2060276757812498e-08,5.2060277123763051e-08
15,10000,10,-4.49754904296875e-08,4.4975490825419824e-08
15,10000,11,2.3593164453125001e-08,2.3593163931640624e-08
15,10000,12,-4.9934435156250003e-08,4.9934436254843027e-08
15,10000,13,-2.1601664453124999e-08,2.1601664311164345e-08
15,10000,14,3.4142770507812501e-08,3.4142775341585651e-08
15,10000,15,-3.517295625e-08,3.5172955851188619e-08
15,10000,16,1.61771333203125e-07,1.6177133082605695e-07
15,10000,17,1.2011740585937499e-07,1.2011740042875086e-07
15,10000,18,4.1676600390625001e-08,4.1676598025390627e-08
15,10000,19,3.1465201171875e-09,3.1465292365085333e-09
15,10000,20,-2.9416907617187501e-08,2.9416907878353418e-08
15,10000,21,2.0685179687499999e-09,2.0685387413233051e-09
15,10000,22,3.1062904882812501e-07,3.1062903273725071e-07
15,10000,23,7.2526355468750003e-09,7.2526364804687499e-09
15,10000,24,-1.5371846093750001e-08,1.5371844820271501e-08
15,10000,25,-3.6971089843749999e-08,3.6971089172613442e-08
15,10000,26,5.826224375e-08,5.8262244925766844e-08
15,10000,27,7.0601276953124995e-08,7.0601276546555533e-08
15,10000,28,4.9776046875e-08,4.9776047124374434e-08
15,10000,29,6.6832804882812496e-08,6.6832800972922137e-08
15,10000,30,1.2973055859375001e-08,1.2973056980657476e-08
15,10000,31,6.7837889062500003e-08,6.7837886877406184e-08
15,10000,32,-2.6934693359375e-08,2.6934693577793169e-08
15,10000,33,8.2300664062499996e-08,8.2300664429505542e-08
15,10000,34,2.6707979296874999e-08,2.6707978359374999e-08
15,10000,35,1.0415664062499999e-08,1.0415666125434675e-08
15,10000,36,2.7285738281250001e-09,2.7285800357064325e-09
15,10000,37,-2.6008788671875001e-08,2.600878930108024e-08
15,10000,38,1.3425790234375001e-08,1.3425796224286599e-08
15,10000,39,-3.9256271484374998e-09,3.9256267667818668e-09
15,10000,40,-4.3566038476562501e-08,4.3566037186040884e-08
15,10000,41,7.5127142578125008e-09,7.5127162009171246e-09
15,10000,42,2.2414838085937502e-08,2.2414837646484374e-08
15,10000,43,-1.760772625e-07,1.7607725720051859e-07
15,10000,44,-3.4296940234375003e-08,3.4296942156947841e-08
15,10000,45,1.855169921875e-09,1.8551754700115918e-09
15,10000,46,-2.2787198437499999e-08,2.2787199837453979e-08
15,10000,47,-3.6999422070312498e-08,3.6999421908062324e-08
15,10000,48,-2.18363337890625e-08,2.1836333329163175e-08
15,10000,49,-4.4350429687499999e-10,4.4350410624082598e-10
15,10000,50,-1.5718696289062499e-08,1.5718695295307723e-08
15,10000,51,1.1511058046874999e-07,1.1511057453416115e-07
15,10000,52,7.0248795117187505e-08,7.0248790043619949e-08
15,10000,53,1.1332434570312501e-08,1.1332434437762762e-08
15,10000,54,4.1558219140625e-08,4.1558211416682425e-08
15,10000,55,-1.08207818359375e-08,1.0820779612614576e-08
15,10000,56,1.1420233554687499e-07,1.1420233549995567e-07
15,10000,57,-1.127402734375e-08,1.127403386607899e-08
15,10000,58,-4.53903623046875e-08,4.5390361366446561e-08
15,10000,59,5.4545850390625002e-08,5.4545850712075362e-08
15,10000,60,2.1184033828124999e-07,2.1184032873773504e-07
15,10000,61,-1.26013298828125e-08,1.2601332816440173e-08
15,10000,62,2.3570985937499998e-08,2.3570985332031252e-08
15,10000,63,1.6086165820312499e-07,1.6086165169661777e-07
15,10000,64,-2.9932539062499999e-09,2.9932593117435355e-09
15,10000,65,1.5041518515624999e-07,1.5041518313110756e-07
15,10000,66,-4.9733353515624998e-09,4.9733368974069922e-09
15,10000,67,2.0677427539062499e-08,2.0677428250542573e-08
15,10000,68,9.1088762304687505e-08,9.1088766621031389e-08
15,10000,69,1.9996059570312499e-08,1.9996061412007081e-08
15,10000,70,3.0564271289062499e-08,3.0564271862498993e-08
15,10000,71,-1.27757193359375e-08,1.2775718389877577e-08
15,10000,72,-1.5583893945312501e-08,1.5583894892612407e-08
15,10000,73,3.2441306347656252e-07,3.2441304130319189e-07
15,10000,74,6.8198265625000004e-09,6.8198286069539899e-09
15,10000,75,3.6019117187500001e-09,3.6019192453337994e-09
15,10000,76,-2.3146740625000001e-08,2.3146742054617484e-08
15,10000,77,3.4871385937499999e-08,3.4871385248721883e-08
15,10000,78,2.1572303320312501e-08,2.157230092494448e-08
15,10000,79,7.9359132617187505e-08,7.9359133066850589e-08
15,10000,80,-2.87143896484375e-08,2.8714389281470782e-08
15,10000,81,1.186067677734375e-07,1.1860676043007476e-07
15,10000,82,-9.1778324218750004e-09,9.1778302055800545e-09
15,10000,83,3.6349894335937499e-08,3.6349893833063316e-08
15,10000,84,2.5532681640624999e-08,2.553268087109375e-08
15,10000,85,1.12980328125e-08,1.1298034394864829e-08
15,10000,86,6.5508063281249995e-08,6.5508064615425804e-08
15,10000,87,2.5126953320312499e-08,2.5126952915282761e-08
15,10000,88,-1.21045283203125e-08,1.2104532687947513e-08
15,10000,89,3.5289806640624999e-08,3.528980489453125e-08
15,10000,90,-8.7301674609375002e-08,8.7301672201050812e-08
15,10000,91,1.9736827734374999e-08,1.9736828794534558e-08
15,10000,92,1.8922478515624999e-08,1.8922478330078124e-08
15,10000,93,-1.4731177929687501e-08,1.4731177135915284e-08
15,10000,94,-2.8299401562500002e-08,2.8299401685037843e-08
15,10000,95,-2.0650890234375001e-08,2.0650891017578126e-08
15,10000,96,-1.59439189453125e-08,1.5943919384889387e-08
15,10000,97,-6.8491202734375004e-08,6.8491205337237979e-08
15,10000,98,1.247440912109375e-07,1.2474408039446567e-07
15,10000,99,-5.7441619140625001e-09,5.7441629153671685e-09
15,100000000,0,-1.6444306239999999e-08,1.6444306240000012e-08
15,100000000,1,9.9117704159999997e-08,9.9117704159999997e-08
15,100000000,2,1.4459214271999999e-07,1.4459214255999999e-07
15,100000000,3,-9.2930033599999993e-09,9.2930033599999993e-09
15,100000000,4,1.3193238272e-07,1.3193238288e-07
15,100000000,5,-2.334463648e-08,2.334463648e-08
15,100000000,6,6.0641656160000002e-08,6.0641656160000015e-08
15,100000000,7,8.1085784e-08,8.1085784e-08
15,100000000,8,-2.7467808e-08,2.7467808160000001e-08
15,100000000,9,4.3561679040000003e-08,4.3561678880000019e-08
15,100000000,10,1.38751072e-08,1.38751072e-08
15,100000000,11,-1.9985534240000001e-08,1.9985534240000001e-08
15,100000000,12,5.6878899200000004e-09,5.6878899200000467e-09
15,100000000,13,1.6108535679999998e-08,1.6108535679999998e-08
15,100000000,14,1.820525856e-08,1.820525856e-08
15,100000000,15,7.220609248e-08,7.2206092320000002e-08
15,100000000,16,7.6476478399999996e-09,7.6476478399999996e-09
15,100000000,17,8.9860062399999999e-09,8.9860062400000148e-09
15,100000000,18,5.7495192639999998e-08,5.7495192639999998e-08
15,100000000,19,1.1297989184e-07,1.1297989184e-07
15,100000000,20,5.0580176000000003e-09,5.0580176000001583e-09
15,100000000,21,5.7377743999999999e-09,5.7377742400000099e-09
15,100000000,22,6.1302753119999998e-08,6.1302753119999998e-08
15,100000000,23,5.6791125711999997e-07,5.6791125728000004e-07
15,100000000,24,-2.4994644639999998e-08,2.4994644639999998e-08
15,100000000,25,-5.1358147199999998e-09,5.1358145600001323e-09
15,100000000,26,-9.2052704000000005e-09,9.2052705600000095e-09
15,100000000,27,-1.0187864e-08,1.0187864160000027e-08
15,100000000,28,4.6334704000000003e-08,4.6334704000000003e-08
15,100000000,29,-9.9948651520000007e-08,9.9948651520000007e-08
15,100000000,30,1.13137984e-08,1.1313798560000001e-08
15,100000000,31,3.5622762560000002e-08,3.5622762399999998e-08
15,100000000,32,-2.2432897920000002e-08,2.2432897920000002e-08
15,100000000,33,7.8834882560000004e-08,7.8834882720000001e-08
15,100000000,34,-2.5725041919999999e-08,2.5725041760000001e-08
15,100000000,35,-2.2700357120000001e-08,2.2700357120000021e-08
15,100000000,36,1.6142973392000001e-07,1.6142973408000001e-07
15,100000000,37,-3.0124342719999997e-08,3.0124342560000006e-08
15,100000000,38,-1.4075484687999999e-07,1.4075484688000001e-07
15,100000000,39,1.9572999999999999e-08,1.9572999999999999e-08
15,100000000,40,9.8071743839999993e-08,9.8071744000000004e-08
15,100000000,41,-3.8653772480000002e-08,3.8653772319999998e-08
15,100000000,42,-1.89634816e-09,1.8963481600000294e-09
15,100000000,43,2.4899894079999999e-08,2.4899894080000019e-08
15,100000000,44,6.964985184e-08,6.9649851680000003e-08
15,100000000,45,4.4031868799999998e-08,4.4031868960000009e-08
15,100000000,46,-1.1278349600000001e-08,1.127834960000004e-08
15,100000000,47,-1.021662128e-08,1.021662128000001e-08
15,100000000,48,2.1840420479999999e-08,2.1840420320000005e-08
15,100000000,49,-1.3233874399999999e-08,1.3233874400000017e-08
15,100000000,50,5.9773454399999998e-09,5.9773454399999998e-09
15,100000000,51,1.7175597391999999e-07,1.7175597376e-07
15,100000000,52,2.1775638480000001e-07,2.1775638480000001e-07
15,100000000,53,7.0779668800000003e-08,7.077966896e-08
15,100000000,54,-9.490248528e-08,9.490248528e-08
15,100000000,55,-9.2111046400000002e-09,9.2111048000000042e-09
15,100000000,56,-1.7130170560000001e-08,1.7130170720000008e-08
15,100000000,57,4.6303985600000003e-09,4.6303985600000242e-09
15,100000000,58,8.9983086879999996e-07,8.9983086896000004e-07
15,100000000,59,3.722433136e-08,3.7224331360000007e-08
15,100000000,60,7.2138319040000006e-08,7.2138318879999995e-08
15,100000000,61,1.1145850752e-07,1.1145850752e-07
15,100000000,62,-3.7668160000000002e-11,3.7668000002947387e-11
15,100000000,63,-1.22298352e-08,1.2229835360000005e-08
15,100000000,64,-6.1501840479999998e-08,6.1501840639999995e-08
15,100000000,65,-6.9374833120000005e-08,6.9374833120000005e-08
15,100000000,66,-2.7328825279999999e-08,2.7328825279999999e-08
15,100000000,67,-7.6373291679999997e-08,7.6373291839999995e-08
15,100000000,68,-8.8482643200000004e-09,8.8482643200000004e-09
15,100000000,69,7.6108579200000002e-09,7.610857760000059e-09
15,100000000,70,2.1690526720000001e-08,2.1690526720000001e-08
15,100000000,71,3.3764434719999998e-08,3.3764434719999998e-08
15,100000000,72,-1.1484618464e-07,1.1484618448000001e-07
15,100000000,73,4.8397302080000002e-08,4.839730224e-08
15,100000000,74,1.5604968320000001e-08,1.5604968480000002e-08
15,100000000,75,3.3323767679999999e-08,3.3323767520000008e-08
15,100000000,76,2.0082387200000002e-09,2.0082387200000291e-09
15,100000000,77,-2.052314672e-08,2.0523146560000002e-08
15,100000000,78,-2.42197064e-08,2.4219706560000001e-08
15,100000000,79,1.8286262879999999e-08,1.8286262720000001e-08
15,100000000,80,1.0058637504e-07,1.0058637504e-07
15,100000000,81,-1.327786736e-08,1.3277867360000003e-08
15,100000000,82,-1.159794672e-07,1.1597946704e-07
15,100000000,83,-8.3992323200000006e-09,8.3992321600000032e-09
15,100000000,84,-4.0633918399999999e-08,4.0633918400000012e-08
15,100000000,85,2.0937411039999999e-08,2.0937411039999999e-08
15,100000000,86,-3.3325844479999999e-08,3.3325844480000005e-08
15,100000000,87,1.5491712959999999e-08,1.549171312e-08
15,100000000,88,-3.1346276480000002e-08,3.1346276320000005e-08
15,100000000,89,9.5347879679999995e-08,9.5347879519999997e-08
15,100000000,90,-1.4735430704000001e-07,1.4735430704000003e-07
15,100000000,91,-8.7940475200000008e-09,8.7940475200000124e-09
15,100000000,92,1.166817264e-08,1.166817264000005e-08
15,100000000,93,-2.1268039840000001e-08,2.1268039840000011e-08
15,100000000,94,-2.171370336e-08,2.1713703360000004e-08
15,100000000,95,3.6747331360000002e-08,3.6747331360000008e-08
15,100000000,96,-2.344736e-08,2.3447359840000006e-08
15,100000000,97,1.5712719888e-07,1.5712719872000001e-07
15,100000000,98,1.4474534192e-07,1.4474534192e-07
15,100000000,99,4.5406842879999999e-08,4.5406843040000003e-08
15,100000000,0,-6.9041710400000002e-09,6.9041710400000027e-09
15,100000000,1,2.1595124639999999e-08,2.1595124480000001e-08
15,100000000,2,1.222291952e-08,1.2222919520000023e-08
15,100000000,3,7.3427730560000005e-08,7.3427730560000005e-08
15,100000000,4,9.1136241919999995e-08,9.1136241919999995e-08
15,100000000,5,1.444784416e-08,1.444784416e-08
15,100000000,6,-1.0501255840000001e-08,1.0501256000000005e-08
15,100000000,7,7.7206579839999999e-08,7.7206579999999996e-08
15,100000000,8,5.0290390400000001e-09,5.0290388800000441e-09
15,100000000,9,4.127739152e-08,4.127739152e-08
15,100000000,10,7.6879283839999997e-08,7.687928368e-08
15,100000000,11,-1.57012e-10,1.5701200000070708e-10
15,100000000,12,6.1603651520000003e-08,6.1603651360000006e-08
15,100000000,13,-3.5947279040000003e-08,3.5947278879999999e-08
15,100000000,14,2.321931552e-08,2.3219315680000001e-08
15,100000000,15,7.1733871999999998e-08,7.1733871840000027e-08
15,100000000,16,-4.5590044159999998e-08,4.5590044159999998e-08
15,100000000,17,-1.8414390560000001e-08,1.8414390560000008e-08
15,100000000,18,1.4800155968e-07,1.4800155968e-07
15,100000000,19,-1.86238656e-09,1.8623865600000718e-09
15,100000000,20,-8.9196767999999993e-09,8.9196766400000053e-09
15,100000000,21,-9.6031716800000005e-09,9.6031718400000029e-09
15,100000000,22,2.0095097279999999e-08,2.0095097120000001e-08
15,100000000,23,3.19450224e-08,3.1945022400000006e-08
15,100000000,24,-3.1259327999999998e-09,3.125932800000047e-09
15,100000000,25,1.8620009599999999e-09,1.8620009600000303e-09
15,100000000,26,3.5750825599999998e-08,3.5750825599999998e-08
15,100000000,27,1.9556083632e-07,1.9556083632e-07
15,100000000,28,1.94394488e-08,1.94394488e-08
15,100000000,29,7.3189285920000001e-08,7.3189286080000012e-08
15,100000000,30,1.620374512e-08,1.620374512e-08
15,100000000,31,-3.3489751680000003e-08,3.3489751680000003e-08
15,100000000,32,2.5973592319999999e-08,2.5973592320000005e-08
15,100000000,33,-6.4305933919999994e-08,6.4305933919999994e-08
15,100000000,34,1.6408768479999999e-08,1.6408768479999999e-08
15,100000000,35,3.3106436799999999e-09,3.3106435200000377e-09
15,100000000,36,-4.206960512e-08,4.2069605120000007e-08
15,100000000,37,3.1405009440000001e-08,3.1405009440000001e-08
15,100000000,38,-5.5974475839999998e-08,5.5974475839999998e-08
15,100000000,39,3.1503930240000002e-08,3.1503930240000009e-08
15,100000000,40,-2.5703757440000001e-08,2.570375728e-08
15,100000000,41,6.3320147200000003e-09,6.3320148800000109e-09
15,100000000,42,9.7710135999999996e-09,9.7710136000000046e-09
15,100000000,43,1.9993938016e-07,1.9993938032e-07
15,100000000,44,1.083312512e-08,1.083312512e-08
15,100000000,45,-2.8976108639999998e-08,2.8976108480000004e-08
15,100000000,46,6.6005259200000004e-08,6.6005259360000002e-08
15,100000000,47,8.5562650560000002e-08,8.5562650720000012e-08
15,100000000,48,-1.63610976e-09,1.63610976e-09
15,100000000,49,5.2536531200000004e-07,5.2536531216000001e-07
15,100000000,50,-5.3058668799999998e-09,5.3058668800000039e-09
15,100000000,51,1.6379079632000001e-07,1.6379079648000001e-07
15,100000000,52,4.599541616e-08,4.599541616e-08
15,100000000,53,1.3321291999999999e-08,1.3321292000000021e-08
15,100000000,54,3.67151904e-09,3.6715190400000133e-09
15,100000000,55,1.28870464e-08,1.28870464e-08
15,100000000,56,2.6827852479999998e-08,2.6827852479999998e-08
15,100000000,57,-2.6651903840000001e-08,2.6651903840000004e-08
15,100000000,58,1.356393136e-08,1.3563931360000005e-08
15,100000000,59,-2.601673536e-08,2.6016735520000004e-08
15,100000000,60,-8.1132393600000005e-09,8.1132392000000014e-09
15,100000000,61,-2.8813452320000001e-08,2.8813452639999999e-08
15,100000000,62,-2.9925801599999999e-09,2.9925803200000085e-09
15,100000000,63,9.1648395839999998e-08,9.1648395839999998e-08
15,100000000,64,1.8431291456e-07,1.8431291456e-07
15,100000000,65,6.2211737599999997e-09,6.2211737599999997e-09
15,100000000,66,-1.8022363200000001e-08,1.8022363200000001e-08
15,100000000,67,-3.5153871999999999e-10,3.5153856000012041e-10
15,100000000,68,-7.7914873600000006e-09,7.7914873600000701e-09
15,100000000,69,3.7017393264e-07,3.7017393264e-07
15,100000000,70,2.5744485119999999e-08,2.5744485119999999e-08
15,100000000,71,8.6392378399999998e-08,8.6392378399999998e-08
15,100000000,72,2.9451374000000002e-07,2.9451374000000002e-07
15,100000000,73,-3.8868672480000002e-08,3.8868672480000016e-08
15,100000000,74,-2.7405770719999998e-08,2.7405770719999998e-08
15,100000000,75,9.7405963199999994e-09,9.7405963200000258e-09
15,100000000,76,1.4979762880000002e-08,1.4979763040000026e-08
15,100000000,77,1.0512370976000001e-07,1.0512370976000001e-07
15,100000000,78,1.3070808352e-07,1.3070808368e-07
15,100000000,79,8.6335839999999995e-09,8.6335838400000004e-09
15,100000000,80,1.171510304e-08,1.171510304e-08
15,100000000,81,-4.8349971200000004e-09,4.8349971200000202e-09
15,100000000,82,-4.9817558399999996e-09,4.9817560000000111e-09
15,100000000,83,1.416870336e-07,1.4168703344e-07
15,100000000,84,-1.017558016e-08,1.0175580000000003e-08
15,100000000,85,6.1935460000000006e-08,6.1935460000000006e-08
15,100000000,86,4.39121312e-09,4.3912129600000034e-09
15,100000000,87,1.391277616e-07,1.3912776176e-07
15,100000000,88,3.0287253920000001e-08,3.0287253920000028e-08
15,100000000,89,-1.5022576848000001e-07,1.5022576848000001e-07
15,100000000,90,2.495322752e-08,2.495322752e-08
15,100000000,91,1.7022871200000002e-08,1.7022871200000002e-08
15,100000000,92,6.3577225920000001e-08,6.3577225600000007e-08
15,100000000,93,2.0077482560000001e-08,2.0077482560000004e-08
15,100000000,94,1.5761145600000001e-08,1.5761145600000001e-08
15,100000000,95,-9.2099404800000006e-09,9.2099403200000198e-09
15,100000000,96,3.7577383039999999e-08,3.7577382880000021e-08
15,100000000,97,-1.016323744e-08,1.0163237600000018e-08
15,100000000,98,-4.0083227839999998e-08,4.0083227839999998e-08
15,100000000,99,-5.1980825600000001e-09,5.1980825600000026e-09
15,100000000,0,1.6122958079999999e-07,1.6122958074400003e-07
15,100000000,1,6.4962492960000005e-08,6.4962493078400018e-08
15,100000000,2,-3.0634653440000001e-08,3.0634653353600013e-08
15,100000000,3,-1.2858114239999999e-08,1.2858114096000001e-08
15,100000000,4,7.4208534399999997e-09,7.4208533760000001e-09
15,100000000,5,-1.34883872e-09,1.3488386176000721e-09
15,100000000,6,1.2484804847999999e-07,1.2484804854079999e-07
15,100000000,7,6.2179542719999999e-08,6.217954287520002e-08
15,100000000,8,4.6404649599999998e-08,4.6404649728000004e-08
15,100000000,9,1.9089500800000001e-09,1.9089499904001845e-09
15,100000000,10,-1.28037832e-08,1.2803783369600031e-08
15,100000000,11,-1.462991104e-08,1.4629910899200001e-08
15,100000000,12,2.5581554560000001e-08,2.5581554603200002e-08
15,100000000,13,7.0883007519999997e-08,7.0883007606400005e-08
15,100000000,14,3.6217876800000001e-08,3.6217876961600004e-08
15,100000000,15,9.9950800160000006e-08,9.9950800075200004e-08
15,100000000,16,1.6279868640000001e-08,1.6279868571200002e-08
15,100000000,17,-5.4943955840000001e-08,5.494395597280001e-08
15,100000000,18,-5.4585777279999997e-08,5.4585777292800008e-08
15,100000000,19,1.6445030080000001e-08,1.6445030180799999e-08
15,100000000,20,1.1966350944e-07,1.196635094176e-07
15,100000000,21,-2.4513784959999999e-08,2.4513784800000005e-08
15,100000000,22,6.4744540480000006e-08,6.4744540326400018e-08
15,100000000,23,-1.1867811039999999e-08,1.1867811049600005e-08
15,100000000,24,-1.7288705599999999e-08,1.7288705616000008e-08
15,100000000,25,-6.9941553600000002e-09,6.9941552576000473e-09
15,100000000,26,1.0109457823999999e-07,1.010945785136e-07
15,100000000,27,-3.936334016e-08,3.9363339968000004e-08
15,100000000,28,1.0383779839999999e-08,1.0383779833600007e-08
15,100000000,29,-3.4765363199999998e-09,3.4765362624000202e-09
15,100000000,30,2.8302236160000001e-08,2.8302236052800001e-08
15,100000000,31,2.0197951839999999e-07,2.019795185184e-07
15,100000000,32,7.5095176959999999e-08,7.5095176969600006e-08
15,100000000,33,2.7198351039999999e-08,2.7198351180799999e-08
15,100000000,34,3.1052919839999997e-08,3.1052919819199998e-08
15,100000000,35,-4.5098360000000002e-09,4.5098360416000092e-09
15,100000000,36,1.3655869440000001e-08,1.3655869465600002e-08
15,100000000,37,9.2760118879999995e-08,9.276011892160002e-08
15,100000000,38,1.5202420752000001e-07,1.5202420735199999e-07
15,100000000,39,-1.455145392e-08,1.4551454017600004e-08
15,100000000,40,7.1169484799999998e-09,7.1169486384000007e-09
15,100000000,41,-1.8063481599999999e-09,1.8063480928001499e-09
15,100000000,42,3.750240176e-08,3.7502401795200003e-08
15,100000000,43,5.095567472e-08,5.0955674947200005e-08
15,100000000,44,1.43429092e-07,1.4342909219520001e-07
15,100000000,45,6.7604902080000003e-08,6.7604902203200005e-08
15,100000000,46,-2.343378688e-08,2.3433786622400016e-08
15,100000000,47,1.039996128e-08,1.03999614144e-08
15,100000000,48,3.158574688e-08,3.1585746947200001e-08
15,100000000,49,4.6544331039999999e-08,4.654433117920003e-08
15,100000000,50,7.4823239839999994e-08,7.4823239904000004e-08
15,100000000,51,3.6186557280000002e-08,3.6186557260800015e-08
15,100000000,52,1.325319888e-08,1.3253198988800013e-08
15,100000000,53,-5.5434490239999999e-08,5.5434490147200002e-08
15,100000000,54,1.5563441904000001e-07,1.5563441902879998e-07
15,100000000,55,-1.94042208e-08,1.9404220809600001e-08
15,100000000,56,-1.0469340544e-07,1.0469340548159999e-07
15,100000000,57,3.452282896e-08,3.4522829009599999e-08
15,100000000,58,-7.33315072e-09,7.3331506464000383e-09
15,100000000,59,2.0496507151999999e-07,2.049650715552e-07
15,100000000,60,-2.006749472e-08,2.0067494689600001e-08
15,100000000,61,1.2317104000000001e-10,1.2317125280176704e-10
15,100000000,62,1.3121518896000001e-07,1.3121518900800001e-07
15,100000000,63,3.8064917775999998e-07,3.8064917784320001e-07
15,100000000,64,-2.0448408639999999e-08,2.0448408379200004e-08
15,100000000,65,1.2300279679999999e-08,1.23002797664e-08
15,100000000,66,1.718638496e-08,1.7186384961600002e-08
15,100000000,67,2.3518409696000001e-07,2.3518409697920003e-07
15,100000000,68,1.1308680304e-07,1.1308680302080002e-07
15,100000000,69,8.3914702560000002e-08,8.391470262720001e-08
15,100000000,70,-8.9672966399999998e-09,8.9672965616000033e-09
15,100000000,71,3.2402580959999998e-08,3.2402580985600001e-08
15,100000000,72,-1.8054089439999999e-08,1.8054089452800003e-08
15,100000000,73,7.462261776e-08,7.46226177408e-08
15,100000000,74,2.4726440319999999e-08,2.4726440233600001e-08
15,100000000,75,2.010705888e-08,2.0107058947200001e-08
15,100000000,76,5.1185001504000004e-07,5.1185001504319992e-07
15,100000000,77,1.0442688e-10,1.0442694720308929e-10
15,100000000,78,7.0108334399999999e-09,7.0108333920000209e-09
15,100000000,79,-7.7824715199999992e-09,7.7824712256000053e-09
15,100000000,80,-6.0664736800000003e-08,6.0664736766400006e-08
15,100000000,81,2.05480224e-09,2.0548022496000535e-09
15,100000000,82,2.9394273920000001e-08,2.93942740144e-08
15,100000000,83,4.2408830399999998e-09,4.240883136000034e-09
15,100000000,84,5.45252944e-09,5.4525294432000003e-09
15,100000000,85,5.2177813440000002e-08,5.2177813484800005e-08
15,100000000,86,7.62439048e-08,7.6243904790399994e-08
15,100000000,87,4.747260464e-08,4.7472604713599996e-08
15,100000000,88,-4.4798490559999997e-08,4.4798490609600009e-08
15,100000000,89,-3.6105442079999999e-08,3.6105441995199997e-08
15,100000000,90,9.4229816000000002e-09,9.4229816448000062e-09
15,100000000,91,9.8723302399999994e-09,9.8723303520000012e-09
15,100000000,92,3.2491561280000002e-08,3.2491561180799996e-08
15,100000000,93,5.3022506079999998e-08,5.3022506086400007e-08
15,100000000,94,6.36044112e-09,6.3604411568000173e-09
15,100000000,95,-2.2260797119999999e-08,2.2260796972800003e-08
15,100000000,96,8.7133302399999994e-08,8.7133302388800008e-08
15,100000000,97,3.9515550719999998e-08,3.9515550910400002e-08
15,100000000,98,2.6468982799999998e-07,2.6468982800159997e-07
15,100000000,99,5.4027712000000001e-10,5.4027709280024086e-10
15,1000000000000,0,1.4092561022976e-08,1.4092560891903999e-08
15,1000000000000,1,2.1361972477952e-08,2.1361972477952e-08
15,1000000000000,2,-1.0655783452671999e-08,1.0655783452671999e-08
15,1000000000000,3,1.91512188157952e-07,1.91512188157952e-07
15,1000000000000,4,-8.36879122432e-09,8.36879122432e-09
15,1000000000000,5,-1.26491164672e-10,1.26491164672e-10
15,1000000000000,6,-1.3729168359423999e-08,1.3729168621568001e-08
15,1000000000000,7,3.183430991872e-09,3.183430991872e-09
15,1000000000000,8,-6.3659548475392004e-08,6.3659548475392004e-08
15,1000000000000,9,4.3358964023296e-08,4.3358963892223997e-08
15,1000000000000,10,-2.6843326709760001e-08,2.6843326709760001e-08
15,1000000000000,11,6.3424392069119998e-08,6.3424392069119998e-08
15,1000000000000,12,5.346492678144e-09,5.346492678144e-09
15,1000000000000,13,1.9574761848832e-08,1.9574761848832e-08
15,1000000000000,14,1.7854344069119999e-08,1.7854343938048e-08
15,1000000000000,15,-1.134954938368e-08,1.134954938368e-08
15,1000000000000,16,9.1361817395199996e-08,9.1361817395199996e-08
15,1000000000000,17,-1.402817347584e-08,1.402817347584e-08
15,1000000000000,18,-2.439445020672e-08,2.439445020672e-08
15,1000000000000,19,-1.5865391742976001e-08,1.5865391742976001e-08
15,1000000000000,20,4.0239477948415999e-08,4.0239477948415999e-08
15,1000000000000,21,-2.8526240989183999e-08,2.8526240989183999e-08
15,1000000000000,22,-2.6709486993408e-08,2.6709487124479999e-08
15,1000000000000,23,7.8799931965439993e-09,7.8799931965439993e-09
15,1000000000000,24,9.1036117893120006e-08,9.1036117762047997e-08
15,1000000000000,25,-1.3750960783360001e-08,1.3750960783360001e-08
15,1000000000000,26,2.3075240017920001e-08,2.3075240017920001e-08
15,1000000000000,27,-1.6141628473344001e-08,1.6141628473344001e-08
15,1000000000000,28,-2.3961163792384e-08,2.3961164054527999e-08
15,1000000000000,29,9.8774665265152003e-08,9.8774665265152003e-08
15,1000000000000,30,-1.4974072389632001e-08,1.4974072389632001e-08
15,1000000000000,31,3.9488095256575997e-08,3.9488095256575997e-08
15,1000000000000,32,7.9749294456832003e-08,7.9749294456832003e-08
15,1000000000000,33,1.4790502383616001e-08,1.4790502383616001e-08
15,1000000000000,34,1.8471303669350401e-07,1.8471303669350401e-07
15,1000000000000,35,-6.8102335758336006e-08,6.8102335758336006e-08
15,1000000000000,36,-3.5592113750016002e-08,3.5592113750016002e-08
15,1000000000000,37,7.3599403425792003e-08,7.3599403425792003e-08
15,1000000000000,38,1.5213355859968e-08,1.5213355859968e-08
15,1000000000000,39,6.0584527659008005e-08,6.0584527659008005e-08
15,1000000000000,40,-4.0330686365695998e-08,4.0330686365695998e-08
15,1000000000000,41,9.1838362812416002e-08,9.1838362812416002e-08
15,1000000000000,42,-1.5796636483583999e-08,1.5796636483583999e-08
15,1000000000000,43,-4.2807592747008002e-08,4.2807592747008002e-08
15,1000000000000,44,3.6452311498752002e-08,3.645231136768e-08
15,1000000000000,45,-1.9013291999231999e-08,1.9013292130303998e-08
15,1000000000000,46,-1.7189235326976001e-08,1.7189235326976001e-08
15,1000000000000,47,3.7685488386047997e-08,3.7685488386047997e-08
15,1000000000000,48,2.1630667718655998e-08,2.1630667718655998e-08
15,1000000000000,49,1.38937120587776e-07,1.38937120587776e-07
15,1000000000000,50,2.0074321281024e-08,2.0074321281024e-08
15,1000000000000,51,1.3425950523392e-07,1.3425950523392e-07
15,1000000000000,52,8.3643540176896005e-08,8.3643540176896005e-08
15,1000000000000,53,-1.0277386715136e-08,1.0277386846208001e-08
15,1000000000000,54,-1.4900777582592e-08,1.4900777582592e-08
15,1000000000000,55,2.6026884359782402e-07,2.6026884359782402e-07
15,1000000000000,56,1.5481164660735999e-08,1.5481164660735999e-08
15,1000000000000,57,1.4939901657088001e-08,1.4939901394943999e-08
15,1000000000000,58,1.9182804008959998e-09,1.9182802698239998e-09
15,1000000000000,59,-9.6266970726400005e-09,9.6266970726400005e-09
15,1000000000000,60,1.6773971469926401e-07,1.6773971469926401e-07
15,1000000000000,61,9.8904577146879995e-09,9.8904577146879995e-09
15,1000000000000,62,6.9181851566079999e-09,6.9181851566079999e-09
15,1000000000000,63,-1.8264981504e-09,1.8264981504e-09
15,1000000000000,64,6.0492941885439997e-09,6.0492941885439997e-09
15,1000000000000,65,4.9454417182720003e-09,4.9454417182720003e-09
15,1000000000000,66,-1.9407150252032001e-08,1.9407150383104e-08
15,1000000000000,67,-1.2748749537279999e-09,1.2748749537279999e-09
15,1000000000000,68,7.2118017327104e-08,7.2118017196032005e-08
15,1000000000000,69,-3.2006434979839999e-08,3.2006435110912001e-08
15,1000000000000,70,4.6763212537856003e-08,4.6763212537856003e-08
15,1000000000000,71,1.8297890275328001e-08,1.8297890013183999e-08
15,1000000000000,72,-1.2403653214208e-08,1.2403653214208e-08
15,1000000000000,73,1.2879253051801599e-07,1.2879253051801599e-07
15,1000000000000,74,1.5510687252479999e-07,1.5510687252479999e-07
15,1000000000000,75,1.61081793314816e-07,1.61081793314816e-07
15,1000000000000,76,-3.7244351414271998e-08,3.7244351414271998e-08
15,1000000000000,77,1.1841565491199999e-08,1.1841565491199999e-08
15,1000000000000,78,1.1412739339059199e-07,1.1412739339059199e-07
15,1000000000000,79,-1.8128970055679999e-08,1.8128970055679999e-08
15,1000000000000,80,-4.9207223255039998e-09,4.9207223255039998e-09
15,1000000000000,81,6.9133018857472006e-08,6.9133018857472006e-08
15,1000000000000,82,1.3284523900928001e-08,1.3284523900928001e-08
15,1000000000000,83,-1.82894198784e-08,1.82894198784e-08
15,1000000000000,84,8.2745501941759998e-08,8.2745501810688003e-08
15,1000000000000,85,5.3886491033600003e-09,5.3886491033600003e-09
15,1000000000000,86,7.739853504512e-08,7.739853504512e-08
15,1000000000000,87,-9.1671744741376003e-08,9.1671744741376003e-08
15,1000000000000,88,1.3891197468672e-08,1.3891197468672e-08
15,1000000000000,89,2.9783513497600001e-08,2.9783513497600001e-08
15,1000000000000,90,4.6400838041599999e-10,4.6400838041599999e-10
15,1000000000000,91,2.9136265150464e-08,2.9136265019392001e-08
15,1000000000000,92,1.3235464110080001e-07,1.3235464110080001e-07
15,1000000000000,93,6.3811472850943996e-08,6.3811472850943996e-08
15,1000000000000,94,5.3831727054848001e-08,5.3831727054848001e-08
15,1000000000000,95,2.1903290007552001e-08,2.1903290007552001e-08
15,1000000000000,96,1.9706220118016001e-08,1.9706220118016001e-08
15,1000000000000,97,2.9418864246783999e-08,2.9418864115712e-08
15,1000000000000,98,-5.0460022276095998e-08,5.0460022276095998e-08
15,1000000000000,99,-1.4609984651264001e-08,1.4609984651264001e-08
15,1000000000000,0,3.8692285054976e-08,3.8692284923903997e-08
15,1000000000000,1,-5.1128911790079999e-09,5.1128911790079999e-09
15,1000000000000,2,-2.7514874101759999e-09,2.7514875412479998e-09
15,1000000000000,3,5.5573712732159999e-08,5.5573712732159999e-08
15,1000000000000,4,-1.17319041024e-08,1.17319041024e-08
15,1000000000000,5,2.2567549927424e-08,2.2567549665280001e-08
15,1000000000000,6,-6.1245621534720001e-09,6.1245621534720001e-09
15,1000000000000,7,3.8056625963008001e-08,3.8056625963008001e-08
15,1000000000000,8,-2.4595592642559999e-09,2.4595592642559999e-09
15,1000000000000,9,1.8891836751872e-08,1.8891836751872e-08
15,1000000000000,10,-4.1772831473664002e-08,4.1772831604735998e-08
15,1000000000000,11,3.7951825877401599e-07,3.7951825877401599e-07
15,1000000000000,12,8.439868882944e-08,8.439868882944e-08
15,1000000000000,13,-1.8239756173311998e-08,1.8239756173311998e-08
15,1000000000000,14,5.1566673657855999e-08,5.1566673657855999e-08
15,1000000000000,15,9.7570684927999995e-09,9.7570684927999995e-09
15,1000000000000,16,2.7143583301632e-08,2.7143583301632e-08
15,1000000000000,17,4.7097623740416002e-08,4.7097623740416002e-08
15,1000000000000,18,-1.350830129152e-08,1.350830129152e-08
15,1000000000000,19,5.057468432384e-09,5.057468432384e-09
15,1000000000000,20,8.8718247198720001e-08,8.8718247198720001e-08
15,1000000000000,21,1.49872142712832e-07,1.49872142712832e-07
15,1000000000000,22,2.1654709993472e-07,2.1654709993472e-07
15,1000000000000,23,4.0301031194624001e-07,4.0301031194624001e-07
15,1000000000000,24,5.7469000613887999e-08,5.7469000613887999e-08
15,1000000000000,25,1.8068740898816e-08,1.8068740898816e-08
15,1000000000000,26,-3.5081808642047997e-08,3.508180877312e-08
15,1000000000000,27,8.7437282115584006e-08,8.7437282115584006e-08
15,1000000000000,28,2.40628006912e-09,2.40628006912e-09
15,1000000000000,29,-4.4815628763135998e-08,4.4815628763135998e-08
15,1000000000000,30,-2.9107973521408002e-08,2.9107973521408002e-08
15,1000000000000,31,-6.9353757736960002e-09,6.9353757736960002e-09
15,1000000000000,32,-1.9772513845247999e-08,1.9772513845247999e-08
15,1000000000000,33,9.3871593226239997e-09,9.3871593226239997e-09
15,1000000000000,34,1.3023807969689599e-07,1.3023807956582399e-07
15,1000000000000,35,1.7073726724505599e-07,1.7073726724505599e-07
15,1000000000000,36,2.7162923499520001e-08,2.7162923499520001e-08
15,1000000000000,37,2.9950568169471999e-08,2.9950568038400003e-08
15,1000000000000,38,-3.2272627793920002e-08,3.2272627924991998e-08
15,1000000000000,39,-4.5976627445760001e-08,4.5976627445760001e-08
15,1000000000000,40,-3.2544183812096e-08,3.2544183812096e-08
15,1000000000000,41,2.7222239477760001e-08,2.7222239477760001e-08
15,1000000000000,42,1.402806861824e-09,1.402806730752e-09
15,1000000000000,43,-2.6983322091519998e-08,2.6983322091519998e-08
15,1000000000000,44,7.6386463121408004e-08,7.6386463121408004e-08
15,1000000000000,45,-1.56196834377728e-07,1.561968345088e-07
15,1000000000000,46,1.02833127424e-08,1.02833127424e-08
15,1000000000000,47,1.53161380134912e-07,1.53161380134912e-07
15,1000000000000,48,1.0545660035071999e-08,1.0545660035071999e-08
15,1000000000000,49,2.5475044212736e-08,2.5475044212736e-08
15,1000000000000,50,8.8651609407488006e-08,8.8651609407488006e-08
15,1000000000000,51,1.869599604736e-09,1.869599604736e-09
15,1000000000000,52,3.9364192894976001e-08,3.9364192763903998e-08
15,1000000000000,53,2.8359719256063999e-08,2.8359719124992e-08
15,1000000000000,54,1.8004580827135999e-07,1.8004580827135999e-07
15,1000000000000,55,-6.2762318036991999e-08,6.2762318036991999e-08
15,1000000000000,56,-1.3195917131776001e-08,1.3195917131776001e-08
15,1000000000000,57,7.0738228019200003e-09,7.0738228019200003e-09
15,1000000000000,58,-1.2263531216896e-08,1.2263531216896e-08
15,1000000000000,59,2.1695476793343998e-08,2.1695476793343998e-08
15,1000000000000,60,2.6280730296319998e-09,2.6280728985599998e-09
15,1000000000000,61,-6.8940554305535999e-08,6.8940554305535999e-08
15,1000000000000,62,3.4106667958272003e-08,3.4106667958272003e-08
15,1000000000000,63,2.7372560711679999e-08,2.7372560711679999e-08
15,1000000000000,64,-7.4594647539711994e-08,7.4594647539711994e-08
15,1000000000000,65,-2.2073655689216001e-08,2.2073655689216001e-08
15,1000000000000,66,4.6959892889600003e-09,4.6959892889600003e-09
15,1000000000000,67,6.8457984163840006e-08,6.8457984163840006e-08
15,1000000000000,68,-1.8153182068736001e-08,1.8153182068736001e-08
15,1000000000000,69,-9.4610498519040007e-09,9.4610498519040007e-09
15,1000000000000,70,2.0568806653952e-08,2.0568806653952e-08
15,1000000000000,71,-2.1054300094464e-08,2.1054300225535999e-08
15,1000000000000,72,-7.178434117632e-09,7.178434117632e-09
15,1000000000000,73,-2.4959853527039999e-08,2.4959853527039999e-08
15,1000000000000,74,3.5203780837376002e-08,3.5203780706304e-08
15,1000000000000,75,2.0987242650009601e-07,2.0987242650009601e-07
15,1000000000000,76,-2.0801676378112e-08,2.0801676378112e-08
15,1000000000000,77,2.2438198116352002e-08,2.2438198116352002e-08
15,1000000000000,78,1.5261012328448001e-08,1.5261012328448001e-08
15,1000000000000,79,-1.3215679119359999e-08,1.3215679119359999e-08
15,1000000000000,80,-1.4709771075584e-08,1.4709771075584e-08
15,1000000000000,81,-1.2460289687552001e-08,1.2460289687552001e-08
15,1000000000000,82,-1.5920928391167998e-08,1.5920928391167998e-08
15,1000000000000,83,3.2503152508927999e-08,3.2503152508927999e-08
15,1000000000000,84,9.4313050013695995e-08,9.4313050013695995e-08
15,1000000000000,85,8.4926121902079995e-08,8.4926121902079995e-08
15,1000000000000,86,1.9090546098175999e-08,1.9090546098175999e-08
15,1000000000000,87,2.3475263242239999e-08,2.3475263242239999e-08
15,1000000000000,88,1.8296670637260801e-07,1.8296670637260801e-07
15,1000000000000,89,2.0187719663616001e-08,2.0187719663616001e-08
15,1000000000000,90,4.0548071112704e-08,4.0548071112704e-08
15,1000000000000,91,9.6352313409535995e-08,9.6352313409535995e-08
15,1000000000000,92,-8.3171580837888006e-08,8.3171580837888006e-08
15,1000000000000,93,1.9008156336127999e-08,1.9008156336127999e-08
15,1000000000000,94,5.3906101239808e-08,5.3906101239808e-08
15,1000000000000,95,4.1354259595263998e-08,4.1354259595263998e-08
15,1000000000000,96,6.1038720450559997e-08,6.1038720450559997e-08
15,1000000000000,97,-4.6844440739840002e-08,4.6844440739840002e-08
15,1000000000000,98,1.1070703927295999e-08,1.1070703927295999e-08
15,1000000000000,99,5.7652166262783997e-08,5.7652166262783997e-08
15,1000000000000,0,-3.1951308718079999e-09,3.1951308587008008e-09
15,1000000000000,1,6.3496910012416001e-08,6.3496910012416001e-08
15,1000000000000,2,3.2640009895935999e-07,3.2640009889644546e-07
15,1000000000000,3,2.1699887628287998e-08,2.1699887696445441e-08
15,1000000000000,4,1.83101797957632e-07,1.8310179791568896e-07
15,1000000000000,5,6.3338732584960002e-09,6.333873258496001e-09
15,1000000000000,6,7.3377385021440003e-09,7.3377384549580803e-09
15,1000000000000,7,-2.4968075149312e-08,2.4968075081154564e-08
15,1000000000000,8,3.1755982077952003e-08,3.1755981915422719e-08
15,1000000000000,9,1.7224610611200001e-09,1.7224609090764805e-09
15,1000000000000,10,-4.6448434610175999e-08,4.64484345839616e-08
15,1000000000000,11,-3.1596686606336003e-08,3.1596686540799998e-08
15,1000000000000,12,2.7571968016384e-08,2.75719680032768e-08
15,1000000000000,13,-2.5925921800192e-08,2.5925921700577283e-08
15,1000000000000,14,-6.7787172872191995e-08,6.7787172804034549e-08
15,1000000000000,15,5.9373608108031998e-08,5.9373608129003515e-08
15,1000000000000,16,2.4098395914240001e-08,2.4098395929968642e-08
15,1000000000000,17,-3.6549098340352003e-08,3.6549098455695358e-08
15,1000000000000,18,4.1718758768640002e-08,4.1718758697861128e-08
15,1000000000000,19,-1.3651856195584e-08,1.3651856164126721e-08
15,1000000000000,20,-1.9739143307263999e-08,1.97391433728e-08
15,1000000000000,21,1.2569092685824e-08,1.256909276708864e-08
15,1000000000000,22,2.1709700071423999e-08,2.1709699906273281e-08
15,1000000000000,23,-1.406569283584e-08,1.406569266020352e-08
15,1000000000000,24,1.0204061237248e-07,1.0204061246947328e-07
15,1000000000000,25,1.2614013524377601e-07,1.2614013513891841e-07
15,1000000000000,26,-2.0006571999232e-08,2.000657202020352e-08
15,1000000000000,27,5.395988086784e-09,5.3959880972697608e-09
15,1000000000000,28,-1.2440122687488e-08,1.2440122674380801e-08
15,1000000000000,29,1.08121060409344e-07,1.0812106017865729e-07
15,1000000000000,30,1.5777548206080001e-08,1.577754800685056e-08
15,1000000000000,31,6.1509108629504e-08,6.1509108679311364e-08
15,1000000000000,32,2.0375375708160001e-09,2.0375377149952071e-09
15,1000000000000,33,1.71448712298496e-07,1.7144871219363841e-07
15,1000000000000,34,1.7785061533286399e-07,1.7785061523849216e-07
15,1000000000000,35,1.1002219711692801e-07,1.1002219719294977e-07
15,1000000000000,36,-5.4721635942399999e-09,5.4721636335616003e-09
15,1000000000000,37,2.3743468797952e-08,2.3743468635422719e-08
15,1000000000000,38,1.8134362750976001e-08,1.8134362724761599e-08
15,1000000000000,39,3.0158957654835202e-07,3.0158957656932355e-07
15,1000000000000,40,5.2073263792128001e-08,5.207326365057024e-08
15,1000000000000,41,-1.1569089478656e-08,1.156908949962752e-08
15,1000000000000,42,3.7146652101836803e-07,3.7146652094234624e-07
15,1000000000000,43,-4.2943340871680003e-08,4.294334086381568e-08
15,1000000000000,44,1.7592644665343999e-08,1.7592644508057598e-08
15,1000000000000,45,1.4979396796416001e-08,1.4979396723015679e-08
15,1000000000000,46,1.18803410321408e-07,1.1880341038956543e-07
15,1000000000000,47,-1.3209083052032001e-08,1.320908302319616e-08
15,1000000000000,48,7.9345833476095995e-08,7.9345833476095995e-08
15,1000000000000,49,-1.1701171912704001e-08,1.1701171826196481e-08
15,1000000000000,50,-2.9511867564032001e-08,2.9511867480145917e-08
15,1000000000000,51,-2.1064671559679999e-08,2.1064671454822399e-08
15,1000000000000,52,-2.4225010286592e-08,2.4225010249891839e-08
15,1000000000000,53,-6.2254224506880002e-09,6.2254224375807998e-09
15,1000000000000,54,1.7462575628288001e-08,1.7462575615180798e-08
15,1000000000000,55,-4.5076052443136003e-08,4.5076052432650244e-08
15,1000000000000,56,3.7047805935616e-08,3.7047805862215678e-08
15,1000000000000,57,1.11605367701504e-07,1.1160536769626113e-07
15,1000000000000,58,5.7887488081920002e-08,5.7887488058327037e-08
15,1000000000000,59,-2.3175605780479999e-08,2.3175605835530238e-08
15,1000000000000,60,2.65404940288e-08,2.6540493981614078e-08
15,1000000000000,61,2.1673723822079999e-08,2.1673723790622717e-08
15,1000000000000,62,2.5955358081024e-08,2.5955357923737598e-08
15,1000000000000,63,-1.5792428548095999e-08,1.5792428658196478e-08
15,1000000000000,64,4.1609268428799999e-08,4.1609268478607362e-08
15,1000000000000,65,-2.1492545617920001e-08,2.1492545649377283e-08
15,1000000000000,66,-5.9247177236479996e-09,5.9247175427686409e-09
15,1000000000000,67,2.23660453789696e-07,2.2366045374775296e-07
15,1000000000000,68,6.9811522764799998e-09,6.9811519488000002e-09
15,1000000000000,69,8.8150760620032004e-08,8.8150760473231361e-08
15,1000000000000,70,7.3299878215680003e-09,7.3299877455462399e-09
15,1000000000000,71,-1.4947708829696001e-08,1.4947708939796481e-08
15,1000000000000,72,2.8007680442368001e-08,2.8007680534118402e-08
15,1000000000000,73,-1.3046119137279999e-08,1.3046119192330241e-08
15,1000000000000,74,2.9877966209024002e-08,2.9877966266695682e-08
15,1000000000000,75,-8.2658164211712005e-08,8.2658164248412156e-08
15,1000000000000,76,-3.915656855552e-08,3.915656845852672e-08
15,1000000000000,77,-1.4606830665728e-08,1.4606830629027839e-08
15,1000000000000,78,4.6346928128000001e-08,4.6346928128000001e-08
15,1000000000000,79,-2.1077924118528001e-08,2.1077923976970237e-08
15,1000000000000,80,2.3188921516032001e-08,2.3188921474088961e-08
15,1000000000000,81,1.0118376980479999e-09,1.0118376456192004e-09
15,1000000000000,82,-2.3729133846527999e-08,2.372913400905728e-08
15,1000000000000,83,-1.3248264863743999e-07,1.3248264854831103e-07
15,1000000000000,84,-2.7168065847296e-08,2.7168065852538879e-08
15,1000000000000,85,1.4680289443839999e-08,1.46802894831616e-08
15,1000000000000,86,7.5780460118015997e-08,7.5780460235980794e-08
15,1000000000000,87,-3.5522256044032003e-08,3.5522256120053759e-08
15,1000000000000,88,-2.0877861715968001e-08,2.087786167140352e-08
15,1000000000000,89,9.7484437979136005e-08,9.7484437890007043e-08
15,1000000000000,90,1.38047722881024e-07,1.3804772287578113e-07
15,1000000000000,91,1.0288333586432e-07,1.0288333589577728e-07
15,1000000000000,92,-1.2907919704063999e-08,1.290791971979264e-08
15,1000000000000,93,9.6362322329600004e-08,9.6362322298142723e-08
15,1000000000000,94,1.8264008163328e-08,1.8264008270807038e-08
15,1000000000000,95,5.5275147755520003e-09,5.5275148043878399e-09
15,1000000000000,96,1.8346150461440001e-09,1.8346149753651207e-09
15,1000000000000,97,3.6907788533759999e-09,3.6907787957043204e-09
15,1000000000000,98,5.1521362853888003e-08,5.1521362649415679e-08
15,1000000000000,99,3.9710143283199999e-09,3.9710143125913607e-09
-15,10000,0,-4.4167304101562498e-08,4.416730255062571e-08
-15,10000,1,3.2803773437499999e-08,3.2803775559846835e-08
-15,10000,2,2.4320693359375001e-08,2.4320692773437501e-08
-15,10000,3,2.5718052578125002e-07,2.5718051670585955e-07
-15,10000,4,2.0549098632812501e-08,2.0549098242187501e-08
-15,10000,5,1.2470822148437501e-07,1.2470821876311041e-07
-15,10000,6,-1.0471866796874999e-08,1.0471866155097996e-08
-15,10000,7,7.1763968164062496e-08,7.176396915609548e-08
-15,10000,8,1.8323098945312501e-07,1.8323098348970336e-07
-15,10000,9,8.8427804101562499e-08,8.8427797112306002e-08
-15,10000,10,1.12156345703125e-08,1.1215634960937499e-08
-15,10000,11,-6.3294265624999997e-09,6.3294249499461073e-09
-15,10000,12,5.9855391796874996e-08,5.9855387420615138e-08
-15,10000,13,9.9554722656249997e-09,9.9554821426279773e-09
-15,10000,14,5.1250014062499997e-08,5.1250011724165722e-08
-15,10000,15,-8.8523193554687496e-08,8.8523190540726768e-08
-15,10000,16,-1.44125341796875e-08,1.441253300234639e-08
-15,10000,17,2.8856889843749999e-08,2.8856889488172437e-08
-15,10000,18,-3.5069369921875001e-08,3.5069370315049451e-08
-15,10000,19,8.8764646484375001e-09,8.8764658751497896e-09
-15,10000,20,-2.17804921875e-09,2.178049448279761e-09
-15,10000,21,2.40880333984375e-08,2.40880326171875e-08
-15,10000,22,-3.1082762109375e-08,3.1082760770114306e-08
-15,10000,23,1.2780258242187499e-07,1.2780257879129241e-07
-15,10000,24,-2.3989115625e-08,2.398911368290475e-08
-15,10000,25,-4.7749998437500002e-08,4.7749996577377976e-08
-15,10000,26,-1.7968405078125001e-08,1.7968402554509379e-08
-15,10000,27,2.0481866015625e-08,2.0481865928722837e-08
-15,10000,28,-3.6434384960937502e-08,3.6434385789186395e-08
-15,10000,29,1.480080962890625e-07,1.4800809088407181e-07
-15,10000,30,-3.1392860546875001e-08,3.1392860829798696e-08
-15,10000,31,-7.6463733398437496e-08,7.6463729497859231e-08
-15,10000,32,2.5433918281249998e-07,2.5433917754185891e-07
-15,10000,33,-1.11263326171875e-08,1.1126335615052906e-08
-15,10000,34,-1.8807497265625e-08,1.8807497251776395e-08
-15,10000,35,5.3327056640624999e-09,5.332713796396536e-09
-15,10000,36,3.1174053320312502e-08,3.1174046277984189e-08
-15,10000,37,-1.016593203125e-08,1.0165929998848314e-08
-15,10000,38,8.7001085351562497e-08,8.7001084192647916e-08
-15,10000,39,-4.9469516210937498e-08,4.9469517920374169e-08
-15,10000,40,7.4254531250000006e-08,7.4254531114508443e-08
-15,10000,41,1.3846734375000001e-08,1.3846734570312501e-08
-15,10000,42,8.5631973437499998e-08,8.5631972187010634e-08
-15,10000,43,-1.6315345898437499e-08,1.6315344480863917e-08
-15,10000,44,6.7432251757812494e-08,6.7432252558172668e-08
-15,10000,45,-1.6358133593750002e-08,1.6358133924802069e-08
-15,10000,46,3.6907598046875001e-08,3.6907596289062499e-08
-15,10000,47,-3.5569128125000001e-08,3.5569128867003033e-08
-15,10000,48,-8.4909773437500003e-09,8.4909804904101925e-09
-15,10000,49,1.2072774218749999e-07,1.2072773773000663e-07
-15,10000,50,-1.5201822851562501e-08,1.5201820916695562e-08
-15,10000,51,-4.0341736328125e-08,4.0341736452380796e-08
-15,10000,52,5.7643802734374997e-08,5.764380417860274e-08
-15,10000,53,3.4134419531250003e-08,3.4134417968749997e-08
-15,10000,54,7.0769543164062501e-08,7.0769542656564325e-08
-15,10000,55,5.5400830273437501e-08,5.540083121523353e-08
-15,10000,56,1.2092613867187499e-08,1.209261436088253e-08
-15,10000,57,-4.1885246093749997e-08,4.1885245514439078e-08
-15,10000,58,2.3496945117187499e-08,2.3496946915935859e-08
-15,10000,59,5.4243947656249998e-08,5.4243946294179316e-08
-15,10000,60,-2.7736249414062502e-08,2.7736248792923987e-08
-15,10000,61,7.6308357226562502e-08,7.6308358800883693e-08
-15,10000,62,-1.4207887890624999e-08,1.4207888222725579e-08
-15,10000,63,8.0566859375000002e-08,8.0566858776336914e-08
-15,10000,64,-1.17353408203125e-07,1.1735340117759833e-07
-15,10000,65,-6.0364921875000004e-10,6.0368033991431825e-10
-15,10000,66,-1.385277109375e-08,1.3852772040337598e-08
-15,10000,67,1.8515075683593751e-07,1.8515075402617638e-07
-15,10000,68,-5.0166766015624998e-08,5.0166763721668957e-08
-15,10000,69,-1.5356096484375e-08,1.535609537724922e-08
-15,10000,70,-1.0313131445312501e-08,1.0313134244248484e-08
-15,10000,71,4.1573707226562501e-08,4.1573708451847362e-08
-15,10000,72,3.3120440039062502e-08,3.3120438476562503e-08
-15,10000,73,-4.0524304296875e-08,4.0524302791804192e-08
-15,10000,74,3.1555060839843749e-07,3.1555059591432514e-07
-15,10000,75,-1.90228166015625e-08,1.9022816112126028e-08
-15,10000,76,-2.3919819531249999e-08,2.3919819142573516e-08
-15,10000,77,-2.1933572851562501e-08,2.1933571361152795e-08
-15,10000,78,1.138320919921875e-07,1.1383208559564082e-07
-15,10000,79,5.1982866601562501e-08,5.1982865041148189e-08
-15,10000,80,-1.2147199414062501e-08,1.2147203307794837e-08
-15,10000,81,2.7031078339843749e-07,2.7031077377348438e-07
-15,10000,82,-3.148741015625e-09,3.1487425414698464e-09
-15,10000,83,6.5086098828125004e-08,6.5086098900620476e-08
-15,10000,84,-1.8160586328125e-08,1.8160587036329809e-08
-15,10000,85,4.1741052539062501e-08,4.1741051003160369e-08
-15,10000,86,-5.0380154296874999e-09,5.0380159756312404e-09
-15,10000,87,-3.1280994531249997e-08,3.1280994009641636e-08
-15,10000,88,-3.7758573242187499e-08,3.7758575710901108e-08
-15,10000,89,4.1484819726562498e-08,4.148482329261901e-08
-15,10000,90,-7.8412558984374999e-08,7.841255733413574e-08
-15,10000,91,-2.2792750195312501e-08,2.2792749120856468e-08
-15,10000,92,-3.199407421875e-09,3.1994055768308874e-09
-15,10000,93,2.7445507226562501e-08,2.7445506249999999e-08
-15,10000,94,1.9750686523437501e-08,1.9750686132812501e-08
-15,10000,95,1.483079181640625e-07,1.4830791203430529e-07
-15,10000,96,1.6402816874999999e-07,1.6402816232596668e-07
-15,10000,97,-6.2335164843750001e-08,6.2335165071344114e-08
-15,10000,98,-3.0589213671874999e-08,3.0589213421204353e-08
-15,10000,99,1.13768798828125e-08,1.13768802734375e-08
-15,10000,0,5.0343058398437497e-08,5.0343057669972943e-08
-15,10000,1,8.6482070312500007e-09,8.64820968219813e-09
-15,10000,2,1.330237890625e-08,1.33023794921875e-08
-15,10000,3,6.6582623632812495e-08,6.658261794956051e-08
-15,10000,4,4.9080546874999999e-09,4.9080558132888315e-09
-15,10000,5,-2.4695732421874999e-08,2.469573217735722e-08
-15,10000,6,2.0648002226562501e-07,2.0648001496029788e-07
-15,10000,7,3.9664343359375e-08,3.9664343381242539e-08
-15,10000,8,1.0325443671875001e-07,1.0325443521001152e-07
-15,10000,9,1.3748471875e-08,1.3748472265624999e-08
-15,10000,10,6.3683504726562504e-07,6.3683500448036203e-07
-15,10000,11,-7.1121130859375002e-09,7.1121094917104074e-09
-15,10000,12,2.0133993535156251e-07,2.0133992777642058e-07
-15,10000,13,-1.0511069140625e-08,1.0511067414684285e-08
-15,10000,14,1.443044376953125e-07,1.4430443681754441e-07
-15,10000,15,1.6272067578125e-08,1.6272068610930186e-08
-15,10000,16,5.132010703125e-08,5.1320106124995705e-08
-15,10000,17,9.8624804296875004e-08,9.862480428830045e-08
-15,10000,18,1.31874057421875e-07,1.3187405527554219e-07
-15,10000,19,1.3010001796875001e-07,1.3010001233818518e-07
-15,10000,20,-4.2660909570312499e-08,4.2660908033836866e-08
-15,10000,21,-4.6724620117187499e-08,4.6724621479150377e-08
-15,10000,22,7.5369939453124996e-08,7.5369940178593059e-08
-15,10000,23,1.17193940234375e-07,1.1719394164493281e-07
-15,10000,24,-2.5049540429687501e-08,2.5049541059946092e-08
-15,10000,25,-9.9440851562500008e-09,9.9440844309613306e-09
-15,10000,26,1.06748659765625e-07,1.0674865703293208e-07
-15,10000,27,1.811548046875e-09,1.8115486328125e-09
-15,10000,28,4.9993872636718746e-07,4.9993869181965465e-07
-15,10000,29,-2.2653908984375001e-08,2.2653903290937071e-08
-15,10000,30,7.158559140625e-08,7.1585591931129371e-08
-15,10000,31,3.3850310156249999e-08,3.3850312913580378e-08
-15,10000,32,6.1823721484375002e-08,6.1823719710828817e-08
-15,10000,33,-2.0602873828125e-08,2.0602876333562534e-08
-15,10000,34,-2.0979201562499999e-08,2.0979198659272589e-08
-15,10000,35,-1.10878412109375e-08,1.1087842968749999e-08
-15,10000,36,2.5737761132812501e-08,2.5737758810925151e-08
-15,10000,37,1.501680890625e-07,1.5016808244590292e-07
-15,10000,38,-3.6804205859374997e-08,3.6804200241325292e-08
-15,10000,39,1.4038265625e-08,1.40382658203125e-08
-15,10000,40,5.1527899023437502e-08,5.1527900670723719e-08
-15,10000,41,-5.7773857421874999e-09,5.7773863508601588e-09
-15,10000,42,-1.4054939648437499e-08,1.4054940243041597e-08
-15,10000,43,-4.7031357617187497e-08,4.7031353762132264e-08
-15,10000,44,7.8588808984374993e-08,7.8588808252901904e-08
-15,10000,45,2.3060611328124998e-08,2.3060610363598424e-08
-15,10000,46,-8.9680136718749996e-09,8.9680150859376511e-09
-15,10000,47,1.022785625e-07,1.0227855710730988e-07
-15,10000,48,2.8296891796875001e-08,2.8296891018077179e-08
-15,10000,49,1.095085951171875e-07,1.0950859385154068e-07
-15,10000,50,-1.8118503515624999e-08,1.8118504442408272e-08
-15,10000,51,-3.0688744335937498e-08,3.0688743822567061e-08
-15,10000,52,2.0142561132812499e-08,2.0142560937499999e-08
-15,10000,53,1.0397450058593751e-07,1.0397449491581908e-07
-15,10000,54,2.0814728906250001e-08,2.0814728320312501e-08
-15,10000,55,5.219500859375e-08,5.2195006139770197e-08
-15,10000,56,1.7710159375e-08,1.7710159375e-08
-15,10000,57,1.004497306640625e-07,1.0044972578369539e-07
-15,10000,58,2.68778822265625e-08,2.6877884260892491e-08
-15,10000,59,-3.5484322070312501e-08,3.5484322982195555e-08
-15,10000,60,1.19033254296875e-07,1.1903324483207418e-07
-15,10000,61,1.8584640429687501e-08,1.8584640082704967e-08
-15,10000,62,3.5231664062500001e-09,3.5231677734375001e-09
-15,10000,63,2.9247121484374999e-08,2.9247120269027818e-08
-15,10000,64,-2.4792527343750001e-09,2.4792548958326041e-09
-15,10000,65,-3.2587381445312502e-08,3.2587381386276437e-08
-15,10000,66,-1.9237206445312499e-08,1.9237207421874999e-08
-15,10000,67,-2.4044924414062501e-08,2.4044924323561117e-08
-15,10000,68,1.0454328164062501e-07,1.0454327875939009e-07
-15,10000,69,1.0372580859375e-07,1.0372580862068563e-07
-15,10000,70,1.33373928125e-07,1.3337392571096217e-07
-15,10000,71,-3.5306857421875e-08,3.5306859267379705e-08
-15,10000,72,1.0354420117187501e-08,1.0354421560901988e-08
-15,10000,73,6.5094579882812502e-08,6.5094583259248619e-08
-15,10000,74,3.0924817578124999e-08,3.0924819760927607e-08
-15,10000,75,4.4039164062500001e-08,4.4039163312762373e-08
-15,10000,76,-1.5323808203125e-08,1.5323808593749999e-08
-15,10000,77,1.1151446875e-08,1.1151447460937499e-08
-15,10000,78,2.2577708242187501e-07,2.2577707789402939e-07
-15,10000,79,-2.1568550781250001e-08,2.1568551092379357e-08
-15,10000,80,1.7349811718749998e-08,1.7349813769786709e-08
-15,10000,81,9.9414978515625e-08,9.9414978342887321e-08
-15,10000,82,6.1424542187499996e-08,6.1424541765363419e-08
-15,10000,83,1.5858209140624999e-07,1.5858208340018772e-07
-15,10000,84,-3.848529921875e-08,3.8485298566727252e-08
-15,10000,85,2.2699472851562501e-08,2.2699469777191624e-08
-15,10000,86,-3.2963223437499999e-08,3.2963221457465795e-08
-15,10000,87,4.1481077148437502e-08,4.1481070946948281e-08
-15,10000,88,2.9470984960937499e-08,2.9470987943012244e-08
-15,10000,89,-3.4272432421874999e-08,3.4272433984374998e-08
-15,10000,90,-6.1483908203124998e-09,6.1483906729009737e-09
-15,10000,91,-2.9553482421875e-09,2.9553489935188449e-09
-15,10000,92,1.7301375e-09,1.7301432459048465e-09
-15,10000,93,3.16313658203125e-08,3.1631364167721005e-08
-15,10000,94,-1.5387740234375001e-08,1.5387742687469426e-08
-15,10000,95,-2.6147485351562499e-08,2.614748578464753e-08
-15,10000,96,-6.8731980468750002e-09,6.8731996612476534e-09
-15,10000,97,-2.52658298828125e-08,2.5265829257783457e-08
-15,10000,98,-3.7575607812499999e-08,3.7575608516623003e-08
-15,10000,99,-1.9479198242187501e-08,1.947919724486066e-08
-15,10000,0,1.5677946484375e-07,1.5677946127237102e-07
-15,10000,1,7.8696970703125008e-09,7.8696980097656248e-09
-15,10000,2,6.8746405859374997e-08,6.8746404232988782e-08
-15,10000,3,-1.23264365234375e-08,1.2326439248858217e-08
-15,10000,4,-3.0100694335937503e-08,3.0100697505313531e-08
-15,10000,5,4.6141867773437501e-08,4.6141865721650509e-08
-15,10000,6,8.7436042968750003e-08,8.7436041677744869e-08
-15,10000,7,1.04246955078125e-07,1.042469466700792e-07
-15,10000,8,2.0298576562500001e-08,2.0298576461056043e-08
-15,10000,9,4.3319075585937503e-08,4.3319073804933391e-08
-15,10000,10,-8.0907435546874998e-09,8.0907435903955931e-09
-15,10000,11,2.4624098242187499e-08,2.4624097470703125e-08
-15,10000,12,-2.7719739648437499e-08,2.771973678639343e-08
-15,10000,13,6.6128512109374995e-08,6.612851245346589e-08
-15,10000,14,7.7102967968750005e-08,7.7102965009669349e-08
-15,10000,15,-4.2642816406250002e-09,4.2642818402442863e-09
-15,10000,16,2.0024339843750001e-09,2.0024925342382101e-09
-15,10000,17,1.32765783203125e-08,1.3276580511522989e-08
-15,10000,18,-3.4965266796874999e-08,3.4965265918518707e-08
-15,10000,19,9.3464258789062494e-08,9.3464259042546381e-08
-15,10000,20,1.61035255859375e-08,1.6103525689453125e-08
-15,10000,21,6.4017227539062501e-08,6.4017229306404594e-08
-15,10000,22,-6.9255771484375e-09,6.9255814996704008e-09
-15,10000,23,-1.0709148046875e-08,1.0709151551105963e-08
-15,10000,24,1.91243459375e-07,1.91243456396376e-07
-15,10000,25,-1.1193347070312501e-08,1.1193347275671723e-08
-15,10000,26,1.82434029296875e-08,1.8243402765625e-08
-15,10000,27,-4.8129592382812501e-08,4.8129591496894362e-08
-15,10000,28,6.3050408593750002e-08,6.3050408115979811e-08
-15,10000,29,-1.7439474609375001e-08,1.7439473571775906e-08
-15,10000,30,9.6248640429687501e-08,9.6248638654857915e-08
-15,10000,31,3.8092050781249997e-08,3.809204888085937e-08
-15,10000,32,4.6853305859375002e-08,4.6853303549865086e-08
-15,10000,33,2.2915917968749998e-09,2.2916011911183891e-09
-15,10000,34,3.0871693164062498e-08,3.0871691755859371e-08
-15,10000,35,5.8817318554687498e-08,5.8817311695703715e-08
-15,10000,36,1.0494883359375e-07,1.0494882260064876e-07
-15,10000,37,-9.2548816406249999e-09,9.2548813877284127e-09
-15,10000,38,5.4466217382812503e-08,5.4466217444357043e-08
-15,10000,39,-5.8695972656249997e-09,5.8696017819765685e-09
-15,10000,40,4.5414367578125001e-08,4.5414370570692708e-08
-15,10000,41,4.7757726171874998e-08,4.7757726384038368e-08
-15,10000,42,-5.3258141992187503e-08,5.3258135778231385e-08
-15,10000,43,5.4877210742187503e-08,5.487720968303997e-08
-15,10000,44,-3.3361015625e-09,3.3361029530486893e-09
-15,10000,45,8.6074870312499994e-08,8.6074869379326959e-08
-15,10000,46,-4.9689433593750002e-09,4.9689453020223412e-09
-15,10000,47,1.6441155859374999e-08,1.6441157351843403e-08
-15,10000,48,9.4158556640624998e-09,9.415859422508403e-09
-15,10000,49,-2.48072470703125e-08,2.4807246457645582e-08
-15,10000,50,4.7944130859375002e-09,4.7944124914694358e-09
-15,10000,51,-1.0803166015624999e-08,1.0803169771607353e-08
-15,10000,52,5.5218745312500002e-08,5.521874458277548e-08
-15,10000,53,-3.2822238281250002e-08,3.2822238944537759e-08
-15,10000,54,-2.1907798046875e-08,2.1907797758710487e-08
-15,10000,55,6.2898880078125e-08,6.2898874355332617e-08
-15,10000,56,1.6370820312499999e-10,1.6388520569396675e-10
-15,10000,57,-1.39252548828125e-08,1.3925255087624686e-08
-15,10000,58,6.6436924414062504e-08,6.6436923674110655e-08
-15,10000,59,-4.3741427539062503e-08,4.374142154804107e-08
-15,10000,60,1.6290930136718751e-07,1.629092968818148e-07
-15,10000,61,-2.4497356445312499e-08,2.449735780381536e-08
-15,10000,62,4.9479478125000003e-08,4.9479476313162621e-08
-15,10000,63,1.1690552539062499e-08,1.1690556242776735e-08
-15,10000,64,5.3810885156250002e-08,5.3810885262529667e-08
-15,10000,65,3.0506502539062498e-08,3.0506501790350018e-08
-15,10000,66,1.6413404296874999e-09,1.6413418203125021e-09
-15,10000,67,6.2751559179687498e-08,6.2751557378906239e-08
-15,10000,68,9.0415625000000003e-09,9.0415644596052379e-09
-15,10000,69,1.44701328125e-08,1.4470134792262796e-08
-15,10000,70,-6.0350356640624996e-08,6.0350352736633665e-08
-15,10000,71,-1.8373214257812501e-08,1.8373212950130889e-08
-15,10000,72,-4.9011404101562497e-08,4.9011399867416093e-08
-15,10000,73,-4.5973480078124997e-08,4.5973480021125556e-08
-15,10000,74,9.0258866406250003e-08,9.0258866345454067e-08
-15,10000,75,1.0494959921875e-07,1.049495993092156e-07
-15,10000,76,-3.9719160156249997e-09,3.9719170044137538e-09
-15,10000,77,-1.2380149414062499e-08,1.2380148205380752e-08
-15,10000,78,2.7298862421875001e-07,2.7298860455604132e-07
-15,10000,79,1.7447375585937501e-08,1.7447375552734375e-08
-15,10000,80,1.7201354277343751e-07,1.7201353607142026e-07
-15,10000,81,-1.129770859375e-08,1.1297710341217336e-08
-15,10000,82,-3.03304375e-08,3.0330437534985094e-08
-15,10000,83,-1.209825078125e-08,1.209824944868739e-08
-15,10000,84,7.6024775390625002e-09,7.6024772952484967e-09
-15,10000,85,7.9574585351562493e-08,7.9574584695353192e-08
-15,10000,86,8.3136434960937501e-08,8.3136433147789005e-08
-15,10000,87,-1.9502725000000001e-08,1.9502722929196397e-08
-15,10000,88,-3.0917570312500001e-09,3.0917588833517371e-09
-15,10000,89,-4.7941330078125e-09,4.7941309375000008e-09
-15,10000,90,-5.4885685156249999e-08,5.4885683853092642e-08
-15,10000,91,6.4266974609374996e-09,6.4267032647488139e-09
-15,10000,92,-3.3268862890625002e-08,3.3268865078744165e-08
-15,10000,93,-3.2819629296874999e-08,3.2819627725253997e-08
-15,10000,94,-3.3981237890624999e-08,3.3981236975322672e-08
-15,10000,95,4.3938011914062502e-08,4.3938009499364581e-08
-15,10000,96,-2.3426408203125001e-08,2.342640842017056e-08
-15,10000,97,-1.4524093945312501e-08,1.4524097997531231e-08
-15,10000,98,-8.1150062499999997e-09,8.1150107902884897e-09
-15,10000,99,6.1658746093749997e-09,6.1658757675781245e-09
-15,100000000,0,-5.9888864000000001e-09,5.9888864000000084e-09
-15,100000000,1,-2.06089296e-08,2.0608929760000011e-08
-15,100000000,2,6.453460368e-08,6.453460368e-08
-15,100000000,3,-2.7763961760000001e-08,2.7763961760000018e-08
-15,100000000,4,4.6690939360000002e-08,4.669093952e-08
-15,100000000,5,-1.8533112800000001e-08,1.8533112640000003e-08
-15,100000000,6,9.9861225919999997e-08,9.9861225920000024e-08
-15,100000000,7,1.119561008e-08,1.119561008e-08
-15,100000000,8,2.3009719999999999e-08,2.300972016e-08
-15,100000000,9,-2.0559992160000002e-08,2.0559992320000002e-08
-15,100000000,10,1.891226944e-08,1.8912269600000004e-08
-15,100000000,11,-4.9983988799999996e-09,4.9983988800000095e-09
-15,100000000,12,5.5666479999999998e-09,5.5666481600000013e-09
-15,100000000,13,-3.3333088320000001e-08,3.3333088320000001e-08
-15,100000000,14,-3.7468302560000003e-08,3.7468302560000003e-08
-15,100000000,15,-5.629933568e-08,5.6299335840000017e-08
-15,100000000,16,1.4889517119999999e-08,1.4889516960000002e-08
-15,100000000,17,-1.6034119040000001e-08,1.6034118880000013e-08
-15,100000000,18,-3.1505569279999998e-08,3.1505569279999998e-08
-15,100000000,19,1.2019074751999999e-07,1.2019074735999999e-07
-15,100000000,20,6.1535335519999997e-08,6.1535335519999997e-08
-15,100000000,21,1.7906603680000001e-08,1.7906603680000001e-08
-15,100000000,22,3.8334273760000003e-08,3.8334273599999999e-08
-15,100000000,23,1.4878687264e-07,1.4878687264e-07
-15,100000000,24,3.9849432e-08,3.9849432160000024e-08
-15,100000000,25,6.3039423840000005e-08,6.3039423679999994e-08
-15,100000000,26,-1.138480032e-08,1.138480048e-08
-15,100000000,27,3.338697104e-08,3.338697104e-08
-15,100000000,28,4.7821926399999998e-09,4.7821924800000371e-09
-15,100000000,29,1.3589610111999999e-07,1.3589610111999999e-07
-15,100000000,30,3.4880923680000001e-08,3.4880923520000003e-08
-15,100000000,31,3.9045154879999998e-08,3.9045154879999998e-08
-15,100000000,32,3.7358297119999999e-08,3.7358297120000006e-08
-15,100000000,33,-1.716199216e-08,1.7161992320000011e-08
-15,100000000,34,-6.4983295999999997e-09,6.4983296000000832e-09
-15,100000000,35,9.636833808e-08,9.636833808e-08
-15,100000000,36,-1.266969472e-08,1.2669694720000002e-08
-15,100000000,37,8.3779645600000006e-08,8.3779645600000006e-08
-15,100000000,38,6.3124201759999999e-08,6.3124201919999996e-08
-15,100000000,39,-2.7562896960000001e-08,2.7562896800000004e-08
-15,100000000,40,-1.8502474240000001e-08,1.8502474240000011e-08
-15,100000000,41,3.7744652e-08,3.7744651840000002e-08
-15,100000000,42,2.1988368880000001e-07,2.1988368880000001e-07
-15,100000000,43,1.1859722079999999e-08,1.1859721920000002e-08
-15,100000000,44,2.1685592480000001e-08,2.1685592640000002e-08
-15,100000000,45,8.5626852320000004e-08,8.5626852320000004e-08
-15,100000000,46,1.49546336e-09,1.4954631999999999e-09
-15,100000000,47,1.2600156000000001e-07,1.2600156016000001e-07
-15,100000000,48,5.5742150560000003e-08,5.574215072e-08
-15,100000000,49,-2.0585038719999999e-08,2.0585038720000006e-08
-15,100000000,50,5.0876322880000001e-08,5.0876323040000011e-08
-15,100000000,51,3.796871536e-08,3.796871536e-08
-15,100000000,52,-8.5360892800000001e-09,8.5360892800000448e-09
-15,100000000,53,-1.9416572e-08,1.9416572e-08
-15,100000000,54,5.1400184000000003e-08,5.1400183840000012e-08
-15,100000000,55,1.9989254400000002e-09,1.9989256000000406e-09
-15,100000000,56,5.7405914880000003e-08,5.7405914719999999e-08
-15,100000000,57,9.4525916799999996e-09,9.4525916799999996e-09
-15,100000000,58,2.1583395200000002e-09,2.1583395200000684e-09
-15,100000000,59,3.4337015680000002e-08,3.4337015839999999e-08
-15,100000000,60,1.199076288e-08,1.1990762880000002e-08
-15,100000000,61,4.0888548799999998e-08,4.0888548960000002e-08
-15,100000000,62,1.0817821984e-07,1.0817821968e-07
-15,100000000,63,5.1932294400000003e-09,5.1932294400000069e-09
-15,100000000,64,-2.5986394880000001e-08,2.598639472e-08
-15,100000000,65,5.6723459040000001e-08,5.6723459040000001e-08
-15,100000000,66,-2.1532320639999999e-08,2.1532320640000009e-08
-15,100000000,67,-5.367654352e-08,5.367654352e-08
-15,100000000,68,-1.3760883199999999e-09,1.3760883200000725e-09
-15,100000000,69,-1.943966704e-08,1.94396672e-08
-15,100000000,70,-1.8462348799999999e-08,1.8462348640000001e-08
-15,100000000,71,-2.541234688e-08,2.541234688e-08
-15,100000000,72,-1.132210496e-08,1.1322105120000009e-08
-15,100000000,73,-1.2143944e-08,1.2143944000000026e-08
-15,100000000,74,-2.5934121600000002e-09,2.593412000000162e-09
-15,100000000,75,-8.28455152e-09,8.2845513600000109e-09
-15,100000000,76,8.2260392640000005e-08,8.2260392800000003e-08
-15,100000000,77,6.89606736e-09,6.8960672000000001e-09
-15,100000000,78,-1.288012e-08,1.288012000000001e-08
-15,100000000,79,-1.5495188000000001e-08,1.5495188160000002e-08
-15,100000000,80,9.6488754880000005e-08,9.6488754880000005e-08
-15,100000000,81,-3.0721477439999997e-08,3.0721477600000008e-08
-15,100000000,82,8.6750435200000002e-09,8.6750435200000201e-09
-15,100000000,83,-3.8324501759999998e-08,3.8324501759999998e-08
-15,100000000,84,1.8601038719999999e-08,1.860103888e-08
-15,100000000,85,3.7817109119999997e-08,3.7817108959999999e-08
-15,100000000,86,1.58292208e-08,1.5829220960000027e-08
-15,100000000,87,-9.0056091200000005e-09,9.0056091200000204e-09
-15,100000000,88,-2.2696093120000001e-08,2.2696093280000009e-08
-15,100000000,89,1.8434247584000001e-07,1.8434247584000001e-07
-15,100000000,90,5.419320768e-08,5.419320768e-08
-15,100000000,91,6.0228114880000004e-08,6.0228115040000001e-08
-15,100000000,92,6.5898975999999998e-10,6.5898976000003369e-10
-15,100000000,93,-3.1621962608000001e-07,3.1621962608000001e-07
-15,100000000,94,3.7844628479999998e-08,3.7844628640000002e-08
-15,100000000,95,2.0999866239999999e-08,2.0999866239999999e-08
-15,100000000,96,-2.2720926880000001e-08,2.2720926880000001e-08
-15,100000000,97,7.9990156800000001e-08,7.9990156959999998e-08
-15,100000000,98,4.0743965920000001e-08,4.0743965920000001e-08
-15,100000000,99,9.3254544e-09,9.3254542400000043e-09
-15,100000000,0,2.2658409599999998e-08,2.2658409599999998e-08
-15,100000000,1,-3.7572532799999998e-08,3.7572532640000008e-08
-15,100000000,2,-1.0987988160000001e-08,1.0987988000000036e-08
-15,100000000,3,-1.8330371199999999e-09,1.8330374400000441e-09
-15,100000000,4,1.8502605919999998e-08,1.8502605919999998e-08
-15,100000000,5,1.7162075839999999e-08,1.7162075839999999e-08
-15,100000000,6,-1.2141128e-08,1.214112784e-08
-15,100000000,7,5.6044694399999998e-08,5.6044694400000018e-08
-15,100000000,8,-1.94260264e-08,1.9426026400000023e-08
-15,100000000,9,2.3987804799999999e-09,2.3987804800000372e-09
-15,100000000,10,3.966402512e-08,3.966402512e-08
-15,100000000,11,1.6766121823999999e-07,1.6766121840000001e-07
-15,100000000,12,1.476750608e-08,1.476750608e-08
-15,100000000,13,2.1467477439999999e-08,2.1467477439999999e-08
-15,100000000,14,-1.7459410720000001e-08,1.7459410720000017e-08
-15,100000000,15,2.3047679839999999e-08,2.3047679839999999e-08
-15,100000000,16,1.0155817440000001e-08,1.0155817440000064e-08
-15,100000000,17,2.1214246720000001e-08,2.1214246720000001e-08
-15,100000000,18,1.1477605759999999e-08,1.1477605759999999e-08
-15,100000000,19,5.65233408e-09,5.6523340800000033e-09
-15,100000000,20,-7.5999148959999996e-08,7.599914896000001e-08
-15,100000000,21,1.5310684080000001e-07,1.5310684080000001e-07
-15,100000000,22,1.495661984e-08,1.495661984e-08
-15,100000000,23,2.4319776880000002e-07,2.4319776895999999e-07
-15,100000000,24,1.1642038239999999e-08,1.1642038239999999e-08
-15,100000000,25,-3.6776022399999998e-08,3.6776022560000002e-08
-15,100000000,26,1.2145874240000001e-08,1.2145874240000001e-08
-15,100000000,27,1.4581931888e-07,1.4581931904e-07
-15,100000000,28,2.6136456e-08,2.6136456e-08
-15,100000000,29,5.999747744e-08,5.9997477280000003e-08
-15,100000000,30,3.0719318400000001e-08,3.0719318400000001e-08
-15,100000000,31,8.9142659040000006e-08,8.9142659200000003e-08
-15,100000000,32,2.6812839040000001e-08,2.6812839200000002e-08
-15,100000000,33,-3.7399813760000002e-08,3.7399813600000011e-08
-15,100000000,34,2.499651536e-08,2.4996515360000096e-08
-15,100000000,35,8.2872658559999998e-08,8.2872658559999998e-08
-15,100000000,36,6.86220544e-09,6.86220544e-09
-15,100000000,37,4.099461704e-07,4.099461704e-07
-15,100000000,38,-5.934659264e-08,5.934659264e-08
-15,100000000,39,6.5835047999999997e-09,6.5835049600000013e-09
-15,100000000,40,3.0192863200000001e-08,3.0192863200000007e-08
-15,100000000,41,3.3235937599999999e-09,3.3235939200000167e-09
-15,100000000,42,6.3301935359999997e-08,6.3301935040000002e-08
-15,100000000,43,1.1485584799999999e-08,1.1485584800000021e-08
-15,100000000,44,-3.0793945440000003e-08,3.0793945600000007e-08
-15,100000000,45,1.1496701104000001e-07,1.1496701104000001e-07
-15,100000000,46,3.8077912319999998e-08,3.8077912160000001e-08
-15,100000000,47,9.9211299199999997e-09,9.9211300800000004e-09
-15,100000000,48,3.8716705440000003e-08,3.8716705600000001e-08
-15,100000000,49,-4.432294528e-08,4.432294528e-08
-15,100000000,50,1.666922912e-08,1.6669229280000044e-08
-15,100000000,51,4.6291138399999999e-08,4.6291138400000018e-08
-15,100000000,52,1.29090688448e-06,1.29090688448e-06
-15,100000000,53,-5.3323554079999997e-08,5.3323554079999997e-08
-15,100000000,54,1.91116296e-08,1.91116296e-08
-15,100000000,55,-1.762726752e-08,1.7627267680000001e-08
-15,100000000,56,8.2884949919999996e-08,8.2884949920000009e-08
-15,100000000,57,6.1586593599999997e-08,6.1586593759999994e-08
-15,100000000,58,-4.5667499199999998e-09,4.5667499199999998e-09
-15,100000000,59,2.962141648e-08,2.962141648e-08
-15,100000000,60,-3.9192003840000002e-08,3.9192003840000002e-08
-15,100000000,61,9.8471608000000004e-08,9.8471608000000004e-08
-15,100000000,62,1.8927439999999999e-08,1.8927440000000006e-08
-15,100000000,63,-9.7731752000000005e-09,9.7731752000000005e-09
-15,100000000,64,2.8902140800000001e-09,2.8902142400000008e-09
-15,100000000,65,-1.89734968e-08,1.8973496640000003e-08
-15,100000000,66,1.194081888e-08,1.1940818720000001e-08
-15,100000000,67,2.2711552000000001e-08,2.2711551840000004e-08
-15,100000000,68,-2.0085360479999999e-08,2.0085360479999999e-08
-15,100000000,69,2.1816987040000001e-08,2.1816987040000014e-08
-15,100000000,70,-1.344746656e-08,1.3447466399999999e-08
-15,100000000,71,3.4109720271999999e-07,3.4109720271999999e-07
-15,100000000,72,-6.61208544e-09,6.6120854400000083e-09
-15,100000000,73,8.2213947360000005e-08,8.2213947199999994e-08
-15,100000000,74,3.4196939199999999e-08,3.4196939040000002e-08
-15,100000000,75,1.40126688e-09,1.401266720000074e-09
-15,100000000,76,-1.414871104e-08,1.4148711040000006e-08
-15,100000000,77,-1.301558656e-08,1.301558656e-08
-15,100000000,78,-3.53355456e-08,3.5335545440000003e-08
-15,100000000,79,-1.6861636799999999e-09,1.6861636800000134e-09
-15,100000000,80,-1.0948513600000001e-09,1.0948513600000081e-09
-15,100000000,81,1.02898432e-07,1.0289843216e-07
-15,100000000,82,-4.36254656e-09,4.3625465600000058e-09
-15,100000000,83,1.8450275871999999e-07,1.8450275887999999e-07
-15,100000000,84,6.0945711999999997e-10,6.0945696000071157e-10
-15,100000000,85,-2.9100802239999999e-08,2.9100802239999999e-08
-15,100000000,86,-1.2351452800000001e-09,1.235145440000092e-09
-15,100000000,87,4.0141339360000002e-08,4.0141339360000002e-08
-15,100000000,88,-2.1313728000000001e-08,2.1313728160000018e-08
-15,100000000,89,9.9125776160000002e-08,9.9125776160000002e-08
-15,100000000,90,-2.9050955040000001e-08,2.9050955200000005e-08
-15,100000000,91,-1.5842711999999999e-08,1.5842711839999998e-08
-15,100000000,92,-1.519280336e-08,1.5192803520000001e-08
-15,100000000,93,-2.7427826879999999e-08,2.7427826880000015e-08
-15,100000000,94,1.126593232e-07,1.126593232e-07
-15,100000000,95,-2.0196676159999999e-08,2.0196676160000002e-08
-15,100000000,96,4.6438720959999998e-08,4.6438721120000002e-08
-15,100000000,97,1.0136609599999999e-09,1.0136609600000028e-09
-15,100000000,98,1.142135616e-07,1.1421356176e-07
-15,100000000,99,1.2745213376e-07,1.2745213391999999e-07
-15,100000000,0,-4.51140912e-09,4.5114089376000087e-09
-15,100000000,1,3.1973345599999998e-09,3.1973344720001269e-09
-15,100000000,2,-2.4227452159999998e-08,2.4227452179200005e-08
-15,100000000,3,3.1102338879999997e-08,3.11023389248e-08
-15,100000000,4,-5.1429805919999997e-08,5.1429805852800009e-08
-15,100000000,5,-8.5385558399999996e-09,8.5385558768000524e-09
-15,100000000,6,1.7626412591999999e-07,1.7626412582399998e-07
-15,100000000,7,1.94950112e-09,1.9495011712000029e-09
-15,100000000,8,1.0845131199999999e-08,1.0845131267200036e-08
-15,100000000,9,-3.2134623359999999e-08,3.2134623275200004e-08
-15,100000000,10,2.12370112e-09,2.1237012064000279e-09
-15,100000000,11,1.9722860799999999e-09,1.9722863584000974e-09
-15,100000000,12,6.6340938560000003e-08,6.6340938556800018e-08
-15,100000000,13,-2.4831057600000001e-08,2.4831057652800002e-08
-15,100000000,14,1.7498415680000001e-08,1.7498415609599999e-08
-15,100000000,15,-8.5621462400000005e-09,8.5621462528000183e-09
-15,100000000,16,-8.1223072000000002e-09,8.1223071184000059e-09
-15,100000000,17,5.3649187679999998e-08,5.3649187798400004e-08
-15,100000000,18,3.4629672959999999e-08,3.4629673033600002e-08
-15,100000000,19,7.9894383999999998e-10,7.9894398080001981e-10
-15,100000000,20,7.4780044799999993e-09,7.4780043376000015e-09
-15,100000000,21,-5.3924099199999999e-08,5.3924099206400001e-08
-15,100000000,22,-1.7848227999999999e-08,1.7848228113600001e-08
-15,100000000,23,1.5043579519999999e-08,1.5043579416000003e-08
-15,100000000,24,2.4780303999999999e-08,2.4780303939200007e-08
-15,100000000,25,-4.4446357120000002e-08,4.4446357014399995e-08
-15,100000000,26,3.1234801599999999e-09,3.1234802864000218e-09
-15,100000000,27,2.1893811679999999e-08,2.1893811727999996e-08
-15,100000000,28,3.5199631040000002e-08,3.5199631107200002e-08
-15,100000000,29,4.7834288000000003e-10,4.7834285440020692e-10
-15,100000000,30,3.1728878720000001e-08,3.17288789472e-08
-15,100000000,31,1.24197632e-08,1.2419763316800006e-08
-15,100000000,32,-4.624467216e-08,4.6244672118400002e-08
-15,100000000,33,7.2816412960000005e-08,7.2816412902400004e-08
-15,100000000,34,-8.6505368000000004e-09,8.6505367456000274e-09
-15,100000000,35,2.3854032000000001e-10,2.3854039040000248e-10
-15,100000000,36,6.2292511999999997e-09,6.2292510320000657e-09
-15,100000000,37,2.2162220384e-07,2.2162220405119999e-07
-15,100000000,38,6.7295327999999997e-09,6.7295327360000265e-09
-15,100000000,39,2.2302545280000001e-08,2.2302545390399999e-08
-15,100000000,40,3.3580046880000001e-08,3.3580046947199995e-08
-15,100000000,41,-1.5874257760000001e-08,1.5874257744000011e-08
-15,100000000,42,3.294333152e-08,3.2943331532800005e-08
-15,100000000,43,2.1421927728e-07,2.142192771584e-07
-15,100000000,44,1.052510736e-08,1.0525107398400012e-08
-15,100000000,45,-1.55442944e-09,1.5544291680000243e-09
-15,100000000,46,5.7044103999999998e-08,5.7044103886400002e-08
-15,100000000,47,9.0317081599999997e-09,9.0317082239999993e-09
-15,100000000,48,4.7198075359999998e-08,4.7198075515199992e-08
-15,100000000,49,-2.11987096e-08,2.11987094336e-08
-15,100000000,50,1.6286892e-07,1.6286892019040001e-07
-15,100000000,51,-1.373784176e-08,1.3737841651200016e-08
-15,100000000,52,1.6667908048e-07,1.6667908042719999e-07
-15,100000000,53,-6.2828965919999997e-08,6.2828965846400007e-08
-15,100000000,54,-2.1135070400000001e-09,2.1135069360002472e-09
-15,100000000,55,-5.0684887680000003e-08,5.0684887563200009e-08
-15,100000000,56,6.0552768639999995e-08,6.0552768804799995e-08
-15,100000000,57,-3.5678782559999999e-08,3.5678782448000009e-08
-15,100000000,58,-3.280768624e-08,3.2807686019200018e-08
-15,100000000,59,-1.1381262080000001e-08,1.1381262104000001e-08
-15,100000000,60,-1.22878656e-09,1.2287867728004321e-09
-15,100000000,61,-5.1581280640000003e-08,5.1581280401599999e-08
-15,100000000,62,8.2636674400000003e-08,8.2636674660800005e-08
-15,100000000,63,-2.8497626559999999e-08,2.8497626518400001e-08
-15,100000000,64,-5.5146355999999997e-08,5.5146355798400002e-08
-15,100000000,65,4.8933476799999999e-08,4.8933476819199999e-08
-15,100000000,66,3.2996164959999997e-08,3.2996164889600005e-08
-15,100000000,67,1.256105856e-08,1.2561058636800006e-08
-15,100000000,68,1.8412349216e-07,1.8412349209920002e-07
-15,100000000,69,-1.392028816e-08,1.3920288040000012e-08
-15,100000000,70,1.6793333279999999e-08,1.6793333241600005e-08
-15,100000000,71,8.4983006400000003e-08,8.4983006539199994e-08
-15,100000000,72,3.6051216959999997e-08,3.6051216961599996e-08
-15,100000000,73,-2.188085024e-08,2.1880850251200003e-08
-15,100000000,74,-4.1099108800000001e-09,4.1099110096000016e-09
-15,100000000,75,4.9417267199999999e-09,4.941726827200005e-09
-15,100000000,76,2.57726728e-08,2.577267297600006e-08
-15,100000000,77,2.4993747519999999e-08,2.4993747436800002e-08
-15,100000000,78,-2.2805020319999999e-08,2.280502026560001e-08
-15,100000000,79,6.12437584e-09,6.124376025600138e-09
-15,100000000,80,2.564842368e-08,2.5648423750400006e-08
-15,100000000,81,1.539659776e-08,1.5396597872e-08
-15,100000000,82,5.7416399999999998e-08,5.7416400187200023e-08
-15,100000000,83,1.1701020800000001e-09,1.1701023136004968e-09
-15,100000000,84,1.18238688e-08,1.1823868752000001e-08
-15,100000000,85,3.2047961599999998e-08,3.20479617136e-08
-15,100000000,86,1.7733613759999998e-08,1.7733613817600006e-08
-15,100000000,87,-1.0243328e-09,1.0243328960002986e-09
-15,100000000,88,-2.2324177599999999e-08,2.2324177542400021e-08
-15,100000000,89,2.377959488e-08,2.3779594947199998e-08
-15,100000000,90,2.2075726079999999e-08,2.2075726156799997e-08
-15,100000000,91,2.6279486399999999e-08,2.6279486323200002e-08
-15,100000000,92,9.1368396480000001e-08,9.13683966368e-08
-15,100000000,93,-7.8566604480000003e-08,7.8566604625600017e-08
-15,100000000,94,3.332108064e-08,3.3321080571200007e-08
-15,100000000,95,-9.5199164800000004e-09,9.5199165968000039e-09
-15,100000000,96,1.1360845759999999e-08,1.13608457568e-08
-15,100000000,97,-1.6685851679999999e-08,1.6685851609600004e-08
-15,100000000,98,-3.4969565600000002e-08,3.4969565502400002e-08
-15,100000000,99,-3.4321161599999999e-08,3.43211615984e-08
-15,1000000000000,0,1.4123249696768001e-07,1.4123249696768001e-07
-15,1000000000000,1,-3.7470586667007998e-08,3.7470586667007998e-08
-15,1000000000000,2,4.2587899822079997e-09,4.2587899822079997e-09
-15,1000000000000,3,-2.9558597222399999e-08,2.9558597222399999e-08
-15,1000000000000,4,4.8600953126912e-08,4.8600953126912e-08
-15,1000000000000,5,1.6214888022016002e-08,1.6214888022016002e-08
-15,1000000000000,6,9.0491513733119994e-09,9.0491513733119994e-09
-15,1000000000000,7,2.0710900236288e-08,2.0710900236288e-08
-15,1000000000000,8,-1.4376503083008e-08,1.4376503083008e-08
-15,1000000000000,9,-2.6297002885120001e-09,2.6297004195840001e-09
-15,1000000000000,10,3.9815870808064001e-08,3.9815870808064001e-08
-15,1000000000000,11,2.713665077248e-08,2.7136650641408001e-08
-15,1000000000000,12,1.2180833959936e-08,1.2180833959936e-08
-15,1000000000000,13,7.4843639906304004e-08,7.4843639906304004e-08
-15,1000000000000,14,1.3535649202176e-08,1.3535649202176e-08
-15,1000000000000,15,-1.5621930483712002e-08,1.5621930483712002e-08
-15,1000000000000,16,1.9015656013824e-08,1.9015656013824e-08
-15,1000000000000,17,7.7216753909759992e-09,7.7216753909759992e-09
-15,1000000000000,18,4.8617818947583997e-08,4.8617818947583997e-08
-15,1000000000000,19,5.3678548451328002e-08,5.3678548451328002e-08
-15,1000000000000,20,3.2190227415039998e-08,3.2190227415039998e-08
-15,1000000000000,21,5.1589854003199998e-08,5.1589853872128002e-08
-15,1000000000000,22,-1.8676611284992001e-08,1.8676611284992001e-08
-15,1000000000000,23,4.5304482627583997e-08,4.5304482627583997e-08
-15,1000000000000,24,-6.8582578585600004e-09,6.8582578585600004e-09
-15,1000000000000,25,-4.2327420960767999e-08,4.2327420960767999e-08
-15,1000000000000,26,5.9110807306239998e-09,5.9110807306239998e-09
-15,1000000000000,27,-3.0810558693375998e-08,3.0810558693375998e-08
-15,1000000000000,28,-2.6134517121024002e-08,2.6134517121024002e-08
-15,1000000000000,29,1.8416773234688e-08,1.8416773234688e-08
-15,1000000000000,30,7.4646475243519998e-09,7.4646475243519998e-09
-15,1000000000000,31,-8.2723920936960008e-09,8.2723920936960008e-09
-15,1000000000000,32,-2.4246667444223999e-08,2.4246667444223999e-08
-15,1000000000000,33,-7.5514354073599997e-10,7.5514354073599997e-10
-15,1000000000000,34,1.65994736123904e-07,1.65994736123904e-07
-15,1000000000000,35,-3.9174848380927997e-08,3.9174848380927997e-08
-15,1000000000000,36,-1.4027719704575999e-08,1.4027719704575999e-08
-15,1000000000000,37,5.8679430742016e-08,5.8679430742016e-08
-15,1000000000000,38,5.7376004898816e-08,5.7376004767743998e-08
-15,1000000000000,39,7.3795641409535999e-08,7.3795641409535999e-08
-15,1000000000000,40,1.01661312548864e-07,1.01661312548864e-07
-15,1000000000000,41,-2.4899017375744e-08,2.4899017375744e-08
-15,1000000000000,42,4.6543980068864e-08,4.6543980068864e-08
-15,1000000000000,43,-3.36913465344e-08,3.36913465344e-08
-15,1000000000000,44,9.2462918926336002e-08,9.2462918926336002e-08
-15,1000000000000,45,-3.2666092830719998e-08,3.2666092830719998e-08
-15,1000000000000,46,1.9734569667788799e-07,1.97345696546816e-07
-15,1000000000000,47,5.4043364818943998e-08,5.4043364818943998e-08
-15,1000000000000,48,-9.5302673367040004e-08,9.5302673498112e-08
-15,1000000000000,49,2.5744705191936e-08,2.5744705060864001e-08
-15,1000000000000,50,3.8569752736563198e-07,3.8569752736563198e-07
-15,1000000000000,51,-3.7925122211839998e-08,3.7925122211839998e-08
-15,1000000000000,52,-1.8041510297600001e-10,1.8041510297600001e-10
-15,1000000000000,53,1.17601698054144e-07,1.17601698054144e-07
-15,1000000000000,54,2.0934145081343999e-08,2.0934145081343999e-08
-15,1000000000000,55,1.6931951738879999e-08,1.6931951738879999e-08
-15,1000000000000,56,2.1884239871999998e-09,2.1884239871999998e-09
-15,1000000000000,57,2.9822943231999999e-11,2.9822943231999999e-11
-15,1000000000000,58,1.11983307784192e-07,1.11983307784192e-07
-15,1000000000000,59,2.4370476482559999e-08,2.4370476482559999e-08
-15,1000000000000,60,2.8242558582784001e-08,2.8242558582784001e-08
-15,1000000000000,61,3.135219695616e-09,3.135219695616e-09
-15,1000000000000,62,1.696691453952e-08,1.696691453952e-08
-15,1000000000000,63,4.8432223748096e-08,4.8432223748096e-08
-15,1000000000000,64,1.7840161056358401e-07,1.7840161056358401e-07
-15,1000000000000,65,1.0080216416255999e-08,1.0080216416255999e-08
-15,1000000000000,66,-2.81773637632e-08,2.81773637632e-08
-15,1000000000000,67,-3.8196277411839998e-08,3.8196277411839998e-08
-15,1000000000000,68,6.0945793679359995e-08,6.0945793679359995e-08
-15,1000000000000,69,3.3726243143679997e-08,3.3726243143679997e-08
-15,1000000000000,70,-2.2635354259456e-08,2.2635354259456e-08
-15,1000000000000,71,-1.195408359424e-08,1.1954083856384e-08
-15,1000000000000,72,-2.7289193807871999e-08,2.7289193807871999e-08
-15,1000000000000,73,-9.4392419614720004e-09,9.4392419614720004e-09
-15,1000000000000,74,-1.4433891254272e-08,1.4433891254272e-08
-15,1000000000000,75,-1.4127712305152e-08,1.4127712305152e-08
-15,1000000000000,76,-6.1954968780799998e-09,6.1954970091519997e-09
-15,1000000000000,77,3.106911551488e-08,3.106911551488e-08
-15,1000000000000,78,1.757011378176e-08,1.757011378176e-08
-15,1000000000000,79,-3.7942104162304003e-08,3.7942104162304003e-08
-15,1000000000000,80,2.5833226764287999e-08,2.5833226764287999e-08
-15,1000000000000,81,-6.6130209669120004e-08,6.6130209669120004e-08
-15,1000000000000,82,-1.01526108110848e-07,1.01526108110848e-07
-15,1000000000000,83,6.5604773478400005e-10,6.5604773478400005e-10
-15,1000000000000,84,3.4847771328512e-08,3.4847771328512e-08
-15,1000000000000,85,-2.4513998880767999e-08,2.4513998880767999e-08
-15,1000000000000,86,5.1111883702271999e-08,5.1111883702271999e-08
-15,1000000000000,87,-1.8045977886719999e-08,1.8045977886719999e-08
-15,1000000000000,88,-2.8857424936960001e-08,2.8857424936960001e-08
-15,1000000000000,89,-7.9735422976000002e-11,7.9735422976000002e-11
-15,1000000000000,90,-6.6167908073472006e-08,6.6167908073472006e-08
-15,1000000000000,91,-4.0339155451904003e-08,4.0339155451904003e-08
-15,1000000000000,92,1.12674256453632e-07,1.1267425632256e-07
-15,1000000000000,93,-9.9146431201279994e-09,9.9146431201279994e-09
-15,1000000000000,94,7.1564604211199998e-10,7.1564591104e-10
-15,1000000000000,95,-9.0860186501119998e-09,9.0860186501119998e-09
-15,1000000000000,96,-5.0771196641279998e-09,5.0771197951999998e-09
-15,1000000000000,97,1.9654811228569601e-07,1.9654811215462399e-07
-15,1000000000000,98,-3.9336265646080003e-08,3.9336265646080003e-08
-15,1000000000000,99,-5.4767664889855998e-08,5.4767664889855998e-08
-15,1000000000000,0,-3.5223121821696001e-08,3.5223121821696001e-08
-15,1000000000000,1,5.2997755869593595e-07,5.2997755869593595e-07
-15,1000000000000,2,1.272531648512e-09,1.272531648512e-09
-15,1000000000000,3,2.2516312073830399e-07,2.2516312073830399e-07
-15,1000000000000,4,1.7036148604928e-08,1.7036148604928e-08
-15,1000000000000,5,3.5315096223743998e-08,3.5315096223743998e-08
-15,1000000000000,6,3.1280503848959998e-08,3.1280503848959998e-08
-15,1000000000000,7,1.4784606896128001e-08,1.4784606896128001e-08
-15,1000000000000,8,2.6261194801152e-08,2.6261194801152e-08
-15,1000000000000,9,-5.8692452614143997e-08,5.8692452614143997e-08
-15,1000000000000,10,-1.68134180864e-09,1.68134180864e-09
-15,1000000000000,11,1.2478590183014401e-07,1.2478590183014401e-07
-15,1000000000000,12,-2.2818094579711999e-08,2.2818094710784002e-08
-15,1000000000000,13,1.6455131987967999e-08,1.6455131987967999e-08
-15,1000000000000,14,3.3173711880191998e-08,3.3173711880191998e-08
-15,1000000000000,15,1.4565206654976e-08,1.4565206654976e-08
-15,1000000000000,16,3.1239739932672002e-08,3.1239739932672002e-08
-15,1000000000000,17,1.66498807840768e-07,1.66498807840768e-07
-15,1000000000000,18,9.7574513541119993e-09,9.7574513541119993e-09
-15,1000000000000,19,1.3707846982041601e-07,1.3707846982041601e-07
-15,1000000000000,20,-1.5639940956160001e-08,1.5639940956160001e-08
-15,1000000000000,21,-8.6242455715840006e-09,8.6242455715840006e-09
-15,1000000000000,22,8.8794553384960006e-09,8.8794553384960006e-09
-15,1000000000000,23,4.357195563008e-08,4.357195563008e-08
-15,1000000000000,24,3.2853145288704e-08,3.2853145288704e-08
-15,1000000000000,25,4.8256409927679998e-09,4.8256409927679998e-09
-15,1000000000000,26,5.1924377010176002e-08,5.1924377010176002e-08
-15,1000000000000,27,1.6101816139775999e-08,1.6101816008704e-08
-15,1000000000000,28,-3.5994108690432e-08,3.5994108690432e-08
-15,1000000000000,29,1.0582713696255999e-08,1.0582713696255999e-08
-15,1000000000000,30,1.0016062439424001e-08,1.0016062439424001e-08
-15,1000000000000,31,-3.0533323718655998e-08,3.0533323718655998e-08
-15,1000000000000,32,-3.9935032164352003e-08,3.9935032164352003e-08
-15,1000000000000,33,1.6712164048896001e-07,1.6712164048896001e-07
-15,1000000000000,34,4.8210092883968e-08,4.8210092883968e-08
-15,1000000000000,35,-2.8469748301824e-08,2.8469748301824e-08
-15,1000000000000,36,7.2301228851199997e-09,7.2301227540479997e-09
-15,1000000000000,37,9.6932097294336e-08,9.6932097294336e-08
-15,1000000000000,38,1.0548963416473601e-07,1.0548963416473601e-07
-15,1000000000000,39,6.2643936952319999e-09,6.2643936952319999e-09
-15,1000000000000,40,-3.3644969459711999e-08,3.3644969459711999e-08
-15,1000000000000,41,1.0567381680128e-08,1.0567381680128e-08
-15,1000000000000,42,-4.110660534272e-09,4.110660534272e-09
-15,1000000000000,43,-1.6358359433215999e-08,1.6358359433215999e-08
-15,1000000000000,44,-2.8375575298048e-08,2.8375575298048e-08
-15,1000000000000,45,4.2074978385920001e-08,4.2074978385920001e-08
-15,1000000000000,46,1.8304134807552e-08,1.8304134807552e-08
-15,1000000000000,47,1.4395598726758401e-07,1.4395598726758401e-07
-15,1000000000000,48,4.7239034044416e-08,4.7239034044416e-08
-15,1000000000000,49,1.617858101248e-07,1.617858101248e-07
-15,1000000000000,50,-7.0315452661760003e-09,7.0315452661760003e-09
-15,1000000000000,51,-2.2511216623616002e-08,2.2511216623616002e-08
-15,1000000000000,52,-2.8684525895680001e-08,2.8684525895680001e-08
-15,1000000000000,53,1.4555973025792e-08,1.4555973025792e-08
-15,1000000000000,54,8.841697296384e-09,8.841697296384e-09
-15,1000000000000,55,2.6400744275968e-08,2.6400744275968e-08
-15,1000000000000,56,2.6751557173248001e-08,2.6751557173248001e-08
-15,1000000000000,57,2.4808174649343999e-08,2.4808174518272e-08
-15,1000000000000,58,9.9092316815359993e-09,9.9092316815359993e-09
-15,1000000000000,59,-1.3579643518976e-08,1.3579643518976e-08
-15,1000000000000,60,-1.2235545116672001e-08,1.2235545247744e-08
-15,1000000000000,61,8.6167464837119997e-08,8.6167464837119997e-08
-15,1000000000000,62,6.2350475395071997e-08,6.2350475264000001e-08
-15,1000000000000,63,-4.0196035706880003e-08,4.0196035706880003e-08
-15,1000000000000,64,5.1574148169728002e-08,5.1574148169728002e-08
-15,1000000000000,65,-2.7452920299520001e-08,2.7452920299520001e-08
-15,1000000000000,66,-9.2126144102400003e-09,9.2126144102400003e-09
-15,1000000000000,67,-8.4902161940480001e-09,8.4902161940480001e-09
-15,1000000000000,68,-2.956431130624e-08,2.956431130624e-08
-15,1000000000000,69,1.3880217174015999e-08,1.3880217174015999e-08
-15,1000000000000,70,7.879742193664e-08,7.879742193664e-08
-15,1000000000000,71,3.5713129906175999e-08,3.5713129775104003e-08
-15,1000000000000,72,5.5322151747584003e-08,5.5322151747584003e-08
-15,1000000000000,73,-2.6739892813824e-08,2.6739892813824e-08
-15,1000000000000,74,1.56936414035968e-07,1.56936413904896e-07
-15,1000000000000,75,2.488373870592e-08,2.488373870592e-08
-15,1000000000000,76,-8.533688844288e-09,8.533688844288e-09
-15,1000000000000,77,-3.9111043317759997e-09,3.9111043317759997e-09
-15,1000000000000,78,2.6297806487552002e-08,2.6297806487552002e-08
-15,1000000000000,79,-2.9311033147391999e-08,2.9311033147391999e-08
-15,1000000000000,80,6.5884994928640001e-09,6.5884993617920001e-09
-15,1000000000000,81,-1.5366309937152001e-08,1.5366309937152001e-08
-15,1000000000000,82,8.3816589295616001e-08,8.3816589295616001e-08
-15,1000000000000,83,-6.8803436216320003e-09,6.8803436216320003e-09
-15,1000000000000,84,-5.5025426759679998e-09,5.5025426759679998e-09
-15,1000000000000,85,7.3307043397632e-08,7.3307043397632e-08
-15,1000000000000,86,-3.4595648307200001e-09,3.4595649617920001e-09
-15,1000000000000,87,2.566892814336e-09,2.566892814336e-09
-15,1000000000000,88,1.2554418782208001e-08,1.2554418782208001e-08
-15,1000000000000,89,1.02839997956096e-07,1.02839997956096e-07
-15,1000000000000,90,-2.6121080668160001e-09,2.6121080668160001e-09
-15,1000000000000,91,-6.4872343142400003e-08,6.4872343142400003e-08
-15,1000000000000,92,4.3675382972416e-08,4.3675382972416e-08
-15,1000000000000,93,2.0696272207872e-08,2.06962720768e-08
-15,1000000000000,94,-3.2555081269248003e-08,3.2555081269248003e-08
-15,1000000000000,95,5.7122277031936e-08,5.7122277031936e-08
-15,1000000000000,96,1.93580676677632e-07,1.9358067654656001e-07
-15,1000000000000,97,-3.1120877682687997e-08,3.1120877682687997e-08
-15,1000000000000,98,1.0237573922815999e-07,1.0237573922815999e-07
-15,1000000000000,99,-4.1805603012607999e-08,4.1805603143680002e-08
-15,1000000000000,0,4.5601972420607999e-08,4.560197252022272e-08
-15,1000000000000,1,-4.1173596110847998e-08,4.1173596113469439e-08
-15,1000000000000,2,1.1216243431833599e-07,1.1216243433406464e-07
-15,1000000000000,3,1.1279985803264e-08,1.127998581374976e-08
-15,1000000000000,4,2.6611137904640002e-09,2.6611138009497614e-09
-15,1000000000000,5,6.4874124804096002e-08,6.4874124699238392e-08
-15,1000000000000,6,-2.6098040569855999e-08,2.609804053577728e-08
-15,1000000000000,7,-1.7936312958976e-08,1.793631290130432e-08
-15,1000000000000,8,-1.6030292901888001e-08,1.6030292888780798e-08
-15,1000000000000,9,1.4217553562828801e-07,1.4217553572003841e-07
-15,1000000000000,10,-7.8881703985152005e-08,7.8881704037580803e-08
-15,1000000000000,11,-8.4614541475839995e-09,8.4614540846694395e-09
-15,1000000000000,12,-9.6454368296960007e-09,9.6454369397964798e-09
-15,1000000000000,13,1.337576259584e-08,1.3375762716426241e-08
-15,1000000000000,14,-1.3260833292288e-08,1.3260833255587839e-08
-15,1000000000000,15,1.03007346622464e-07,1.0300734673780736e-07
-15,1000000000000,16,1.1615998836736e-08,1.1615998771200001e-08
-15,1000000000000,17,1.4740025075302401e-07,1.4740025077923841e-07
-15,1000000000000,18,2.0005742313471999e-08,2.00057421824e-08
-15,1000000000000,19,2.6902565617663999e-08,2.6902565788057603e-08
-15,1000000000000,20,-8.3420816343039996e-09,8.3420817391616013e-09
-15,1000000000000,21,4.4876045615103999e-08,4.4876045641318398e-08
-15,1000000000000,22,-1.7709274628096002e-08,1.7709274633338877e-08
-15,1000000000000,23,4.7013646172160002e-08,4.7013646164295678e-08
-15,1000000000000,24,3.3898258366464e-08,3.3898258272092162e-08
-15,1000000000000,25,2.6909527769088002e-08,2.6909527669473277e-08
-15,1000000000000,26,-2.5577492054015998e-08,2.5577491875758077e-08
-15,1000000000000,27,8.8212031406080005e-09,8.8212030724505614e-09
-15,1000000000000,28,1.7750780411904e-08,1.7750780485304322e-08
-15,1000000000000,29,-3.2601580503039999e-09,3.2601579087462407e-09
-15,1000000000000,30,-9.4066173542399995e-09,9.4066173935615999e-09
-15,1000000000000,31,-3.6891865120768003e-08,3.6891865076203521e-08
-15,1000000000000,32,6.2398945951743995e-08,6.2398945922908161e-08
-15,1000000000000,33,2.46357777186816e-07,2.4635777706622974e-07
-15,1000000000000,34,6.9693637918719996e-09,6.9693637656576005e-09
-15,1000000000000,35,-3.3714740920320002e-09,3.3714741995110418e-09
-15,1000000000000,36,6.0376935301119997e-09,6.0376936795340801e-09
-15,1000000000000,37,1.9862259105792e-07,1.9862259103432703e-07
-15,1000000000000,38,1.0218211115008e-07,1.0218211117367296e-07
-15,1000000000000,39,-6.3596622381055998e-08,6.3596622514749442e-08
-15,1000000000000,40,1.19440564289536e-07,1.1944056419254271e-07
-15,1000000000000,41,1.3872193470464e-08,1.3872193664450559e-08
-15,1000000000000,42,-2.8170012983295998e-08,2.8170012941352958e-08
-15,1000000000000,43,6.2609764646911997e-08,6.260976470982656e-08
-15,1000000000000,44,2.895863087104e-09,2.8958630320537609e-09
-15,1000000000000,45,-6.9303798333439997e-09,6.9303797940224001e-09
-15,1000000000000,46,-1.5836770861055999e-08,1.5836770858434561e-08
-15,1000000000000,47,3.4287479422975999e-08,3.4287479533076478e-08
-15,1000000000000,48,2.6612009533439998e-09,2.6612009795584015e-09
-15,1000000000000,49,6.4219916533759997e-08,6.4219916759203838e-08
-15,1000000000000,50,-2.2979641344000001e-08,2.2979641399050237e-08
-15,1000000000000,51,2.51028307968e-09,2.5102830482227209e-09
-15,1000000000000,52,6.0037828050943999e-08,6.0037828189880325e-08
-15,1000000000000,53,1.6594249449472001e-08,1.6594249373450242e-08
-15,1000000000000,54,-2.8673257504768e-08,2.8673257565061123e-08
-15,1000000000000,55,7.9653727895551996e-08,7.9653727947980794e-08
-15,1000000000000,56,1.7676661555199999e-08,1.767666152374272e-08
-15,1000000000000,57,-1.7652404322303998e-08,1.7652404340654077e-08
-15,1000000000000,58,3.3975765565439998e-09,3.3975764543078399e-09
-15,1000000000000,59,-5.7372293070848003e-08,5.7372293042012156e-08
-15,1000000000000,60,-1.2305245929471999e-08,1.2305245934714882e-08
-15,1000000000000,61,-1.14084675584e-09,1.1408468187545641e-09
-15,1000000000000,62,2.3574416103833599e-07,2.357441609728e-07
-15,1000000000000,63,9.1031850057727998e-08,9.1031850157342725e-08
-15,1000000000000,64,-1.0798588231680001e-08,1.079858801410048e-08
-15,1000000000000,65,8.9229873643520005e-09,8.9229874115379213e-09
-15,1000000000000,66,7.4307474030592002e-08,7.430747390738431e-08
-15,1000000000000,67,1.40922746830848e-07,1.4092274677841918e-07
-15,1000000000000,68,8.6807347593215997e-08,8.68073474883584e-08
-15,1000000000000,69,-3.5409384046592e-08,3.5409384211742719e-08
-15,1000000000000,70,2.8024524465766401e-07,2.8024524469960701e-07
-15,1000000000000,71,3.3184897826815997e-08,3.3184898018181122e-08
-15,1000000000000,72,-1.6658182045695999e-08,1.6658181995888642e-08
-15,1000000000000,73,4.1505261105971201e-07,4.1505261110427648e-07
-15,1000000000000,74,-2.0605626875904002e-08,2.0605626820853759e-08
-15,1000000000000,75,2.8598701654016e-08,2.859870171693056e-08
-15,1000000000000,76,6.7374685487104006e-08,6.7374685536911357e-08
-15,1000000000000,77,5.1237630771199996e-10,5.1237632081920069e-10
-15,1000000000000,78,5.6925975347200001e-08,5.6925975292149755e-08
-15,1000000000000,79,-2.7482019856383999e-08,2.7482019848519679e-08
-15,1000000000000,80,-6.7572421885952003e-08,6.7572421969838083e-08
-15,1000000000000,81,4.2230751166464003e-08,4.2230751176949755e-08
-15,1000000000000,82,1.1501581369344e-07,1.1501581367771136e-07
-15,1000000000000,83,-6.7197347692544002e-08,6.7197347750215683e-08
-15,1000000000000,84,1.70520955322368e-07,1.7052095537479677e-07
-15,1000000000000,85,1.8801082525286401e-07,1.8801082515849215e-07
-15,1000000000000,86,-3.3294898954239997e-08,3.3294898938511363e-08
-15,1000000000000,87,1.4977044316160001e-08,1.497704424538112e-08
-15,1000000000000,88,1.4094907644313599e-07,1.4094907637759999e-07
-15,1000000000000,89,-6.9013211185152001e-08,6.9013211151073284e-08
-15,1000000000000,90,7.1897446612992002e-08,7.189744659464192e-08
-15,1000000000000,91,2.6582730932224001e-08,2.6582730829987839e-08
-15,1000000000000,92,-5.0346861264896001e-08,5.0346861246545919e-08
-15,1000000000000,93,4.1458923732991998e-08,4.1458923843092477e-08
-15,1000000000000,94,1.9574230614016001e-08,1.9574230781788161e-08
-15,1000000000000,95,6.4610058213785603e-07,6.4610058221649923e-07
-15,1000000000000,96,-3.7224723251200001e-09,3.7224721652121601e-09
-15,1000000000000,97,4.4896349847552002e-08,4.4896349685022718e-08
-15,1000000000000,98,6.1610249420799996e-08,6.1610249525657606e-08
-15,1000000000000,99,8.5796429234176e-08,8.5796429312819197e-08
